time_s,linear_mps,angular_rps
45.277594831,0.015,0.0
45.312899216,0.015,0.0
45.35270553,0.015,0.0
45.427039276,0.015,0.0
45.492063379,0.015,0.0
45.550458879,0.015,0.0
45.587016989,0.015,0.0
45.640436187,0.015,0.0
45.677533664,0.015,0.0
45.738810492,0.015,0.0
45.824192675,0.015,0.0
45.86226828,0.015,0.0
45.900488929,0.015,0.0
45.956416589,0.015,0.0
45.973366946,0.015,0.0
45.986338849,0.015,0.0
45.994630139,0.015,0.0
46.003859971,0.015,0.0
46.012044967,0.015,0.0
46.019038837,0.015,0.0
46.031435875,0.015,0.0
46.03671805,0.015,0.0
46.04614457,0.015,0.0
46.054163177,0.015,0.0
46.059749233,0.015,0.0
46.070712859,0.015,0.0
46.080562353,0.015,0.0
46.091231997,0.015,0.0
46.097927485,0.015,0.0
46.109747558,0.015,0.0
46.117385888,0.015,0.0
46.123185931,0.015,0.0
46.131752004,0.015,0.0
46.138402195,0.015,0.0
46.143118405,0.015,0.0
46.155639335,0.015,0.0
46.161158396,0.015,0.0
46.17294727,0.015,0.0
46.177890266,0.015,0.0
46.184966531,0.015,0.0
46.198460701,0.015,0.0
46.202294365,0.015,0.0
46.207495245,0.015,0.0
46.218989339,0.015,0.0
46.224493,0.015,0.0
46.232903883,0.015,0.0
46.242262107,0.015,0.0
46.250785383,0.015,0.0
46.259636238,0.015,0.0
46.270511669,0.015,0.0
46.280722941,0.015,0.0
46.289495702,0.015,0.0
46.295344842,0.015,0.0
46.307553191,0.015,0.0
46.314058991,0.015,0.0
46.325057214,0.015,0.0
46.332426661,0.015,0.0
46.343885556,0.015,0.0
46.3513103,0.015,0.0
46.359122219,0.015,0.0
46.371191377,0.015,0.0
46.378179647,0.015,0.0
46.387471975,0.015,0.0
46.397274772,0.015,0.0
46.40316981,0.015,0.0
46.41568094,0.015,0.0
46.42202555,0.015,0.0
46.433807725,0.015,0.0
46.43957727,0.015,0.0
46.446389951,0.015,0.0
46.459076271,0.015,0.0
46.464983308,0.015,0.0
46.474590417,0.014068327300000192,-0.027950180999994245
46.482804912,0.013275196099996264,-0.051744117000112055
46.489830079,0.01252243240000098,-0.0743270279999706
46.50152416,0.011326685899998665,-0.11019942300004004
46.507810574,0.010721153199997389,-0.12836540400007834
46.519459257,0.01,-0.16333635299997695
46.52395728,0.01,-0.17629195800009256
46.5317602,0.01,-0.20022148500009962
46.543190597,0.01,-0.23482945799997879
46.549346519,0.01,-0.2534829090001267
46.554138024,0.01,-0.26717916600000535
46.565940998,0.01,-0.30121147500000234
46.572015624,0.01,-0.3197638320000351
46.585452398,0.01,-0.3611609849999695
46.59013611,0.01,-0.37652574000009054
46.604175546,0.01,-0.4166779710001265
46.612798116,0.01,-0.4433862300000442
46.61841717,0.01,-0.45
46.631289579,0.01,-0.45
46.637736082,0.01,-0.45
46.648837399,0.01,-0.45
46.656560624,0.01,-0.45
46.662349368,0.01,-0.45
46.675281273,0.01,-0.45
46.683414472,0.00921811809999781,-0.4187247239999124
46.697633498,0.007782806300000402,-0.3613122520000161
46.702820579,0.007226170599998341,-0.33904682399993363
46.715031628,0.006015195100000028,-0.3
46.723244623,0.006,-0.3
46.72913326,0.006,-0.3
46.738388991,0.006,-0.3
46.749705495,0.006,-0.3
46.759468394,0.006,-0.3
46.767365409,0.006,-0.3
46.773731717,0.006,-0.3
46.787412976,0.006,-0.3
46.791471826,0.006,-0.3
46.805812544,0.006,-0.3
46.814605603,0.006,-0.3
46.823195575,0.006,-0.3
46.83107169,0.006,-0.3
46.838454536,0.006,-0.3
46.847039708,0.006,-0.3
46.854750932,0.006,-0.3
46.860947741,0.006,-0.3
46.872645503,0.006,-0.3
46.878129158,0.006,-0.3
46.889711827,0.006,-0.3
46.900153469,0.006,-0.3
46.91028163,0.006,-0.3
46.915483202,0.006,-0.3
46.925119994,0.006,-0.3
46.9342026,0.006,-0.3
46.941860774,0.006,-0.3
46.947418981,0.006,-0.3
46.962722527,0.006,-0.3
46.965816521,0.006,-0.3
46.9774526,0.006,-0.3
46.987094227,0.006,-0.3
46.997059894,0.006,-0.3
47.002285459,0.006,-0.3
47.009241443,0.006,-0.3
47.017524297,0.006,-0.3
47.026225903,0.006,-0.3
47.033804867,0.006,-0.3
47.045819295,0.006,-0.3
47.052356927,0.006,-0.3
47.06850238,0.006,-0.3
47.084106264,0.006,-0.3
47.08784684,0.006,-0.3
47.094692811,0.006,-0.3
47.104799696,0.006,-0.3
47.112951033,0.006,-0.3
47.121145975,0.006,-0.3
47.126744487,0.006,-0.3
47.135244068,0.006,-0.3
47.147092775,0.006,-0.3
47.156287144,0.006,-0.3
47.16923209,0.006,-0.3
47.173665554,0.006,-0.3
47.179716424,0.006,-0.3
47.192252618,0.006,-0.3
47.196606072,0.006,-0.3
47.205443595,0.006,-0.3
47.213005357,0.006,-0.3
47.222375449,0.006,-0.3
47.230671504,0.006,-0.3
47.243050178,0.006,-0.3
47.24817863,0.006,-0.3
47.256782725,0.006,-0.3
47.261316301,0.006,-0.3
47.27034815,0.006,-0.3
47.279373998,0.006,-0.3
47.289500485,0.006,-0.3
47.298062874,0.006,-0.3
47.306978908,0.006,-0.3
47.31147418,0.006,-0.3
47.323286382,0.006,-0.3
47.332119606,0.006,-0.3
47.341013337,0.006,-0.3
47.347200124,0.006,-0.3
47.355409868,0.006,-0.3
47.365461846,0.006,-0.3
47.375284895,0.006,-0.3
47.384771702,0.006,-0.3
47.393525915,0.006,-0.3
47.400105052,0.006,-0.3
47.41377169,0.006,-0.3
47.421438265,0.006,-0.3
47.431248112,0.006,-0.3
47.437879856,0.006,-0.3
47.444845842,0.006,-0.3
47.454068515,0.006,-0.3
47.462797425,0.006,-0.3
47.472956517,0.006,-0.3
47.48037606,0.006,-0.3
47.486953597,0.006,-0.3
47.49940288,0.006,-0.3
47.507104059,0.006,-0.3
47.517398969,0.006,-0.3
47.522885767,0.006,-0.3
47.532158646,0.006,-0.3
47.541688258,0.006,-0.3
47.550536183,0.006,-0.3
47.55869032,0.006,-0.3
47.566897864,0.006,-0.3
47.573075449,0.006,-0.3
47.587868031,0.006,-0.3
47.605338553,0.006,-0.3
47.611561944,0.006,-0.3
47.617408488,0.006,-0.3
47.631234646,0.006,-0.3
47.638302345,0.006,-0.3
47.646795125,0.006,-0.3
47.651862169,0.006,-0.3
47.661802833,0.006,-0.3
47.670558947,0.006,-0.3
47.677958088,0.006396730450000859,-0.26826156399993123
47.686719602,0.006874506200000269,-0.23003950399997847
47.694856637,0.007281567949999385,-0.1974745640000492
47.702261579,0.007646134349999784,-0.16830925200001728
47.714323313,0.008189013349999413,-0.1248789320000469
47.720270469,0.008551904500001001,-0.09584763999991991
47.730360552,0.009045967349999046,-0.05632261200007632
47.740198403,0.009493244250000771,-0.02054045999993831
47.747948689,0.009927394449999611,0.0
47.7574736,0.01,0.0
47.766446942,0.01,0.0
47.773418628,0.01,0.0
47.783587121,0.01,0.0
47.788635964,0.01,0.0
47.796802302,0.01,0.0
47.805613623,0.01,0.0
47.813404314,0.01,0.0
47.826094027,0.01,0.0
47.834488095,0.01,0.0
47.845822036,0.01,0.0
47.861731047,0.01,0.0
47.87361134,0.01,0.0
47.879716407,0.01,0.0
47.889238903,0.01,0.0
47.902317647,0.01,0.0
47.909989811,0.01,0.0
47.92351381,0.01,0.0
47.929460557,0.01,0.0
47.938034534,0.01,0.0
47.947424814,0.01,0.0
47.960914509,0.01,0.0
47.970677236,0.01,0.0
47.978744649,0.01,0.0
47.983434138,0.01,0.0
47.996932834,0.01,0.0
48.003527563,0.01,0.0
48.016980853,0.01,0.0
48.024746829,0.01,0.0
48.032957261,0.01,0.0
48.04561025,0.01,0.0
48.056491918,0.01,0.0
48.07425965,0.01,0.0
48.081330138,0.01,0.0
48.094446086,0.01,0.0
48.108413041,0.01,0.0
48.121490584,0.01,0.0
48.144241943,0.01,0.0
48.151875502,0.01,0.0
48.168010629,0.01,0.0
48.17597333,0.01,0.0
48.196332888,0.01,0.0
48.217341428,0.01,0.0
48.222080323,0.01,0.0
48.231731536,0.01,0.0
48.24832382,0.01,0.0
48.25445219,0.01,0.0
48.264989914,0.01,0.0
48.272890607,0.01,0.0
48.285315668,0.01,0.0
48.29074435,0.01,0.0
48.302265298,0.01,0.0
48.308543287,0.01,0.0
48.318255007,0.01,0.0
48.32679718,0.01,0.0
48.333915574,0.01,0.0
48.339615191,0.01,0.0
48.354716488,0.01,0.0
48.360316392,0.01,0.0
48.376079972,0.01,0.0
48.382997641,0.01,0.0
48.395282785,0.01,0.0
48.400596553,0.01,0.0
48.412955605,0.01,0.0
48.418190663,0.01,0.0
48.427473529,0.01,0.0
48.436684687,0.01,0.0
48.445050538,0.01,0.0
48.454727254,0.01,0.0
48.463317933,0.01,0.0
48.471156118,0.01,0.0
48.48239873,0.01,0.0
48.48860071,0.01,0.0
48.5044422,0.01,0.0
48.509401423,0.01,0.0
48.522014208,0.01,0.0
48.527784633,0.01,0.0
48.54049423,0.01,0.0
48.545332138,0.01,0.0
48.558605105,0.01,0.0
48.564937801,0.01,0.0
48.573187938,0.01,0.0
48.582331286,0.01,0.0
48.589832929,0.01,0.0
48.595435733,0.01,0.0
48.606519026,0.01,0.0
48.612865923,0.01,0.0
48.624717512,0.01,0.0
48.631632081,0.01,0.0
48.643689696,0.01,0.0
48.651378462,0.01,0.0
48.664323288,0.01,0.0
48.669840381,0.01,0.0
48.679252164,0.01,0.0
48.686744505,0.01,0.0
48.694410669,0.01,0.0
48.701274431,0.01,0.0
48.713550173,0.01,0.0
48.718413084,0.01,0.0
48.731118181,0.01,0.0
48.737059927,0.01,0.0
48.751228307,0.01,0.0
48.75705804,0.01,0.0
48.767123105,0.01,0.0
48.775834199,0.01,0.0
48.78427566,0.01,0.0
48.789719244,0.01,0.0
48.803107226,0.01,0.0
48.810108105,0.01,0.0
48.821854681,0.01,0.0
48.82637895,0.01,0.0
48.839490897,0.01,0.0
48.845699777,0.01,0.0
48.856462625,0.01,0.0
48.866946927,0.01,0.0
48.873020181,0.01,0.0
48.884231072,0.01,0.0
48.894418537,0.01,0.0
48.899630084,0.01,0.0
48.909477206,0.01,0.0
48.914460625,0.01,0.0
48.926297494,0.01,0.0
48.933553795,0.01,0.0
48.94277604,0.01,0.0
48.952634264,0.01,0.0
48.960843083,0.01,0.0
48.970694706,0.01,0.0
48.97717811,0.01,0.0
48.98450922,0.01,0.0
48.998696382,0.01,0.0
49.003480275,0.01,0.0
49.013716846,0.01,0.0
49.020066234,0.01,0.0
49.02800932,0.01,0.0
49.040386357,0.01,0.0
49.050740242,0.01,0.0
49.06031183,0.01,0.0
49.068584257,0.01,0.0
49.074804629,0.01,0.0
49.084662153,0.01,0.0
49.093128104,0.01,0.0
49.108410901,0.01,0.0
49.113816572,0.01,0.0
49.124541704,0.01,0.0
49.132473788,0.01,0.0
49.142332312,0.01,0.0
49.15077126,0.01,0.0
49.158276391,0.01,0.0
49.164237631,0.01,0.0
49.175810968,0.01,0.0
49.180427941,0.01,0.0
49.193701889,0.01,0.0
49.199141564,0.01,0.0
49.209030892,0.01,0.0
49.221037582,0.01,0.0
49.22617702,0.01,0.0
49.232976564,0.01,0.0
49.243669792,0.01,0.0
49.251037606,0.01,0.0
49.261874052,0.01,0.0
49.268070421,0.01,0.01624341599995205
49.27620403,0.01,0.04094578500001944
49.283642854,0.01,0.06594638699993993
49.292584764,0.01,0.09186930599997822
49.297442567,0.01,0.10667254200001253
49.309022304,0.01,0.13851639599994314
49.314665605,0.01,0.15868339799999376
49.327400486,0.01,0.18
49.333833584,0.01,0.18
49.345903083,0.01,0.18
49.349860774,0.01,0.18
49.358806584,0.01,0.18
49.367210228,0.01,0.18
49.37625365,0.01,0.18
49.382993187,0.01,0.18
49.39687331,0.01,0.18
49.404278529,0.01,0.18
49.416218811,0.01,0.18
49.423305691,0.01,0.18
49.434301756,0.01,0.18
49.439507702,0.01,0.18
49.447970753,0.01,0.18
49.458370844,0.01,0.18
49.465791965,0.01,0.18
49.470002688,0.01,0.18
49.482931193,0.01,0.18
49.48822425,0.01,0.18
49.501486796,0.01,0.18
49.506931172,0.01,0.18
49.520716183,0.01,0.18
49.526687125,0.01,0.18
49.535379904,0.01,0.18
49.544304011,0.01,0.18
49.555055646,0.01,0.18
49.563388981,0.01,0.18
49.571418677,0.01,0.18
49.577272604,0.01,0.18
49.588853542,0.01,0.18
49.594655162,0.01,0.18
49.60583545,0.01,0.18
49.611948109,0.01,0.18
49.621687418,0.01,0.18
49.630016652,0.01,0.18
49.638935459,0.01,0.18
49.642791337,0.01,0.18
49.654874037,0.01,0.18
49.660690059,0.01,0.18
49.674670195,0.01,0.18
49.680787154,0.01,0.18
49.693364815,0.01,0.18
49.697960886,0.01,0.18
49.712082039,0.01,0.18
49.720550287,0.01,0.18
49.732839914,0.01,0.18
49.73720391,0.01,0.18
49.748689175,0.01,0.18
49.755060878,0.01,0.18
49.76468523,0.01,0.18
49.769073925,0.01,0.18
49.780099311,0.01,0.18
49.788313928,0.01,0.18
49.800664453,0.01,0.18
49.806270591,0.01,0.18
49.814286318,0.01,0.18
49.824674633,0.01,0.18
49.833821307,0.01,0.18
49.84405453,0.01,0.18
49.852693527,0.01,0.18
49.860291863,0.01,0.18
49.871361931,0.01,0.18
49.878611482,0.01,0.18
49.893169382,0.01,0.18
49.898785612,0.01,0.18
49.91276814,0.01,0.18
49.918300273,0.01,0.18
49.930815572,0.01,0.18
49.93624501,0.01,0.18
49.946061138,0.01,0.18
49.956857819,0.01,0.18
49.966834939,0.01,0.18
49.976466976,0.01,0.18
49.987274456,0.01,0.18
49.993146774,0.01,0.18
50.001406177,0.01,0.18
50.008356842,0.01,0.18
50.019995582,0.01,0.18
50.025918098,0.01,0.18
50.03708796,0.01,0.18
50.0425031,0.01,0.18
50.053256983,0.01,0.18
50.061974764,0.01,0.18
50.070715743,0.01,0.18
50.080099592,0.01,0.18
50.090676183,0.01,0.18
50.096799089,0.01,0.18
50.109701168,0.01,0.18
50.116119059,0.01,0.18
50.126897041,0.01,0.18
50.132082492,0.01,0.18
50.14126915,0.01,0.18
50.148590898,0.01,0.18
50.15832493,0.01,0.18
50.167807574,0.01,0.18
50.177272218,0.01,0.18
50.182713857,0.01,0.18
50.195049963,0.01,0.18
50.200208515,0.01,0.18
50.212710814,0.01,0.18
50.218837719,0.01,0.18
50.226867433,0.01,0.18
50.235323026,0.01,0.18
50.245078657,0.01,0.18
50.248693683,0.01,0.18
50.259078084,0.01,0.18
50.265904356,0.01,0.18
50.277922078,0.01,0.18
50.285267024,0.01,0.18
50.298840272,0.01,0.18
50.306895584,0.01,0.18
50.315119689,0.01,0.18
50.324892019,0.01,0.18
50.334678648,0.01,0.18
50.342372678,0.01,0.18
50.351292349,0.01,0.18
50.35834151,0.01,0.18
50.367931849,0.01,0.18
50.374191048,0.01,0.18
50.385663196,0.01,0.18
50.393004743,0.01,0.18
50.402686077,0.01,0.18
50.412565702,0.01,0.18
50.422115543,0.01,0.18
50.430466041,0.01,0.18
50.437751291,0.01,0.18
50.446160286,0.01,0.18
50.456075609,0.01,0.18
50.463018675,0.01,0.18
50.473278082,0.01,0.18
50.478483032,0.01,0.18
50.487202812,0.01,0.18
50.496634359,0.01,0.18
50.505067953,0.01,0.18
50.511615538,0.01,0.18
50.521638856,0.01,0.18
50.527571371,0.01,0.18
50.538439748,0.01,0.18
50.5436063,0.01,0.18
50.552929551,0.01,0.18
50.563119661,0.01,0.18
50.572639103,0.01,0.18
50.581758365,0.01,0.18
50.591534994,0.01,0.18
50.597675199,0.01,0.18
50.613119456,0.01,0.18
50.619804235,0.01,0.18
50.632135542,0.01,0.18
50.637209098,0.01,0.18
50.649254418,0.01,0.18
50.655237831,0.01,0.18
50.661820414,0.01,0.18
50.670691687,0.01,0.18
50.682059041,0.01,0.18
50.690128553,0.01,0.18
50.700960232,0.01,0.18
50.705713403,0.01,0.18
50.719600035,0.01,0.18
50.725930031,0.01,0.18
50.736641616,0.01,0.18
50.741650775,0.01,0.18
50.749380303,0.01,0.18
50.761671812,0.01,0.18
50.768804469,0.01,0.18
50.779839138,0.01,0.18
50.788601417,0.01,0.18
50.799039215,0.01,0.18
50.809576108,0.01,0.18
50.819681722,0.01,0.18
50.827439649,0.01,0.18
50.832262417,0.01,0.18
50.843348984,0.01,0.18
50.848185551,0.01,0.18
50.857295607,0.01,0.18
50.865497801,0.01,0.18
50.873723893,0.01,0.18
50.878326765,0.01,0.18
50.893193828,0.01,0.18
50.898634359,0.01,0.18
50.910501771,0.01,0.18
50.917331932,0.01,0.18
50.929542627,0.01,0.18
50.936825066,0.01,0.18
50.947727926,0.01,0.18
50.953543538,0.01,0.18
50.962950771,0.01,0.18
50.973777135,0.01,0.18
50.982128121,0.01,0.18
50.993108177,0.01,0.18
50.999999036,0.01,0.18
51.006053735,0.01,0.18
51.017753956,0.01,0.18
51.023169887,0.01,0.18
51.035280287,0.01,0.18
51.041263091,0.01,0.18
51.048832016,0.01,0.18
51.057338694,0.01,0.18
51.066178956,0.01,0.18
51.070491342,0.01,0.18
51.082135365,0.01,0.18
51.0874931,0.01,0.18
51.098545852,0.01,0.18
51.103279817,0.01,0.18
51.110835643,0.01,0.18
51.121328923,0.01,0.18
51.133854202,0.01,0.18
51.139600117,0.01,0.18
51.151362434,0.01,0.18
51.156050702,0.01,0.18
51.167074556,0.01,0.18
51.17587782,0.01,0.18
51.186922472,0.01,0.18
51.191453748,0.01,0.18
51.207973829,0.01,0.1411731600761414
51.219376064,0.01,0.1411731600761414
51.233135882,0.01,0.1411731600761414
51.239353574,0.01,0.1411731600761414
51.251962049,0.01,0.1411731600761414
51.256881105,0.01,0.1411731600761414
51.265189394,0.01,0.1411731600761414
51.275090203,0.01,0.1411731600761414
51.284115456,0.01,0.1411731600761414
51.292255752,0.01,0.1411731600761414
51.300154161,0.01,0.10908235207612055
51.306539145,0.01,0.08251446807626056
51.322544651,0.01,0.08117457032203675
51.325385211,0.01,0.08117457032203675
51.338132279,0.01,0.08117457032203675
51.343823697,0.01,0.08117457032203675
51.357543017,0.01,0.08117457032203675
51.361466723,0.01,0.08117457032203675
51.371436428,0.01,0.08117457032203675
51.381136248,0.01,0.08117457032203675
51.389049456,0.01,0.08117457032203675
51.397984413,0.01,0.08117457032203675
51.40773283,0.01,0.04409280632198716
51.413554741,0.010303949899998202,0.04632244631648064
51.424731987,0.010852927700000806,0.04632244631648064
51.4305392,0.011145633199999453,0.04632244631648064
51.441362563,0.011703390549999996,0.04632244631648064
51.4466724,0.01195573805000038,0.04632244631648064
51.456694003,0.012459003100000247,0.04632244631648064
51.467097288,0.012971237750000458,0.04632244631648064
51.474956998,0.013354228749998358,0.04632244631648064
51.484829609,0.013875222950000536,0.04632244631648064
51.493796765,0.01428031784999803,0.04632244631648064
51.500636826,0.014633795350000015,0.04632244631648064
51.511437191,0.015,0.01544081512838602
51.520771128,0.015,0.01544081512838602
51.53242725,0.015,0.01544081512838602
51.53504812,0.015,0.01544081512838602
51.543436305,0.015,0.01544081512838602
51.552543653,0.015,0.01544081512838602
51.558915838,0.015,0.01544081512838602
51.56412348,0.015,0.01544081512838602
51.57621598,0.015,0.01544081512838602
51.581707008,0.015,0.01544081512838602
51.593855506,0.015,0.01544081512838602
51.600075898,0.015,0.01544081512838602
51.60791381,0.015,0.002205830765888095
51.616886265,0.015,0.002205830765888095
51.625086658,0.015,0.002205830765888095
51.629729828,0.015,0.002205830765888095
51.641967122,0.015,0.002205830765888095
51.646930976,0.015,0.002205830765888095
51.658251715,0.015,0.002205830765888095
51.664768092,0.015,0.002205830765888095
51.674465611,0.015,0.002205830765888095
51.68499189,0.015,0.002205830765888095
51.692925997,0.015,0.002205830765888095
51.702059144,0.015,0.002205830765888095
51.709492676,0.015,0.002205830765888095
51.715924557,0.015,0.002205830765888095
51.729818568,0.015,0.002205830765888095
51.736063759,0.015,0.002205830765888095
51.747363999,0.015,0.002205830765888095
51.754474647,0.015,0.002205830765888095
51.767065323,0.015,0.002205830765888095
51.774006879,0.015,0.002205830765888095
51.782172974,0.015,0.002205830765888095
51.791562809,0.015,0.002205830765888095
51.800301276,0.015,0.002205830765888095
51.810792256,0.015,5.190292640122607e-15
51.820707564,0.015,5.190292640122607e-15
51.827272239,0.015,5.190292640122607e-15
51.839478634,0.015,5.190292640122607e-15
51.846288997,0.015,5.190292640122607e-15
51.858118304,0.015,5.190292640122607e-15
51.863246342,0.015,5.190292640122607e-15
51.872242384,0.015,5.190292640122607e-15
51.880590658,0.015,5.190292640122607e-15
51.89034686,0.015,5.190292640122607e-15
51.900335451,0.015,5.190292640122607e-15
51.909634077,0.015,5.190292640122607e-15
51.91565597,0.015,5.190292640122607e-15
51.926676008,0.015,5.190292640122607e-15
51.931882742,0.015,5.190292640122607e-15
51.945171865,0.015,5.190292640122607e-15
51.95212521,0.015,5.190292640122607e-15
51.964835162,0.015,5.190292640122607e-15
51.970985848,0.015,5.190292640122607e-15
51.980498163,0.015,5.190292640122607e-15
51.988898635,0.015,5.190292640122607e-15
51.997909875,0.015,5.190292640122607e-15
52.007636679,0.015,5.190292640122607e-15
52.01820444,0.015,-0.002205830765888095
52.022982297,0.015,-0.002205830765888095
52.035503458,0.015,-0.002205830765888095
52.042195417,0.015,-0.002205830765888095
52.057008261,0.015,-0.002205830765888095
52.060078105,0.015,-0.002205830765888095
52.069599019,0.015,-0.002205830765888095
52.08018258,0.015,-0.002205830765888095
52.087931484,0.015,-0.002205830765888095
52.098276957,0.015,-0.002205830765888095
52.106499438,0.015,-0.002205830765888095
52.113528779,0.015,5.190292640122607e-15
52.128729904,0.015,5.190292640122607e-15
52.134478711,0.015,5.190292640122607e-15
52.146040121,0.015,5.190292640122607e-15
52.151385349,0.015,5.190292640122607e-15
52.164788765,0.015,5.190292640122607e-15
52.169374831,0.015,5.190292640122607e-15
52.177799602,0.015,5.190292640122607e-15
52.188642249,0.015,5.190292640122607e-15
52.200589939,0.015,5.190292640122607e-15
52.206907117,0.015,5.190292640122607e-15
52.216023352,0.015,5.190292640122607e-15
52.221406378,0.015,5.190292640122607e-15
52.234268022,0.015,5.190292640122607e-15
52.239723344,0.015,5.190292640122607e-15
52.252386498,0.015,5.190292640122607e-15
52.25998891,0.015,5.190292640122607e-15
52.272688163,0.015,5.190292640122607e-15
52.277920296,0.015,5.190292640122607e-15
52.288260069,0.015,5.190292640122607e-15
52.298335455,0.015,5.190292640122607e-15
52.306094859,0.015,5.190292640122607e-15
52.313487782,0.015,5.190292640122607e-15
52.324448323,0.015,0.002205830765888095
52.33118428,0.015,0.002205830765888095
52.345842532,0.015,0.002205830765888095
52.352870074,0.015,0.002205830765888095
52.366859861,0.015,0.002205830765888095
52.371468926,0.015,0.002205830765888095
52.384646054,0.015,0.002205830765888095
52.389655998,0.015,0.002205830765888095
52.39687503,0.015,0.002205830765888095
52.406821123,0.015,0.002205830765888095
52.416550627,0.015,0.002205830765888095
52.428030041,0.015,5.190292640122607e-15
52.437942136,0.015,5.190292640122607e-15
52.449517045,0.015,5.190292640122607e-15
52.457822922,0.015,5.190292640122607e-15
52.461532433,0.015,5.190292640122607e-15
52.472217188,0.015,5.190292640122607e-15
52.479419321,0.015,5.190292640122607e-15
52.495468802,0.015,5.190292640122607e-15
52.499082618,0.015,5.190292640122607e-15
52.513701272,0.015,5.190292640122607e-15
52.517639672,0.015,5.190292640122607e-15
52.525487671,0.015,-0.002205830765888095
52.534637505,0.015,-0.002205830765888095
52.543299363,0.015,-0.002205830765888095
52.551627138,0.015,-0.002205830765888095
52.564317591,0.015,-0.002205830765888095
52.572792359,0.015,-0.002205830765888095
52.584431465,0.015,-0.002205830765888095
52.595051024,0.015,-0.002205830765888095
52.605259403,0.015,-0.002205830765888095
52.611391191,0.015,-0.002205830765888095
52.624562919,0.015,5.190292640122607e-15
52.629711556,0.015,5.190292640122607e-15
52.637895839,0.015,5.190292640122607e-15
52.64631911,0.015,5.190292640122607e-15
52.654420496,0.015,5.190292640122607e-15
52.659380543,0.015,5.190292640122607e-15
52.670465078,0.015,5.190292640122607e-15
52.675395627,0.015,5.190292640122607e-15
52.687819693,0.015,5.190292640122607e-15
52.692952231,0.015,5.190292640122607e-15
52.704319752,0.015,5.190292640122607e-15
52.711970462,0.015,5.190292640122607e-15
52.722516524,0.015,5.190292640122607e-15
52.731951543,0.015,5.190292640122607e-15
52.744067425,0.015,5.190292640122607e-15
52.751908925,0.015,5.190292640122607e-15
52.76338674,0.015,5.190292640122607e-15
52.769421532,0.015,5.190292640122607e-15
52.780933845,0.015,5.190292640122607e-15
52.786054184,0.015,5.190292640122607e-15
52.797971176,0.015,5.190292640122607e-15
52.804141061,0.015,5.190292640122607e-15
52.8131977,0.015,5.190292640122607e-15
52.822035649,0.015,5.190292640122607e-15
52.830660209,0.015,5.190292640122607e-15
52.840675998,0.015,5.190292640122607e-15
52.851104067,0.015,5.190292640122607e-15
52.857609029,0.015,5.190292640122607e-15
52.869957282,0.015,5.190292640122607e-15
52.87590967,0.015,5.190292640122607e-15
52.887152181,0.015,5.190292640122607e-15
52.895001969,0.015,5.190292640122607e-15
52.907619008,0.015,5.190292640122607e-15
52.912012978,0.015,5.190292640122607e-15
52.921792165,0.015,5.190292640122607e-15
52.931015182,0.015,5.190292640122607e-15
52.938999563,0.015,5.190292640122607e-15
52.944082497,0.015,5.190292640122607e-15
52.955795283,0.015,5.190292640122607e-15
52.963694969,0.015,5.190292640122607e-15
52.973431359,0.015,5.190292640122607e-15
52.979419345,0.015,5.190292640122607e-15
52.988221784,0.015,5.190292640122607e-15
52.995566199,0.015,5.190292640122607e-15
53.005005804,0.015,5.190292640122607e-15
53.008819304,0.015,5.190292640122607e-15
53.024291093,0.015,5.190292640122607e-15
53.031579611,0.015,5.190292640122607e-15
53.045618775,0.015,5.190292640122607e-15
53.048632717,0.015,5.190292640122607e-15
53.061438646,0.015,5.190292640122607e-15
53.065616427,0.015,5.190292640122607e-15
53.073529812,0.015,5.190292640122607e-15
53.083080312,0.015,5.190292640122607e-15
53.092938395,0.015,5.190292640122607e-15
53.102169811,0.015,5.190292640122607e-15
53.110669066,0.015,5.190292640122607e-15
53.114928643,0.015,5.190292640122607e-15
53.12775607,0.015,5.190292640122607e-15
53.133450372,0.015,5.190292640122607e-15
53.14208142,0.015,5.190292640122607e-15
53.150060501,0.015,5.190292640122607e-15
53.158356767,0.015,5.190292640122607e-15
53.164154563,0.015,5.190292640122607e-15
53.17527608,0.015,5.190292640122607e-15
53.181325863,0.015,5.190292640122607e-15
53.192990251,0.015,5.190292640122607e-15
53.198316672,0.015,5.190292640122607e-15
53.206003969,0.015,5.190292640122607e-15
53.215520671,0.015,5.190292640122607e-15
53.226965671,0.015,5.190292640122607e-15
53.236620965,0.015,5.190292640122607e-15
53.246610041,0.015,5.190292640122607e-15
53.251754871,0.015,5.190292640122607e-15
53.266038423,0.015,5.190292640122607e-15
53.27125015,0.015,5.190292640122607e-15
53.283748595,0.015,5.190292640122607e-15
53.288391951,0.015,5.190292640122607e-15
53.299993343,0.015,5.190292640122607e-15
53.305423459,0.015,5.190292640122607e-15
53.314524682,0.015,5.190292640122607e-15
53.323205427,0.015,5.190292640122607e-15
53.334161152,0.015,5.190292640122607e-15
53.339858254,0.015,5.190292640122607e-15
53.351213759,0.015,5.190292640122607e-15
53.358321586,0.015,5.190292640122607e-15
53.370783333,0.015,5.190292640122607e-15
53.376521732,0.015,5.190292640122607e-15
53.393709831,0.015,5.190292640122607e-15
53.400287287,0.015,5.190292640122607e-15
53.411691089,0.015,5.190292640122607e-15
53.419046204,0.015,5.190292640122607e-15
53.429024581,0.015,5.190292640122607e-15
53.436249502,0.015,0.002205830765888095
53.445537715,0.015,0.002205830765888095
53.453886278,0.015,0.002205830765888095
53.462293237,0.015,0.002205830765888095
53.46758476,0.015,0.002205830765888095
53.479968311,0.015,0.002205830765888095
53.487575412,0.015,0.002205830765888095
53.497550389,0.015,0.002205830765888095
53.504569321,0.015,0.002205830765888095
53.513683044,0.015,0.002205830765888095
53.522085303,0.015,0.002205830765888095
53.531016435,0.015,0.002205830765888095
53.541305696,0.015,5.190292640122607e-15
53.550982789,0.015,5.190292640122607e-15
53.562238299,0.015,5.190292640122607e-15
53.569909097,0.015,5.190292640122607e-15
53.574783541,0.015,5.190292640122607e-15
53.58855022,0.015,5.190292640122607e-15
53.592683403,0.015,5.190292640122607e-15
53.604749971,0.015,5.190292640122607e-15
53.611500417,0.015,5.190292640122607e-15
53.61887253,0.015,5.190292640122607e-15
53.629478375,0.015,5.190292640122607e-15
53.637414259,0.015,5.190292640122607e-15
53.64349984,0.015,5.190292640122607e-15
53.654774449,0.015,5.190292640122607e-15
53.661187513,0.015,5.190292640122607e-15
53.667997156,0.015,5.190292640122607e-15
53.67649941,0.015,5.190292640122607e-15
53.686188102,0.015,5.190292640122607e-15
53.69404689,0.015,5.190292640122607e-15
53.702762734,0.015,5.190292640122607e-15
53.709106201,0.015,5.190292640122607e-15
53.723924125,0.015,5.190292640122607e-15
53.725089163,0.015,5.190292640122607e-15
53.735759804,0.015,5.190292640122607e-15
53.741402309,0.015,5.190292640122607e-15
53.750288343,0.015,5.190292640122607e-15
53.759187376,0.015,5.190292640122607e-15
53.767882621,0.015,5.190292640122607e-15
53.773164844,0.015,5.190292640122607e-15
53.784946126,0.015,5.190292640122607e-15
53.790506335,0.015,5.190292640122607e-15
53.801969734,0.015,5.190292640122607e-15
53.80757924,0.015,5.190292640122607e-15
53.820115583,0.015,5.190292640122607e-15
53.825907879,0.015,5.190292640122607e-15
53.835490577,0.015,5.190292640122607e-15
53.844584701,0.015,5.190292640122607e-15
53.854206995,0.015,5.190292640122607e-15
53.863170313,0.015,5.190292640122607e-15
53.870795703,0.015,5.190292640122607e-15
53.876034121,0.015,5.190292640122607e-15
53.888558247,0.015,5.190292640122607e-15
53.893876961,0.015,5.190292640122607e-15
53.901865431,0.015,5.190292640122607e-15
53.912449462,0.015,5.190292640122607e-15
53.922076944,0.015,5.190292640122607e-15
53.933212245,0.015,5.190292640122607e-15
53.943276803,0.015,5.190292640122607e-15
53.953020479,0.015,5.190292640122607e-15
53.960087798,0.015,5.190292640122607e-15
53.965393313,0.015,5.190292640122607e-15
53.977076884,0.015,5.190292640122607e-15
53.982675483,0.015,5.190292640122607e-15
53.996394445,0.015,5.190292640122607e-15
54.001599765,0.015,5.190292640122607e-15
54.012364386,0.015,5.190292640122607e-15
54.024049257,0.015,5.190292640122607e-15
54.031940832,0.015,5.190292640122607e-15
54.04127313,0.015,5.190292640122607e-15
54.052513325,0.015,5.190292640122607e-15
54.062627281,0.015,5.190292640122607e-15
54.071333013,0.015,5.190292640122607e-15
54.076827517,0.015,5.190292640122607e-15
54.088582885,0.015,5.190292640122607e-15
54.094820149,0.015,5.190292640122607e-15
54.106636713,0.015,5.190292640122607e-15
54.111657543,0.015,5.190292640122607e-15
54.120492168,0.015,5.190292640122607e-15
54.129509183,0.015,5.190292640122607e-15
54.138890878,0.015,5.190292640122607e-15
54.14759441,0.015,5.190292640122607e-15
54.156284642,0.015,-0.002205830765888095
54.161600356,0.015,-0.002205830765888095
54.174113383,0.015,-0.002205830765888095
54.179587388,0.015,-0.002205830765888095
54.189355963,0.015,-0.002205830765888095
54.197694214,0.015,-0.002205830765888095
54.207083709,0.015,-0.002205830765888095
54.218241308,0.015,-0.002205830765888095
54.227199226,0.015,-0.002205830765888095
54.23438474,0.015,-0.002205830765888095
54.243790534,0.015,-0.002205830765888095
54.251131939,0.015,-0.002205830765888095
54.265140685,0.015,5.190292640122607e-15
54.270265509,0.015,5.190292640122607e-15
54.282855532,0.015,5.190292640122607e-15
54.288512428,0.015,5.190292640122607e-15
54.304577663,0.015,5.190292640122607e-15
54.310150663,0.015,5.190292640122607e-15
54.319953636,0.015,5.190292640122607e-15
54.330578864,0.015,5.190292640122607e-15
54.339102206,0.015,5.190292640122607e-15
54.34421843,0.015,5.190292640122607e-15
54.355234238,0.015,5.190292640122607e-15
54.361553997,0.015,5.190292640122607e-15
54.371583458,0.015,5.190292640122607e-15
54.379797816,0.015,5.190292640122607e-15
54.393987352,0.015,5.190292640122607e-15
54.399861436,0.015,5.190292640122607e-15
54.407076348,0.015,5.190292640122607e-15
54.416548139,0.015,5.190292640122607e-15
54.423805048,0.015,5.190292640122607e-15
54.429823724,0.015,5.190292640122607e-15
54.440509449,0.015,5.190292640122607e-15
54.448195236,0.015,5.190292640122607e-15
54.458958857,0.015,5.190292640122607e-15
54.463974887,0.015,5.190292640122607e-15
54.472578124,0.015,5.190292640122607e-15
54.484701672,0.015,5.190292640122607e-15
54.492236766,0.015,5.190292640122607e-15
54.497971957,0.015,5.190292640122607e-15
54.509710426,0.015,5.190292640122607e-15
54.51557821,0.015,5.190292640122607e-15
54.531458156,0.015,5.190292640122607e-15
54.53956032,0.015,5.190292640122607e-15
54.553458172,0.015,5.190292640122607e-15
54.557915032,0.015,5.190292640122607e-15
54.569523508,0.015,5.190292640122607e-15
54.577185595,0.015,5.190292640122607e-15
54.585105069,0.015,5.190292640122607e-15
54.593744204,0.015,5.190292640122607e-15
54.60348428,0.015,5.190292640122607e-15
54.614879567,0.015,5.190292640122607e-15
54.624689239,0.015,5.190292640122607e-15
54.635425162,0.015,5.190292640122607e-15
54.642775866,0.015,5.190292640122607e-15
54.649871185,0.015,5.190292640122607e-15
54.662130725,0.015,5.190292640122607e-15
54.668762868,0.015,5.190292640122607e-15
54.681510682,0.015,5.190292640122607e-15
54.687048084,0.015,5.190292640122607e-15
54.701096228,0.015,5.190292640122607e-15
54.707176301,0.015,5.190292640122607e-15
54.714930684,0.015,5.190292640122607e-15
54.724321879,0.015,5.190292640122607e-15
54.734805115,0.015,5.190292640122607e-15
54.745193856,0.015,5.190292640122607e-15
54.755633594,0.015,5.190292640122607e-15
54.765283675,0.015,5.190292640122607e-15
54.774250692,0.015,5.190292640122607e-15
54.779466212,0.015,5.190292640122607e-15
54.791113085,0.015,5.190292640122607e-15
54.797789626,0.015,5.190292640122607e-15
54.806877337,0.015,5.190292640122607e-15
54.813809264,0.015,5.190292640122607e-15
54.822411601,0.015,5.190292640122607e-15
54.835284408,0.015,5.190292640122607e-15
54.842295631,0.015,5.190292640122607e-15
54.852985356,0.015,5.190292640122607e-15
54.862001759,0.015,5.190292640122607e-15
54.868826283,0.015,5.190292640122607e-15
54.882487529,0.015,5.190292640122607e-15
54.88790043,0.015,5.190292640122607e-15
54.899263403,0.015,5.190292640122607e-15
54.903757955,0.015,5.190292640122607e-15
54.912628666,0.015,5.190292640122607e-15
54.921409081,0.015,5.190292640122607e-15
54.929203651,0.015,5.190292640122607e-15
54.934633852,0.015,5.190292640122607e-15
54.946412122,0.015,5.190292640122607e-15
54.952303528,0.015,5.190292640122607e-15
54.964998632,0.015,0.002205830765888095
54.970804329,0.015,0.002205830765888095
54.978499819,0.015,0.002205830765888095
54.987879383,0.015,0.002205830765888095
54.996394058,0.015,0.002205830765888095
55.005309174,0.015,0.002205830765888095
55.015189189,0.015,0.002205830765888095
55.021943983,0.015,0.002205830765888095
55.033418662,0.015,0.002205830765888095
55.039509088,0.015,0.002205830765888095
55.05208618,0.015,0.002205830765888095
55.056798165,0.015,0.002205830765888095
55.070467969,0.015,5.190292640122607e-15
55.079496197,0.015,5.190292640122607e-15
55.09169305,0.015,5.190292640122607e-15
55.097551352,0.015,5.190292640122607e-15
55.105915811,0.015,5.190292640122607e-15
55.114425786,0.015,5.190292640122607e-15
55.124030973,0.015,5.190292640122607e-15
55.130223609,0.015,5.190292640122607e-15
55.142863908,0.015,5.190292640122607e-15
55.149170856,0.015,5.190292640122607e-15
55.160743445,0.015,5.190292640122607e-15
55.16536112,0.015,5.190292640122607e-15
55.173228728,0.015,5.190292640122607e-15
55.182189249,0.015,5.190292640122607e-15
55.190547508,0.015,5.190292640122607e-15
55.195806548,0.015,5.190292640122607e-15
55.20711711,0.015,5.190292640122607e-15
55.213811798,0.015,5.190292640122607e-15
55.225561605,0.015,5.190292640122607e-15
55.231373502,0.015,5.190292640122607e-15
55.244642266,0.015,5.190292640122607e-15
55.254045332,0.015,5.190292640122607e-15
55.267950961,0.015,5.190292640122607e-15
55.272889568,0.015,5.190292640122607e-15
55.281655869,0.015,5.190292640122607e-15
55.290365864,0.015,5.190292640122607e-15
55.299473,0.015,5.190292640122607e-15
55.304388105,0.015,5.190292640122607e-15
55.316161014,0.015,5.190292640122607e-15
55.323066624,0.015,5.190292640122607e-15
55.333884236,0.015,5.190292640122607e-15
55.339050166,0.015,5.190292640122607e-15
55.345787459,0.015,5.190292640122607e-15
55.354259129,0.015,5.190292640122607e-15
55.361525576,0.015,5.190292640122607e-15
55.367198559,0.015,5.190292640122607e-15
55.37908568,0.015,5.190292640122607e-15
55.383767861,0.015,5.190292640122607e-15
55.395326249,0.015,5.190292640122607e-15
55.403226161,0.015,5.190292640122607e-15
55.410560014,0.015,5.190292640122607e-15
55.41937462,0.015,5.190292640122607e-15
55.428276234,0.015,5.190292640122607e-15
55.438663402,0.015,5.190292640122607e-15
55.446220578,0.015,5.190292640122607e-15
55.452704044,0.015,5.190292640122607e-15
55.463508055,0.015,5.190292640122607e-15
55.468481366,0.015,5.190292640122607e-15
55.48088814,0.015,5.190292640122607e-15
55.485501715,0.015,5.190292640122607e-15
55.494063594,0.015,5.190292640122607e-15
55.502421553,0.015,5.190292640122607e-15
55.511484484,0.015,5.190292640122607e-15
55.516931144,0.015,5.190292640122607e-15
55.528654449,0.015,5.190292640122607e-15
55.535427644,0.015,5.190292640122607e-15
55.547266861,0.015,5.190292640122607e-15
55.553379589,0.015,5.190292640122607e-15
55.560088278,0.015,5.190292640122607e-15
55.569965393,0.015,5.190292640122607e-15
55.578676788,0.015,-0.002205830765888095
55.589812633,0.015,-0.002205830765888095
55.602526339,0.015,-0.002205830765888095
55.611342345,0.015,-0.002205830765888095
55.620705707,0.015,-0.002205830765888095
55.628215479,0.015,-0.002205830765888095
55.63834992,0.015,-0.002205830765888095
55.649230638,0.015,-0.002205830765888095
55.657552693,0.015,-0.002205830765888095
55.662656917,0.015,-0.002205830765888095
55.673915974,0.015,5.190292640122607e-15
55.680994902,0.015,5.190292640122607e-15
55.691660298,0.015,5.190292640122607e-15
55.697955644,0.015,5.190292640122607e-15
55.709059185,0.015,5.190292640122607e-15
55.715320529,0.015,5.190292640122607e-15
55.724630885,0.015,5.190292640122607e-15
55.736624618,0.015,5.190292640122607e-15
55.746891073,0.015,5.190292640122607e-15
55.756840695,0.015,5.190292640122607e-15
55.765716707,0.015,5.190292640122607e-15
55.776835449,0.015,5.190292640122607e-15
55.784225809,0.015,5.190292640122607e-15
55.789264227,0.015,5.190292640122607e-15
55.801643299,0.015,5.190292640122607e-15
55.807425293,0.015,5.190292640122607e-15
55.817873866,0.015,5.190292640122607e-15
55.823793575,0.015,5.190292640122607e-15
55.83289971,0.015,5.190292640122607e-15
55.844722125,0.015,5.190292640122607e-15
55.852118085,0.015,5.190292640122607e-15
55.861444333,0.015,5.190292640122607e-15
55.869050804,0.015,5.190292640122607e-15
55.874740881,0.015,5.190292640122607e-15
55.886541978,0.015,5.190292640122607e-15
55.890822112,0.015,5.190292640122607e-15
55.900056448,0.015,5.190292640122607e-15
55.907633116,0.015,5.190292640122607e-15
55.915978662,0.015,5.190292640122607e-15
55.921936767,0.015,5.190292640122607e-15
55.932794068,0.015,5.190292640122607e-15
55.939090906,0.015,5.190292640122607e-15
55.951962011,0.015,5.190292640122607e-15
55.960643792,0.015,5.190292640122607e-15
55.97384343,0.015,5.190292640122607e-15
55.981678924,0.015,5.190292640122607e-15
55.986514915,0.015,5.190292640122607e-15
55.995189494,0.015,5.190292640122607e-15
56.003249412,0.015,5.190292640122607e-15
56.008487643,0.015,5.190292640122607e-15
56.020110221,0.015,5.190292640122607e-15
56.027122733,0.015,5.190292640122607e-15
56.039993338,0.015,5.190292640122607e-15
56.045814928,0.015,5.190292640122607e-15
56.052750031,0.015,5.190292640122607e-15
56.064665439,0.015,5.190292640122607e-15
56.074458332,0.015,0.002205830765888095
56.085440546,0.015,0.002205830765888095
56.093186031,0.015,0.002205830765888095
56.103489876,0.015,0.002205830765888095
56.114588802,0.015,0.002205830765888095
56.125309889,0.015,0.002205830765888095
56.134849456,0.015,0.002205830765888095
56.141012381,0.015,0.002205830765888095
56.153357133,0.015,0.002205830765888095
56.157745778,0.015,0.002205830765888095
56.169804301,0.015,0.002205830765888095
56.176889119,0.015,5.190292640122607e-15
56.190788328,0.015,5.190292640122607e-15
56.197753335,0.015,5.190292640122607e-15
56.20579775,0.015,5.190292640122607e-15
56.213728755,0.015,5.190292640122607e-15
56.222663961,0.015,5.190292640122607e-15
56.229864591,0.015,5.190292640122607e-15
56.240815301,0.015,5.190292640122607e-15
56.24661759,0.015,5.190292640122607e-15
56.25806595,0.015,5.190292640122607e-15
56.265226577,0.015,5.190292640122607e-15
56.275448113,0.015,5.190292640122607e-15
56.284424923,0.015,5.190292640122607e-15
56.294328928,0.015,5.190292640122607e-15
56.303681776,0.015,5.190292640122607e-15
56.314217244,0.015,5.190292640122607e-15
56.319389169,0.015,5.190292640122607e-15
56.331195666,0.015,5.190292640122607e-15
56.338147371,0.015,5.190292640122607e-15
56.35076195,0.015,5.190292640122607e-15
56.357733857,0.015,5.190292640122607e-15
56.369637664,0.015,5.190292640122607e-15
56.375372945,0.015,5.190292640122607e-15
56.384613783,0.015,5.190292640122607e-15
56.392734006,0.015,5.190292640122607e-15
56.402000346,0.015,5.190292640122607e-15
56.41081694,0.015,5.190292640122607e-15
56.421211394,0.015,5.190292640122607e-15
56.428563539,0.015,5.190292640122607e-15
56.438393036,0.015,5.190292640122607e-15
56.444180523,0.015,5.190292640122607e-15
56.456468069,0.015,5.190292640122607e-15
56.46180821,0.015,5.190292640122607e-15
56.471208963,0.015,5.190292640122607e-15
56.479518206,0.015,-0.002205830765888095
56.487795945,0.015,-0.002205830765888095
56.496999779,0.015,-0.002205830765888095
56.507986493,0.015,-0.002205830765888095
56.51930044,0.015,-0.002205830765888095
56.52758458,0.015,-0.002205830765888095
56.534141345,0.015,-0.002205830765888095
56.5484965,0.015,-0.002205830765888095
56.554066765,0.015,-0.002205830765888095
56.565782753,0.015,-0.002205830765888095
56.57078296,0.015,-0.002205830765888095
56.58389449,0.015,-0.002205830765888095
56.591262137,0.015,5.190292640122607e-15
56.59948177,0.015,5.190292640122607e-15
56.610349672,0.015,5.190292640122607e-15
56.616360082,0.015,5.190292640122607e-15
56.621108563,0.015,5.190292640122607e-15
56.633199489,0.015,5.190292640122607e-15
56.638063683,0.015,5.190292640122607e-15
56.654334132,0.015,5.190292640122607e-15
56.659680475,0.015,5.190292640122607e-15
56.672265951,0.015,5.190292640122607e-15
56.67827396,0.015,5.190292640122607e-15
56.690087258,0.015,0.002205830765888095
56.694992055,0.015,0.002205830765888095
56.702778145,0.015,0.002205830765888095
56.71161004,0.015,0.002205830765888095
56.722011095,0.015,0.002205830765888095
56.731277335,0.015,0.002205830765888095
56.739329451,0.015,0.002205830765888095
56.744914717,0.015,0.002205830765888095
56.759319678,0.015,0.002205830765888095
56.762378288,0.015,0.002205830765888095
56.769425203,0.015,0.002205830765888095
56.778317104,0.015,0.002205830765888095
56.786618946,0.015,-0.002205830765888095
56.796273625,0.015,-0.002205830765888095
56.806787191,0.015,-0.002205830765888095
56.811632483,0.015,-0.002205830765888095
56.82343698,0.015,-0.002205830765888095
56.829080952,0.015,-0.002205830765888095
56.84257462,0.015,-0.002205830765888095
56.850255799,0.015,-0.002205830765888095
56.863794058,0.015,-0.002205830765888095
56.870388318,0.015,-0.002205830765888095
56.882265907,0.015,-0.002205830765888095
56.889099091,0.015,5.190292640122607e-15
56.897342116,0.0,0.0
56.907871769,0.0,0.0
56.918599343,0.0,0.0
56.921877871,0.0,0.0
56.935633247,0.0,0.0
56.941608145,0.0,0.0
56.953676753,0.0,0.0
56.958862472,0.0,0.0
56.970404827,0.0,0.0
56.975960383,0.0,0.0
56.984593947,0.0,0.0
56.994904179,0.0,0.0
57.005214611,0.0,0.0
57.013622952,0.0,0.0
57.023135504,0.0,0.0
57.030908682,0.0,0.0
57.042754267,0.0,0.0
57.046870079,0.0,0.0
57.058384631,0.0,0.0
57.065004294,0.0,0.0
57.07315621,0.0,0.0
57.083115206,0.0,0.0
57.092383134,0.0,0.0
57.101461942,0.0,0.0
57.110576854,0.0,0.0
57.116485246,0.0,0.0
57.126943292,0.0,0.0
57.133338132,0.0,0.0
57.144241423,0.0,0.0
57.151172517,0.0,0.0
57.157489949,0.0,0.0
57.167057706,0.0,0.0
57.177801182,0.0,0.0
57.184853787,0.0,0.0
57.19537684,0.0,0.0
57.202426246,0.0,0.0
57.212615065,0.0,0.0
57.219006605,0.0,0.0
57.226871492,0.0,0.0
57.235322138,0.0,0.0
57.245597166,0.0,0.0
57.255582565,0.0,0.0
57.263783586,0.0,0.0
57.269691477,0.0,0.0
57.282277837,0.0,0.0
57.289710781,0.0,0.0
57.300103321,0.0,0.0
57.305234034,0.0,0.0
57.313960807,0.0,0.0
57.322250137,0.0,0.0
57.331689381,0.0,0.0
57.337021615,0.0,0.0
57.348523666,0.0,0.0
57.356525367,0.0,0.0
57.369714187,0.0,0.0
57.373198135,0.0,0.0
57.381685585,0.0,0.0
57.389763793,0.0,0.0
57.399666184,0.0,0.0
57.40991691,0.0,0.0
57.416687787,0.0,0.0
57.423052724,0.0,0.0
57.4337968,0.0,0.0
57.439661486,0.0,0.0
57.451659987,0.0,0.0
57.460009523,0.0,0.0
57.467094732,0.0,0.0
57.476504573,0.0,0.0
57.484410264,0.0,0.0
57.494518076,0.0,0.0
57.503973322,0.0,0.0
57.509789604,0.0,0.0
57.5227352,0.0,0.0
57.528746701,0.0,0.0
57.541802208,0.0,0.0
57.549563384,0.0,0.0
57.562865416,0.0,0.0
57.56840187,0.0,0.0
57.584708902,0.0,0.0
57.586245555,0.0,0.0
57.596834515,0.0,0.0
57.605845817,0.0,0.0
57.616539087,0.0,0.0
57.626392973,0.0,0.0
57.635313466,0.0,0.0
57.646209656,0.0,0.0
57.655658002,0.0,0.0
57.660887125,0.0,0.0
57.673117549,0.0,0.0
57.67912675,0.0,0.0
57.692125451,0.0,0.0
57.699018041,0.0,0.0
57.712076347,0.0,0.0
57.718980138,0.0,0.0
57.726106751,0.0,0.0
57.737498291,0.0,0.0
57.748762619,0.0,0.0
57.756036847,0.0,0.0
57.764211565,0.0,0.0
57.770966041,0.0,0.0
57.784166162,0.0,0.0
57.788199665,0.0,0.0
57.800882134,0.0,0.0
57.806004747,0.0,0.0
57.821183566,0.0,0.0
57.828480496,0.0,0.0
57.840660915,0.0,0.0
57.848616011,0.0,0.0
57.860311973,0.0,0.0
57.866246559,0.0,0.0
57.873736699,0.0,0.0
57.884222633,0.0,0.0
57.89147372,0.0,0.0
57.897446761,0.0,0.0
57.908073702,0.0,0.0
57.915307889,0.0,0.0
57.927064681,0.0,0.0
57.933594798,0.0,0.0
57.942927495,0.0,0.0
57.952128897,0.0,0.0
57.963028726,0.0,0.0
57.972317824,0.0,0.0
57.981460029,0.0,0.0
57.992701843,0.0,0.0
58.000879389,0.0,0.0
58.008365565,0.0,0.0
58.020202053,0.0,0.0
58.025665617,0.0,0.0
58.03924523,0.0,0.0
58.04572375,0.0,0.0
58.052526656,0.0,0.0
58.06167756,0.0,0.0
58.071267845,0.0,0.0
58.079778077,0.0,0.0
58.088616295,0.0,0.0
58.094712432,0.0,0.0
58.106494722,0.0,0.0
58.113107436,0.0,0.0
58.124691935,0.0,0.0
58.132290307,0.0,0.0
58.13891742,0.0,0.0
58.147493749,0.0,0.0
58.157292826,0.0,0.0
58.168181655,0.0,0.0
58.17569913,0.0,0.0
58.182943617,0.0,0.0
58.194241528,0.0,0.0
58.200188071,0.0,0.0
58.213507495,0.0,0.0
58.219649729,0.0,0.0
58.22703441,0.0,0.0
58.238026935,0.0,0.0
58.246381473,0.0,0.0
58.257824679,0.0,0.0
58.269772962,0.0,0.0
58.284333232,0.0,0.0
58.295746739,0.0,0.0
58.307079149,0.0,0.0
58.31631345,0.0,0.0
58.324586292,0.0,0.0
58.332937331,0.0,0.0
58.338604986,0.0,0.0
58.349486815,0.0,0.0
58.355900938,0.0,0.0
58.36764663,0.0,0.0
58.372312328,0.0,0.0
58.382564685,0.0,0.0
58.392003777,0.0,0.0
58.400531508,0.0,0.0
58.408419667,0.0,0.0
58.415337868,0.0,0.0
58.42199738,0.0,0.0
58.433822369,0.0,0.0
58.440806367,0.0,0.0
58.459872042,0.0,0.0
58.465075017,0.0,0.0
58.476486124,0.0,0.0
58.483338427,0.0,0.0
58.495372007,0.0,0.0
58.501140858,0.0,0.0
58.510686745,0.0,0.0
58.520379926,0.0,0.0
58.531000167,0.0,0.0
58.538385947,0.0,0.0
58.548307618,0.0,0.0
58.55959733,0.0,0.0
58.567624383,0.0,0.0
58.573511328,0.0,0.0
58.584605249,0.0,0.0
58.591438953,0.0,0.0
58.602652468,0.0,0.0
58.608688307,0.0,0.0
58.621149169,0.0,0.0
58.626512337,0.0,0.0
58.634826177,0.0,0.0
58.643304611,0.0,0.0
58.651294265,0.0,0.0
58.656536538,0.0,0.0
58.668074739,0.0,0.0
58.674403066,0.0,0.0
58.681767547,0.0,0.0
58.691561024,0.0,0.0
58.700976917,0.0,0.0
58.709866632,0.0,0.0
58.720465574,0.0,0.0
58.726073132,0.0,0.0
58.736911663,0.0,0.0
58.744367441,0.0,0.0
58.755064478,0.0,0.0
58.762392561,0.0,0.0
58.772937205,0.0,0.0
58.779043141,0.0,0.0
58.78948599,0.0,0.0
58.797625338,0.0,0.0
58.80452034,0.0,0.0
58.810333988,0.0,0.0
58.822284471,0.0,0.0
58.828440305,0.0,0.0
58.843010875,0.0,0.0
58.848129154,0.0,0.0
58.860622905,0.0,0.0
58.868205667,0.0,0.0
58.883691777,0.0,0.0
58.889311727,0.0,0.0
58.899255884,0.0,0.0
58.910308192,0.0,0.0
58.918821913,0.0,0.0
58.925167531,0.0,0.0
58.936984504,0.0,0.0
58.942105176,0.0,0.0
58.954723514,0.0,0.0
58.960108575,0.0,0.0
58.972610318,0.0,0.0
58.978475457,0.0,0.0
58.986982478,0.0,0.0
58.996042075,0.0,0.0
59.00334305,0.0,0.0
59.009212588,0.0,0.0
59.022103014,0.0,0.0
59.029296994,0.0,0.0
59.041261561,0.0,0.0
59.045823658,0.0,0.0
59.058291303,0.0,0.0
59.066783725,0.0,0.0
59.079650252,0.0,0.0
59.085354698,0.0,0.0
59.094356997,0.0,0.0
59.101983657,0.0,0.0
59.110658871,0.0,0.0
59.116954491,0.0,0.0
59.130785175,0.0,0.0
59.136718611,0.0,0.0
59.149347048,0.0,0.0
59.155664167,0.0,0.0
59.167887623,0.0,0.0
59.17355487,0.0,0.0
59.181353523,0.0,0.0
59.192922908,0.0,0.0
59.203762225,0.0,0.0
59.213380897,0.0,0.0
59.225365763,0.0,0.0
59.236940848,0.0,0.0
59.246281232,0.0,0.0
59.251415203,0.0,0.0
59.264538519,0.0,0.0
59.268628837,0.0,0.0
59.281301872,0.0,0.0
59.288252363,0.0,0.0
59.301780361,0.0,0.0
59.309368823,0.0,0.0
59.317676053,0.0,0.0
59.325985183,0.0,0.0
59.336887697,0.0,0.0
59.33951468,0.0,0.0
59.351449949,0.0,0.0
59.357750168,0.0,0.0
59.370832686,0.0,0.0
59.378136861,0.0,0.0
59.389917536,0.0,0.0
59.396361749,0.0,0.0
59.409225776,0.0,0.0
59.414657834,0.0,0.0
59.424282406,0.0,0.0
59.433892778,0.0,0.0
59.442739984,0.0,0.0
59.454559758,0.0,0.0
59.461260859,0.0,0.0
59.46596035,0.0,0.0
59.477525435,0.0,0.0
59.483790556,0.0,0.0
59.496914072,0.0,0.0
59.504925915,0.0,0.0
59.512658071,0.0,0.0
59.520912203,0.0,0.0
59.530487977,0.0,0.0
59.538338727,0.0,0.0
59.548656168,0.0,0.0
59.554251118,0.0,0.0
59.566325981,0.0,0.0
59.571408554,0.0,0.0
59.582907542,0.0,0.0
59.588435896,0.0,0.0
59.596985716,0.0,0.0
59.60742945,0.0,0.0
59.616105664,0.0,0.0
59.62271787,0.0,0.0
59.635231213,0.0,0.0
59.641210746,0.0,0.0
59.652840828,0.0,0.0
59.658442979,0.0,0.0
59.673846393,0.0,0.0
59.680789484,0.0,0.0
59.694858057,0.0,0.0
59.699444953,0.0,0.0
59.707533793,0.0,0.0
59.718590901,0.0,0.0
59.726558446,0.0,0.0
59.731391431,0.0,0.0
59.742682628,0.0,0.0
59.748809755,0.0,0.0
59.756079231,0.0,0.0
59.764841041,0.0,0.0
59.773549453,0.0,0.0
59.782335462,0.0,0.0
59.790855083,0.0,0.0
59.795971555,0.0,0.0
59.815123002,0.0,0.0
59.818800638,0.0,0.0
59.830869301,0.0,0.0
59.836971329,0.0,0.0
59.84705658,0.0,0.0
59.853874576,0.0,0.0
59.861247339,0.0,0.0
59.871111887,0.0,0.0
59.881847895,0.0,0.0
59.890648092,0.0,0.0
59.899126704,0.0,0.0
59.90532662,0.0,0.0
59.916446011,0.0,0.0
59.926145767,0.0,0.0
59.939117272,0.0,0.0
59.945599576,0.0,0.0
59.958333592,0.0,0.0
59.964659103,0.0,0.0
59.97934913,0.0,0.0
59.98546375,0.0,0.0
59.997382204,0.0,0.0
60.003494824,0.0,0.0
60.011194672,0.0,0.0
60.020764033,0.0,0.0
60.027930505,0.0,0.0
60.035696849,0.0,0.0
60.04878185,0.0,0.0
60.072424667,0.0,0.0
60.104523997,0.0,0.0
60.111398083,0.0,0.0
60.12456088,0.0,0.0
60.134491925,0.0,0.0
60.155259474,0.0,0.0
60.170127693,0.0,0.0
60.178741198,0.0,0.0
60.183611375,0.0,0.0
60.195228043,0.0,0.0
60.201475857,0.0,0.0
60.213670199,0.0,0.0
60.219226244,0.0,0.0
60.229499574,0.0,0.0
60.237287217,0.0,0.0
60.24704537,0.0,0.0
60.25622325,0.0,0.0
60.266863163,0.0,0.0
60.27871882,0.0,0.0
60.288610567,0.0,0.0
60.294126814,0.0,0.0
60.307833086,0.0,0.0
60.31562613,0.0,0.0
60.326647825,0.0,0.0
60.333424014,0.0,0.0
60.347738559,0.0,0.0
60.354102167,0.0,0.0
60.363976015,0.0,0.0
60.370557514,0.0,0.0
60.379676896,0.0,0.0
60.389068766,0.0,0.0
60.397182695,0.0,0.0
60.406306777,0.0,0.0
60.41388493,0.0,0.0
60.420883409,0.0,0.0
60.431816108,0.0,0.0
60.438437005,0.0,0.0
60.44968129,0.0,0.0
60.455981902,0.0,0.0
60.464415615,0.0,0.0
60.473617394,0.0,0.0
60.4822256,0.0,0.0
60.492662922,0.0,0.0
60.499093727,0.0,0.0
60.505550832,0.0,0.0
60.517768472,0.0,0.0
60.523675902,0.0,0.0
60.534970984,0.0,0.0
60.541342392,0.0,0.0
60.54838877,0.0,0.0
60.557298562,0.0,0.0
60.567413099,0.0,0.0
60.577729226,0.0,0.0
60.586790311,0.0,0.0
60.591380301,0.0,0.0
60.605403259,0.0,0.0
60.611431183,0.0,0.0
60.622439178,0.0,0.0
60.629194669,0.0,0.0
60.636913016,0.0,0.0
60.645039243,0.0,0.0
60.653056176,0.0,0.0
60.659854065,0.0,0.0
60.671030853,0.0,0.0
60.677238569,0.0,0.0
60.68900083,0.0,0.0
60.692801756,0.0,0.0
60.70626524,0.0,0.0
60.711524999,0.0,0.0
60.719745922,0.0,0.0
60.73377128,0.0,0.0
60.742451182,0.0,0.0
60.751181283,0.0,0.0
60.759422205,0.0,0.0
60.764900754,0.0,0.0
60.776517522,0.0,0.0
60.783076122,0.0,0.0
60.79533796,0.0,0.0
60.802412436,0.0,0.0
60.81345783,0.0,0.0
60.819200467,0.0,0.0
60.827170902,0.0,0.0
60.836762863,0.0,0.0
60.844455111,0.0,0.0
60.849172595,0.0,0.0
60.862969251,0.0,0.0
60.869322252,0.0,0.0
60.882061453,0.0,0.0
60.888619745,0.0,0.0
60.897351334,0.0,0.0
60.904957976,0.0,0.0
60.912667913,0.0,0.0
60.918191453,0.0,0.0
60.931184142,0.0,0.0
60.937323653,0.0,0.0
60.950331241,0.0,0.0
60.955791784,0.0,0.0
60.964744563,0.0,0.0
60.97266849,0.0,0.0
60.981792761,0.0,0.0
60.987696283,0.0,0.0
61.002302296,0.0,0.0
61.008701795,0.0,0.0
61.02072583,0.0,0.0
61.026925938,0.0,0.0
61.038742182,0.0,0.0
61.042905586,0.0,0.0
61.051664374,0.0,0.0
61.060319567,0.0,0.0
61.070133005,0.0,0.0
61.080094037,0.0,0.0
61.088448544,0.0,0.0
61.094736948,0.0,0.0
61.107476148,0.0,0.0
61.113089984,0.0,0.0
61.123894676,0.0,0.0
61.130367371,0.0,0.0
61.138703679,0.0,0.0
61.147664858,0.0,0.0
61.155294499,0.0,0.0
61.167196539,0.0,0.0
61.176438304,0.0,0.0
61.183710962,0.0,0.0
61.196761348,0.0,0.0
61.201911906,0.0,0.0
61.213754148,0.0,0.0
61.220688622,0.0,0.0
61.233786206,0.0,0.0
61.240875773,0.0,0.0
61.246748496,0.0,0.0
61.256120455,0.0,0.0
61.264609356,0.0,0.0
61.271215745,0.0,0.0
61.282771602,0.0,0.0
61.288802018,0.0,0.0
61.302078593,0.0,0.0
61.306767873,0.0,0.0
61.315074382,0.0,0.0
61.32296951,0.0,0.0
61.332019985,0.0,0.0
61.34167943,0.0,0.0
61.35017743,0.0,0.0
61.35699101,0.0,0.0
61.368856452,0.0,0.0
61.374821871,0.0,0.0
61.386559819,0.0,0.0
61.393255204,0.0,0.0
61.407281144,0.0,0.0
61.413049573,0.0,0.0
61.421984552,0.0,0.0
61.432371964,0.0,0.0
61.441835118,0.0,0.0
61.449773145,0.0,0.0
61.460403945,0.0,0.0
61.467262422,0.0,0.0
61.481043374,0.0,0.0
61.486629711,0.0,0.0
61.497945679,0.0,0.0
61.505039745,0.0,0.0
61.517914839,0.0,0.0
61.52341388,0.0,0.0
61.532885135,0.0,0.0
61.541784716,0.0,0.0
61.54998853,0.0,0.0
61.555192985,0.0,0.0
61.568627753,0.0,0.0
61.572776558,0.0,0.0
61.583635147,0.0,0.0
61.589226884,0.0,0.0
61.598378654,0.0,0.0
61.607529523,0.0,0.0
61.617676446,0.0,0.0
61.625508077,0.0,0.0
61.634461356,0.0,0.0
61.641207139,0.0,0.0
61.654768901,0.0,0.0
61.661417888,0.0,0.0
61.672748855,0.0,0.0
61.678850168,0.0,0.0
61.686141825,0.0,0.0
61.695231997,0.0,0.0
61.702898636,0.0,0.0
61.708839257,0.0,0.0
61.720834693,0.0,0.0
61.72960548,0.0,0.0
61.74278896,0.0,0.0
61.75086278,0.0,0.0
61.762078552,0.0,0.0
61.76808097,0.0,0.0
61.782229404,0.0,0.0
61.788948788,0.0,0.0
