topic,time_s,linear_mps,angular_rps
/epuck1/cmd_vel,3.22762808,0.0,0.0
/epuck1/cmd_vel,3.30050428,0.0,0.0
/epuck1/cmd_vel,3.33671488,0.0,0.0
/epuck1/cmd_vel,3.391978479,0.0,0.0
/epuck1/cmd_vel,3.428939179,0.0,0.0
/epuck1/cmd_vel,3.495067979,0.0,0.0
/epuck1/cmd_vel,3.545620078,0.0,0.0
/epuck1/cmd_vel,3.605331978,0.0,0.0
/epuck1/cmd_vel,3.641058978,0.0,0.0
/epuck1/cmd_vel,3.696977078,0.0,0.0
/epuck1/cmd_vel,3.739741577,0.0,0.0
/epuck1/cmd_vel,3.822770177,0.0,0.0
/epuck1/cmd_vel,3.863105777,0.0,0.0
/epuck1/cmd_vel,3.917226277,0.0,0.0
/epuck1/cmd_vel,3.955538276,0.0,0.0
/epuck1/cmd_vel,4.025074876,0.0,0.0
/epuck1/cmd_vel,4.066307076,0.0,0.0
/epuck1/cmd_vel,4.122610976,0.0,0.0
/epuck1/cmd_vel,4.160525376,0.0,0.0
/epuck1/cmd_vel,4.217613376,0.0,0.0
/epuck1/cmd_vel,4.258865576,0.0,0.0
/epuck1/cmd_vel,4.356551776,0.0,0.0
/epuck1/cmd_vel,4.394548876,0.0,0.0
/epuck1/cmd_vel,4.449712976,0.0,0.0
/epuck1/cmd_vel,4.487677376,0.0,0.0
/epuck1/cmd_vel,4.546471776,0.0,0.0
/epuck1/cmd_vel,4.604221776,0.0,0.0
/epuck1/cmd_vel,4.663044276,0.0,0.0
/epuck1/cmd_vel,4.700107676,0.0,0.0
/epuck1/cmd_vel,4.755602476,0.0,0.0
/epuck1/cmd_vel,4.796717376,0.0,0.0
/epuck1/cmd_vel,4.877409276,0.0,0.0
/epuck1/cmd_vel,4.913306976,0.0,0.0
/epuck1/cmd_vel,4.968301292,0.0,0.0
/epuck1/cmd_vel,5.005246708,0.0,0.0
/epuck1/cmd_vel,5.080910011,0.0,0.0
/epuck1/cmd_vel,5.121836664,0.0,0.0
/epuck1/cmd_vel,5.178710164,0.0,0.0
/epuck1/cmd_vel,5.213799709,0.0,0.0
/epuck1/cmd_vel,5.271245801,0.0,0.0
/epuck1/cmd_vel,5.33007427,0.0,0.0
/epuck1/cmd_vel,5.388740842,0.0,0.0
/epuck1/cmd_vel,5.427664027,0.0,0.0
/epuck1/cmd_vel,5.481580174,0.0,0.0
/epuck1/cmd_vel,5.524696092,0.0,0.0
/epuck1/cmd_vel,5.600156699,0.0,0.0
/epuck1/cmd_vel,5.639634274,0.0,0.0
/epuck1/cmd_vel,5.693223927,0.0,0.0
/epuck1/cmd_vel,5.730620436,0.0,0.0
/epuck1/cmd_vel,5.790771584,0.0,0.0
/epuck1/cmd_vel,5.850602838,0.0,0.0
/epuck1/cmd_vel,5.907252542,0.0,0.0
/epuck1/cmd_vel,5.942281088,0.0,0.0
/epuck1/cmd_vel,5.998930592,0.0,0.0
/epuck1/cmd_vel,6.040434336,0.0,0.0
/epuck1/cmd_vel,6.115098055,0.0,0.0
/epuck1/cmd_vel,6.157470685,0.0,0.0
/epuck1/cmd_vel,6.208487778,0.0,0.0
/epuck1/cmd_vel,6.247681658,0.0,0.0
/epuck1/cmd_vel,6.310221169,0.0,0.0
/epuck1/cmd_vel,6.372638482,0.0,0.0
/epuck1/cmd_vel,6.434994996,0.0,0.0
/epuck1/cmd_vel,6.471697015,0.0,0.0
/epuck1/cmd_vel,6.525455565,0.0,0.0
/epuck1/cmd_vel,6.567324003,0.0,0.0
/epuck1/cmd_vel,6.642668111,0.0,0.0
/epuck1/cmd_vel,6.684208254,0.0,0.0
/epuck1/cmd_vel,6.738625693,0.0,0.0
/epuck1/cmd_vel,6.775722807,0.0,0.0
/epuck1/cmd_vel,6.836120052,0.0,0.0
/epuck1/cmd_vel,6.891590874,0.0,0.0
/epuck1/cmd_vel,6.963880931,0.0,0.0
/epuck1/cmd_vel,7.002642118,0.0,0.0
/epuck1/cmd_vel,7.055910475,0.0,0.0
/epuck1/cmd_vel,7.094287869,0.0,0.0
/epuck1/cmd_vel,7.172235336,0.0,0.0
/epuck1/cmd_vel,7.211653112,0.0,0.0
/epuck1/cmd_vel,7.268343916,0.0,0.0
/epuck1/cmd_vel,7.307638894,0.0,0.0
/epuck1/cmd_vel,7.364256299,0.0,0.0
/epuck1/cmd_vel,7.886760979,0.0,0.0
/epuck1/cmd_vel,7.947243322,0.0,0.0
/epuck1/cmd_vel,7.986840196,0.0,0.0
/epuck1/cmd_vel,8.038844774,0.0,0.0
/epuck1/cmd_vel,8.080421216,0.0,0.0
/epuck1/cmd_vel,8.157723493,0.0,0.0
/epuck1/cmd_vel,8.198089655,0.0,0.0
/epuck1/cmd_vel,8.252331697,0.0,0.0
/epuck1/cmd_vel,8.289720106,0.0,0.0
/epuck1/cmd_vel,8.349672158,0.0,0.0
/epuck1/cmd_vel,8.404629389,0.0,0.0
/epuck1/cmd_vel,8.465457327,0.0,0.0
/epuck1/cmd_vel,8.502753637,0.0,0.0
/epuck1/cmd_vel,8.557638869,0.0,0.0
/epuck1/cmd_vel,8.595772566,0.0019138297499999624,0.0
/epuck1/cmd_vel,8.676267792,0.005894021800000005,0.0
/epuck1/cmd_vel,8.713389905,0.007774467049999956,0.0
/epuck1/cmd_vel,8.766254269,0.010417705249999899,0.0
/epuck1/cmd_vel,8.806503933,0.012365874450000192,0.0
/epuck1/cmd_vel,8.869768332,0.015600463250000019,0.0
/epuck1/cmd_vel,8.931429757,0.01856214145000017,0.0
/epuck1/cmd_vel,8.988841749,0.021565433950000212,0.0
/epuck1/cmd_vel,9.02798683,0.023417489650000078,0.0
/epuck1/cmd_vel,9.080993292,0.025,0.0
/epuck1/cmd_vel,9.121615649,0.025,0.0
/epuck1/cmd_vel,9.192200733,0.025,0.0
/epuck1/cmd_vel,9.245048797,0.025,0.0
/epuck1/cmd_vel,9.308118099,0.025,0.0
/epuck1/cmd_vel,9.342638354,0.025,0.0
/epuck1/cmd_vel,9.399044161,0.025,0.0
/epuck1/cmd_vel,9.440085512,0.025,0.0
/epuck1/cmd_vel,9.533137541,0.025,0.0
/epuck1/cmd_vel,9.573159408,0.025,0.0
/epuck1/cmd_vel,9.628353835,0.025,0.0
/epuck1/cmd_vel,9.665554346,0.025,0.0
/epuck1/cmd_vel,9.723768026,0.025,0.0
/epuck1/cmd_vel,9.772902449,0.025,0.0
/epuck1/cmd_vel,9.831134328,0.025,0.0
/epuck1/cmd_vel,9.866730565,0.025,0.0
/epuck1/cmd_vel,9.924518951,0.025,0.0
/epuck1/cmd_vel,9.974969253,0.025,0.0
/epuck1/cmd_vel,10.034995104,0.025,0.0
/epuck1/cmd_vel,10.073355097,0.025,0.0
/epuck1/cmd_vel,10.12498988,0.025,0.0
/epuck1/cmd_vel,10.167027915,0.025,0.0
/epuck1/cmd_vel,10.23883358,0.025,0.0
/epuck1/cmd_vel,10.288727391,0.025,0.0
/epuck1/cmd_vel,10.350182319,0.025,0.0
/epuck1/cmd_vel,10.382941001,0.025,0.0
/epuck1/cmd_vel,10.439620104,0.025,0.0
/epuck1/cmd_vel,10.481251046,0.025,0.0
/epuck1/cmd_vel,10.595811534,0.025,0.0
/epuck1/cmd_vel,10.639465244,0.025,0.0
/epuck1/cmd_vel,10.695625055,0.025,0.0
/epuck1/cmd_vel,10.73141089,0.025,0.0
/epuck1/cmd_vel,10.788521586,0.025,0.0
/epuck1/cmd_vel,10.842997725,0.025,0.0
/epuck1/cmd_vel,10.90398316,0.025,0.0
/epuck1/cmd_vel,10.939942692,0.025,0.0
/epuck1/cmd_vel,10.995877607,0.025,0.0
/epuck1/cmd_vel,11.035437581,0.025,0.0
/epuck1/cmd_vel,11.112086669,0.025,0.0
/epuck1/cmd_vel,11.149992969,0.025,0.0
/epuck1/cmd_vel,11.204807303,0.025,0.0
/epuck1/cmd_vel,11.241303525,0.025,0.0
/epuck1/cmd_vel,11.300729686,0.025,0.0
/epuck1/cmd_vel,11.360605439,0.025,0.0
/epuck1/cmd_vel,11.418583622,0.025,0.0
/epuck1/cmd_vel,11.455184943,0.025,0.0
/epuck1/cmd_vel,11.509785879,0.025,0.0
/epuck1/cmd_vel,11.550677832,0.025,0.0
/epuck1/cmd_vel,11.630706967,0.025,0.0
/epuck1/cmd_vel,11.668289172,0.025,0.0
/epuck1/cmd_vel,11.723783695,0.025,0.0
/epuck1/cmd_vel,11.761293801,0.025,0.0
/epuck1/cmd_vel,11.838704477,0.025,0.0
/epuck1/cmd_vel,11.878155953,0.025,0.0
/epuck1/cmd_vel,11.934395664,0.025,0.0
/epuck1/cmd_vel,11.972528961,0.025,0.0
/epuck1/cmd_vel,12.030390746,0.025,0.0
/epuck1/cmd_vel,12.06867414,0.025,0.0
/epuck1/cmd_vel,12.150072253,0.025,0.0
/epuck1/cmd_vel,12.19195129,0.025,0.0
/epuck1/cmd_vel,12.245536043,0.025,0.0
/epuck1/cmd_vel,12.282599157,0.025,0.0
/epuck1/cmd_vel,12.344475878,0.025,0.0
/epuck1/cmd_vel,12.396266759,0.025,0.0
/epuck1/cmd_vel,12.468396718,0.025,0.0
/epuck1/cmd_vel,12.507099406,0.025,0.0
/epuck1/cmd_vel,12.55998587,0.025,0.0
/epuck1/cmd_vel,12.596933885,0.025,0.0
/epuck1/cmd_vel,12.673874769,0.025,0.0
/epuck1/cmd_vel,12.717180084,0.025,0.0
/epuck1/cmd_vel,12.771014832,0.025,0.0
/epuck1/cmd_vel,12.806918564,0.025,0.0
/epuck1/cmd_vel,12.863981462,0.025,0.0
/epuck1/cmd_vel,12.922322639,0.025,0.0
/epuck1/cmd_vel,12.982007995,0.025,0.0
/epuck1/cmd_vel,13.017816029,0.025,0.0
/epuck1/cmd_vel,13.073851843,0.025,0.0
/epuck1/cmd_vel,13.1145251,0.025,0.0
/epuck1/cmd_vel,13.190660295,0.025,0.0
/epuck1/cmd_vel,13.229457982,0.025,0.0
/epuck1/cmd_vel,13.283373429,0.025,0.0
/epuck1/cmd_vel,13.320154747,0.025,0.0
/epuck1/cmd_vel,13.379583708,0.025,0.0
/epuck1/cmd_vel,13.439709652,0.025,0.0
/epuck1/cmd_vel,13.496738798,0.025,0.0
/epuck1/cmd_vel,13.530916273,0.025,0.0
/epuck1/cmd_vel,13.58816793,0.025,0.0
/epuck1/cmd_vel,13.626862475,0.025,0.0
/epuck1/cmd_vel,13.704733703,0.025,0.0
/epuck1/cmd_vel,13.741873133,0.025,0.0
/epuck1/cmd_vel,13.795424512,0.025,0.0
/epuck1/cmd_vel,13.832233622,0.025,0.0
/epuck1/cmd_vel,13.907480305,0.025,0.0
/epuck1/cmd_vel,13.949337851,0.025,0.0
/epuck1/cmd_vel,14.007131214,0.025,0.0
/epuck1/cmd_vel,14.042023677,0.025,0.0
/epuck1/cmd_vel,14.098911834,0.025,0.0
/epuck1/cmd_vel,14.153336618,0.025,0.0
/epuck1/cmd_vel,14.212732846,0.025,0.0
/epuck1/cmd_vel,14.248544398,0.025,0.0
/epuck1/cmd_vel,14.301000453,0.025,0.0
/epuck1/cmd_vel,14.340840239,0.025,0.0
/epuck1/cmd_vel,14.413993646,0.025,0.0
/epuck1/cmd_vel,14.466152856,0.025,0.0
/epuck1/cmd_vel,14.52158908,0.025,0.0
/epuck1/cmd_vel,14.559068676,0.025,0.0
/epuck1/cmd_vel,14.615705769,0.025,0.0
/epuck1/cmd_vel,14.654647734,0.025,0.0
/epuck1/cmd_vel,14.738114127,0.025,0.0
/epuck1/cmd_vel,14.777699995,0.025,0.0
/epuck1/cmd_vel,14.832260451,0.025,0.0
/epuck1/cmd_vel,14.868136196,0.025,0.0
/epuck1/cmd_vel,14.924195254,0.025,0.0
/epuck1/cmd_vel,14.977139356,0.025,0.0
/epuck1/cmd_vel,15.035315417,0.025,0.0
/epuck1/cmd_vel,15.073698742,0.025,0.0
/epuck1/cmd_vel,15.12675154,0.025,0.0
/epuck1/cmd_vel,15.166986135,0.025,0.0
/epuck1/cmd_vel,15.240715215,0.025,0.0
/epuck1/cmd_vel,15.281261326,0.025,0.0
/epuck1/cmd_vel,15.334189379,0.025,0.0
/epuck1/cmd_vel,15.372715465,0.025,0.0
/epuck1/cmd_vel,15.432034012,0.025,0.0
/epuck1/cmd_vel,15.485816862,0.025,0.0
/epuck1/cmd_vel,15.543204881,0.025,0.0
/epuck1/cmd_vel,15.57789098,0.025,0.0
/epuck1/cmd_vel,15.632823798,0.025,0.0
/epuck1/cmd_vel,15.673839347,0.025,0.0
/epuck1/cmd_vel,15.74968937,0.025,0.0
/epuck1/cmd_vel,15.787997178,0.025,0.0
/epuck1/cmd_vel,15.840550114,0.025,0.0
/epuck1/cmd_vel,15.878206734,0.025,0.0
/epuck1/cmd_vel,15.952209817,0.025,0.0
/epuck1/cmd_vel,15.995403414,0.025,0.0
/epuck1/cmd_vel,16.05051237,0.025,0.0
/epuck1/cmd_vel,16.085511067,0.025,0.0
/epuck1/cmd_vel,16.142495317,0.025,0.0
/epuck1/cmd_vel,16.181903176,0.025,0.0
/epuck1/cmd_vel,16.263558862,0.025,0.0
/epuck1/cmd_vel,16.30473903,0.020847346300000427,-0.12457961099998727
/epuck1/cmd_vel,16.359557836,0.015383483200000117,-0.28849550399999657
/epuck1/cmd_vel,16.395436338,0.01177219059999999,-0.39683428200000037
/epuck1/cmd_vel,16.454998957,0.006,-0.5744659019999858
/epuck1/cmd_vel,16.503365636,0.006,-0.65
/epuck1/cmd_vel,16.574557206,0.006,-0.65
/epuck1/cmd_vel,16.612120293,0.006,-0.65
/epuck1/cmd_vel,16.667552184,0.006,-0.65
/epuck1/cmd_vel,16.704316102,0.006,-0.65
/epuck1/cmd_vel,16.76448403,0.006,-0.65
/epuck1/cmd_vel,16.82563396,0.006,-0.65
/epuck1/cmd_vel,16.886255081,0.006,-0.65
/epuck1/cmd_vel,16.922271027,0.006,-0.65
/epuck1/cmd_vel,16.975157828,0.006,-0.65
/epuck1/cmd_vel,17.01477343,0.006,-0.65
/epuck1/cmd_vel,17.087983646,0.009631569599999907,-0.3594744320000075
/epuck1/cmd_vel,17.125257271,0.011527613399999964,-0.20779092800000287
/epuck1/cmd_vel,17.181131921,0.012,-0.10722234606742861
/epuck1/cmd_vel,17.215735021,0.012,0.0039515161514282054
/epuck1/cmd_vel,17.274251643,0.012,0.003951516151428203
/epuck1/cmd_vel,17.331129265,0.012,0.019833519458770734
/epuck1/cmd_vel,17.387984931,0.012,0.019833519458770734
/epuck1/cmd_vel,17.424588267,0.012,0.019833519458770734
/epuck1/cmd_vel,17.478445845,0.012,0.01586299180984495
/epuck1/cmd_vel,17.518828617,0.012,0.01586299180984495
/epuck1/cmd_vel,17.592744468,0.012,0.011892517805099468
/epuck1/cmd_vel,17.629494602,0.012,0.011892517805099468
/epuck1/cmd_vel,17.686060611,0.012,0.011892517805099468
/epuck1/cmd_vel,17.721369347,0.012,0.011892517805099468
/epuck1/cmd_vel,17.782402802,0.012,0.011892517805099468
/epuck1/cmd_vel,17.843910423,0.012,0.007922043800353985
/epuck1/cmd_vel,17.903780127,0.012,0.007922043800353985
/epuck1/cmd_vel,17.939274256,0.012,0.003951516151428203
/epuck1/cmd_vel,17.992525935,0.012,0.003951516151428203
/epuck1/cmd_vel,18.031125076,0.012,0.003951516151428203
/epuck1/cmd_vel,18.103872745,0.012,0.003951516151428203
/epuck1/cmd_vel,18.155516143,0.012,0.003951516151428203
/epuck1/cmd_vel,18.213492535,0.012,0.003951516151428203
/epuck1/cmd_vel,18.247795444,0.012,0.003951516151428203
/epuck1/cmd_vel,18.3018585,0.012,-1.8957853317280553e-05
/epuck1/cmd_vel,18.343335612,0.012,-1.8957853317280726e-05
/epuck1/cmd_vel,18.426438898,0.012,0.003951516151428203
/epuck1/cmd_vel,18.467974985,0.012,0.003951516151428203
/epuck1/cmd_vel,18.52188445,0.012,-1.8957853317280553e-05
/epuck1/cmd_vel,18.557426133,0.012,-1.8957853317280726e-05
/epuck1/cmd_vel,18.615183165,0.012,-1.8957853317280726e-05
/epuck1/cmd_vel,18.669927046,0.012,-1.8957853317280726e-05
/epuck1/cmd_vel,18.731080323,0.012,-1.8957853317280726e-05
/epuck1/cmd_vel,18.765978595,0.012,-1.8957853317280726e-05
/epuck1/cmd_vel,18.823721351,0.012,-1.8957853317280726e-05
/epuck1/cmd_vel,18.858156584,0.012,-1.8957853317280726e-05
/epuck1/cmd_vel,18.934970394,0.012,-1.8957853317280726e-05
/epuck1/cmd_vel,18.973566581,0.012,-1.8957853317280726e-05
/epuck1/cmd_vel,19.025981481,0.012,-1.8957853317280726e-05
/epuck1/cmd_vel,19.063706626,0.012,-1.8957853317280726e-05
/epuck1/cmd_vel,19.121639403,0.012,-1.8957853317280726e-05
/epuck1/cmd_vel,19.183886429,0.012,-1.8957853317280726e-05
/epuck1/cmd_vel,19.2412966,0.012,-1.8957853317280726e-05
/epuck1/cmd_vel,19.274803884,0.012,-1.8957853317280726e-05
/epuck1/cmd_vel,19.32898558,0.012,-1.8957853317280726e-05
/epuck1/cmd_vel,19.408280583,0.012,-1.8957853317280726e-05
/epuck1/cmd_vel,19.448277702,0.012,-1.8957853317280726e-05
/epuck1/cmd_vel,19.485830844,0.012,-1.8957853317280726e-05
/epuck1/cmd_vel,19.538495823,0.012,-1.8957853317280726e-05
/epuck1/cmd_vel,19.574504287,0.012,0.003951516151428203
/epuck1/cmd_vel,19.654955263,0.012,0.003951516151428203
/epuck1/cmd_vel,19.695448601,0.012,-1.8957853317280553e-05
/epuck1/cmd_vel,19.751035168,0.012,-1.8957853317280726e-05
/epuck1/cmd_vel,19.785676864,0.012,-0.003989485502243062
/epuck1/cmd_vel,19.842391541,0.012,-0.003989485502243062
/epuck1/cmd_vel,19.919863727,0.012,-0.003989485502243062
/epuck1/cmd_vel,19.96230817,0.012,-1.8957853317280553e-05
/epuck1/cmd_vel,19.996011874,0.012,-1.8957853317280726e-05
/epuck1/cmd_vel,20.049540707,0.012,-1.8957853317280726e-05
/epuck1/cmd_vel,20.089735428,0.012,-1.8957853317280726e-05
/epuck1/cmd_vel,20.161919731,0.012,-1.8957853317280726e-05
/epuck1/cmd_vel,20.200709581,0.012,-1.8957853317280726e-05
/epuck1/cmd_vel,20.255806624,0.012,-1.8957853317280726e-05
/epuck1/cmd_vel,20.291681384,0.012,-1.8957853317280726e-05
/epuck1/cmd_vel,20.350776731,0.012,-1.8957853317280726e-05
/epuck1/cmd_vel,20.427404557,0.012,-1.8957853317280726e-05
/epuck1/cmd_vel,20.464955631,0.012,-1.8957853317280726e-05
/epuck1/cmd_vel,20.501190249,0.012,-1.8957853317280726e-05
/epuck1/cmd_vel,20.557929048,0.012,0.003951516151428203
/epuck1/cmd_vel,20.597219646,0.012,0.003951516151428203
/epuck1/cmd_vel,20.672299347,0.012,-1.8957853317280553e-05
/epuck1/cmd_vel,20.710434464,0.012,-1.8957853317280726e-05
/epuck1/cmd_vel,20.764006618,0.012,-1.8957853317280726e-05
/epuck1/cmd_vel,20.802891379,0.012,-1.8957853317280726e-05
/epuck1/cmd_vel,20.877800555,0.012,-1.8957853317280726e-05
/epuck1/cmd_vel,20.934518087,0.012,-1.8957853317280726e-05
/epuck1/cmd_vel,20.972925238,0.012,-1.8957853317280726e-05
/epuck1/cmd_vel,21.006884534,0.012,-1.8957853317280726e-05
/epuck1/cmd_vel,21.064451152,0.012,-1.8957853317280726e-05
/epuck1/cmd_vel,21.106923065,0.012,-1.8957853317280726e-05
/epuck1/cmd_vel,21.190131207,0.012,-1.8957853317280726e-05
/epuck1/cmd_vel,21.228966052,0.012,-1.8957853317280726e-05
/epuck1/cmd_vel,21.283234192,0.012,-1.8957853317280726e-05
/epuck1/cmd_vel,21.317329259,0.012,-1.8957853317280726e-05
/epuck1/cmd_vel,21.37685673,0.012,-1.8957853317280726e-05
/epuck1/cmd_vel,21.42985449,0.012,-1.8957853317280726e-05
/epuck1/cmd_vel,21.4976915,0.012,-1.8957853317280726e-05
/epuck1/cmd_vel,21.5333238,0.012,-1.8957853317280726e-05
/epuck1/cmd_vel,21.5822078,0.012,-1.8957853317280726e-05
/epuck1/cmd_vel,21.616924259,0.012,-1.8957853317280726e-05
/epuck1/cmd_vel,21.688101959,0.012,-1.8957853317280726e-05
/epuck1/cmd_vel,21.72602345,0.012,-1.8957853317280726e-05
/epuck1/cmd_vel,21.779184342,0.012,-1.8957853317280726e-05
/epuck1/cmd_vel,21.811159509,0.012,-1.8957853317280726e-05
/epuck1/cmd_vel,21.864950425,0.012,0.003951516151428203
/epuck1/cmd_vel,21.915800584,0.012,0.003951516151428203
/epuck1/cmd_vel,21.970749984,0.012,-1.8957853317280553e-05
/epuck1/cmd_vel,22.006027992,0.012,-1.8957853317280726e-05
/epuck1/cmd_vel,22.055916109,0.012,-0.003989485502243062
/epuck1/cmd_vel,22.092347284,0.012,-0.003989485502243062
/epuck1/cmd_vel,22.158758867,0.012,-0.003989485502243062
/epuck1/cmd_vel,22.205738034,0.012,-1.8957853317280553e-05
/epuck1/cmd_vel,22.260110117,0.012,-1.8957853317280726e-05
/epuck1/cmd_vel,22.291788742,0.012,0.003951516151428203
/epuck1/cmd_vel,22.344093284,0.012,0.003951516151428203
/epuck1/cmd_vel,22.383565592,0.012,-1.8957853317280553e-05
/epuck1/cmd_vel,22.458630417,0.012,-1.8957853317280726e-05
/epuck1/cmd_vel,22.497714975,0.012,-1.8957853317280726e-05
/epuck1/cmd_vel,22.548028609,0.012,-1.8957853317280726e-05
/epuck1/cmd_vel,22.580809342,0.012,-1.8957853317280726e-05
/epuck1/cmd_vel,22.635043742,0.012,-1.8957853317280726e-05
/epuck1/cmd_vel,22.687451592,0.012,-1.8957853317280726e-05
/epuck1/cmd_vel,22.74179865,0.012,-1.8957853317280726e-05
/epuck1/cmd_vel,22.775821284,0.012,-1.8957853317280726e-05
/epuck1/cmd_vel,22.824289759,0.012,-1.8957853317280726e-05
/epuck1/cmd_vel,22.861204384,0.012,-1.8957853317280726e-05
/epuck1/cmd_vel,22.928490742,0.012,-1.8957853317280726e-05
/epuck1/cmd_vel,22.965887259,0.012,-1.8957853317280726e-05
/epuck1/cmd_vel,23.012999342,0.012,-1.8957853317280726e-05
/epuck1/cmd_vel,23.047119692,0.012,-1.8957853317280726e-05
/epuck1/cmd_vel,23.102286159,0.012,-1.8957853317280726e-05
/epuck1/cmd_vel,23.156007959,0.012,-1.8957853317280726e-05
/epuck1/cmd_vel,23.208788984,0.012,-1.8957853317280726e-05
/epuck1/cmd_vel,23.241540384,0.012,-1.8957853317280726e-05
/epuck1/cmd_vel,23.29296905,0.012,-1.8957853317280726e-05
/epuck1/cmd_vel,23.331562825,0.012,-1.8957853317280726e-05
/epuck1/cmd_vel,23.405932267,0.012,-1.8957853317280726e-05
/epuck1/cmd_vel,23.442383334,0.012,-1.8957853317280726e-05
/epuck1/cmd_vel,23.489690117,0.012,-1.8957853317280726e-05
/epuck1/cmd_vel,23.523314459,0.012,-1.8957853317280726e-05
/epuck1/cmd_vel,23.592801184,0.012,-1.8957853317280726e-05
/epuck1/cmd_vel,23.630172859,0.012,-1.8957853317280726e-05
/epuck1/cmd_vel,23.684330625,0.012,-1.8957853317280726e-05
/epuck1/cmd_vel,23.716763942,0.012,-1.8957853317280726e-05
/epuck1/cmd_vel,23.768459817,0.012,-1.8957853317280726e-05
/epuck1/cmd_vel,23.808249017,0.012,-1.8957853317280726e-05
/epuck1/cmd_vel,23.883530175,0.012,-1.8957853317280726e-05
/epuck1/cmd_vel,23.920940625,0.012,-1.8957853317280726e-05
/epuck1/cmd_vel,23.970791709,0.012,-1.8957853317280726e-05
/epuck1/cmd_vel,24.004597367,0.012,-1.8957853317280726e-05
/epuck1/cmd_vel,24.060285417,0.012,-1.8957853317280726e-05
/epuck1/cmd_vel,24.107006175,0.012,-1.8957853317280726e-05
/epuck1/cmd_vel,24.172385592,0.012,-1.8957853317280726e-05
/epuck1/cmd_vel,24.207917517,0.012,-1.8957853317280726e-05
/epuck1/cmd_vel,24.258063309,0.012,-1.8957853317280726e-05
/epuck1/cmd_vel,24.293003342,0.012,-1.8957853317280726e-05
/epuck1/cmd_vel,24.350294367,0.012,-1.8957853317280726e-05
/epuck1/cmd_vel,24.407289584,0.012,-1.8957853317280726e-05
/epuck1/cmd_vel,24.464682634,0.012,-1.8957853317280726e-05
/epuck1/cmd_vel,24.496173159,0.012,-1.8957853317280726e-05
/epuck1/cmd_vel,24.546834209,0.012,-1.8957853317280726e-05
/epuck1/cmd_vel,24.582903392,0.012,-1.8957853317280726e-05
/epuck1/cmd_vel,24.651572267,0.012,-1.8957853317280726e-05
/epuck1/cmd_vel,24.689408234,0.012,-1.8957853317280726e-05
/epuck1/cmd_vel,24.737894859,0.012,-1.8957853317280726e-05
/epuck1/cmd_vel,24.772106967,0.012,-1.8957853317280726e-05
/epuck1/cmd_vel,24.829865667,0.012,-1.8957853317280726e-05
/epuck1/cmd_vel,24.888800667,0.012,-1.8957853317280726e-05
/epuck1/cmd_vel,24.945430267,0.012,-1.8957853317280726e-05
/epuck1/cmd_vel,24.980270167,0.012,-1.8957853317280726e-05
/epuck1/cmd_vel,25.036594267,0.012,-1.8957853317280726e-05
/epuck1/cmd_vel,25.076177467,0.012,-1.8957853317280726e-05
/epuck1/cmd_vel,25.153964567,0.012,-1.8957853317280726e-05
/epuck1/cmd_vel,25.190746467,0.012,-1.8957853317280726e-05
/epuck1/cmd_vel,25.246772367,0.012,-1.8957853317280726e-05
/epuck1/cmd_vel,25.284395467,0.012,-1.8957853317280726e-05
/epuck1/cmd_vel,25.362942167,0.012,-1.8957853317280726e-05
/epuck1/cmd_vel,25.403179067,0.012,-1.8957853317280726e-05
/epuck1/cmd_vel,25.460020167,0.012,-1.8957853317280726e-05
/epuck1/cmd_vel,25.495981867,0.012,-1.8957853317280726e-05
/epuck1/cmd_vel,25.554010067,0.012,-1.8957853317280726e-05
/epuck1/cmd_vel,25.610343167,0.012,-1.8957853317280726e-05
/epuck1/cmd_vel,25.668969667,0.012,-1.8957853317280726e-05
/epuck1/cmd_vel,25.708389667,0.012,-1.8957853317280726e-05
/epuck1/cmd_vel,25.761281967,0.012,-1.8957853317280726e-05
/epuck1/cmd_vel,25.800440667,0.012,-1.8957853317280726e-05
/epuck1/cmd_vel,25.876888767,0.012,-1.8957853317280726e-05
/epuck1/cmd_vel,25.916810067,0.012,-1.8957853317280726e-05
/epuck1/cmd_vel,25.972588067,0.012,-1.8957853317280726e-05
/epuck1/cmd_vel,26.009057267,0.012,-1.8957853317280726e-05
/epuck1/cmd_vel,26.070392867,0.012,-1.8957853317280726e-05
/epuck1/cmd_vel,26.122176167,0.012,-1.8957853317280726e-05
/epuck1/cmd_vel,26.193438967,0.012,-1.8957853317280726e-05
/epuck1/cmd_vel,26.231712467,0.012,-1.8957853317280726e-05
/epuck1/cmd_vel,26.285100067,0.012,-1.8957853317280726e-05
/epuck1/cmd_vel,26.323028967,0.012,-1.8957853317280726e-05
/epuck1/cmd_vel,26.385289167,0.012,-1.8957853317280726e-05
/epuck1/cmd_vel,26.446808967,0.012,-1.8957853317280726e-05
/epuck1/cmd_vel,26.509021067,0.012,-1.8957853317280726e-05
/epuck1/cmd_vel,26.548431167,0.012,-1.8957853317280726e-05
/epuck1/cmd_vel,26.599888467,0.012,-1.8957853317280726e-05
/epuck1/cmd_vel,26.638998067,0.012,-1.8957853317280726e-05
/epuck1/cmd_vel,26.713799967,0.012,-1.8957853317280726e-05
/epuck1/cmd_vel,26.763981867,0.012,-1.8957853317280726e-05
/epuck1/cmd_vel,26.820222467,0.012,-1.8957853317280726e-05
/epuck1/cmd_vel,26.857201367,0.012,-1.8957853317280726e-05
/epuck1/cmd_vel,26.915166767,0.012,-1.8957853317280726e-05
/epuck1/cmd_vel,26.957072967,0.012,-1.8957853317280726e-05
/epuck1/cmd_vel,27.032411467,0.012,-1.8957853317280726e-05
/epuck1/cmd_vel,27.068910367,0.012,-1.8957853317280726e-05
/epuck1/cmd_vel,27.122311967,0.012,-1.8957853317280726e-05
/epuck1/cmd_vel,27.160122067,0.012,-1.8957853317280726e-05
/epuck1/cmd_vel,27.236688267,0.012,-1.8957853317280726e-05
/epuck1/cmd_vel,27.277932667,0.012,-1.8957853317280726e-05
/epuck1/cmd_vel,27.334313167,0.012,-1.8957853317280726e-05
/epuck1/cmd_vel,27.369061467,0.012,-1.8957853317280726e-05
/epuck1/cmd_vel,27.428947667,0.012,-1.8957853317280726e-05
/epuck1/cmd_vel,27.486134767,0.012,-1.8957853317280726e-05
/epuck1/cmd_vel,27.545129667,0.012,-1.8957853317280726e-05
/epuck1/cmd_vel,27.582415367,0.012,-1.8957853317280726e-05
/epuck1/cmd_vel,27.635823467,0.012,-1.8957853317280726e-05
/epuck1/cmd_vel,27.676364167,0.012,-1.8957853317280726e-05
/epuck1/cmd_vel,27.754950267,0.012,-1.8957853317280726e-05
/epuck1/cmd_vel,27.794796267,0.012,-1.8957853317280726e-05
/epuck1/cmd_vel,27.848922367,0.012,-1.8957853317280726e-05
/epuck1/cmd_vel,27.888345067,0.012,-1.8957853317280726e-05
/epuck1/cmd_vel,27.947926767,0.012,-1.8957853317280726e-05
/epuck1/cmd_vel,28.002147467,0.012,-1.8957853317280726e-05
/epuck1/cmd_vel,28.060541867,0.012,-1.8957853317280726e-05
/epuck1/cmd_vel,28.094607468,0.012,-1.8957853317280726e-05
/epuck1/cmd_vel,28.152247468,0.012,-1.8957853317280726e-05
/epuck1/cmd_vel,28.193698668,0.012,-1.8957853317280726e-05
/epuck1/cmd_vel,28.278321168,0.012,-1.8957853317280726e-05
/epuck1/cmd_vel,28.319059568,0.012,-1.8957853317280726e-05
/epuck1/cmd_vel,28.376567968,0.012,-1.8957853317280726e-05
/epuck1/cmd_vel,28.412395768,0.012,-1.8957853317280726e-05
/epuck1/cmd_vel,28.470941668,0.012,-1.8957853317280726e-05
/epuck1/cmd_vel,28.510689068,0.012,-1.8957853317280726e-05
/epuck1/cmd_vel,28.596065768,0.012,-1.8957853317280726e-05
/epuck1/cmd_vel,28.635404668,0.012,-1.8957853317280726e-05
/epuck1/cmd_vel,28.688172368,0.012,-1.8957853317280726e-05
/epuck1/cmd_vel,28.724870768,0.012,-1.8957853317280726e-05
/epuck1/cmd_vel,28.785599768,0.012,-1.8957853317280726e-05
/epuck1/cmd_vel,28.838541868,0.012,-1.8957853317280726e-05
/epuck1/cmd_vel,28.910714368,0.012,-1.8957853317280726e-05
/epuck1/cmd_vel,28.947103168,0.012,-1.8957853317280726e-05
/epuck1/cmd_vel,29.000668868,0.012,-1.8957853317280726e-05
/epuck1/cmd_vel,29.039755968,0.012,-1.8957853317280726e-05
/epuck1/cmd_vel,29.105861368,0.012,-1.8957853317280726e-05
/epuck1/cmd_vel,29.180422268,0.012,-1.8957853317280726e-05
/epuck1/cmd_vel,29.240307568,0.012,-1.8957853317280726e-05
/epuck1/cmd_vel,29.277889368,0.012,-1.8957853317280726e-05
/epuck1/cmd_vel,29.332027568,0.012,-1.8957853317280726e-05
/epuck1/cmd_vel,29.371414668,0.012,-1.8957853317280726e-05
/epuck1/cmd_vel,29.447004568,0.012,-1.8957853317280726e-05
/epuck1/cmd_vel,29.487986862,0.012,-1.8957853317280726e-05
/epuck1/cmd_vel,29.540189969,0.012,-1.8957853317280726e-05
/epuck1/cmd_vel,29.576824997,0.012,-1.8957853317280726e-05
/epuck1/cmd_vel,29.635658632,0.012,-1.8957853317280726e-05
/epuck1/cmd_vel,29.695428048,0.012,-1.8957853317280726e-05
/epuck1/cmd_vel,29.754794982,0.012,-1.8957853317280726e-05
/epuck1/cmd_vel,29.787826244,0.012,-1.8957853317280726e-05
/epuck1/cmd_vel,29.845350024,0.012,-1.8957853317280726e-05
/epuck1/cmd_vel,29.885406151,0.012,-1.8957853317280726e-05
/epuck1/cmd_vel,29.956354881,0.012,-1.8957853317280726e-05
/epuck1/cmd_vel,29.994852333,0.012,-1.8957853317280726e-05
/epuck1/cmd_vel,30.047000212,0.012,-1.8957853317280726e-05
/epuck1/cmd_vel,30.085199378,0.012,-1.8957853317280726e-05
/epuck1/cmd_vel,30.148385524,0.012,-1.8957853317280726e-05
/epuck1/cmd_vel,30.211308049,0.012,-1.8957853317280726e-05
/epuck1/cmd_vel,30.271330259,0.012,-1.8957853317280726e-05
/epuck1/cmd_vel,30.308094712,0.012,-1.8957853317280726e-05
/epuck1/cmd_vel,30.362343605,0.012,-1.8957853317280726e-05
/epuck1/cmd_vel,30.402001124,0.012,-1.8957853317280726e-05
/epuck1/cmd_vel,30.486272793,0.012,-1.8957853317280726e-05
/epuck1/cmd_vel,30.537623356,0.012,-1.8957853317280726e-05
/epuck1/cmd_vel,30.597021678,0.012,-1.8957853317280726e-05
/epuck1/cmd_vel,30.633211115,0.012,-1.8957853317280726e-05
/epuck1/cmd_vel,30.688377214,0.012,-1.8957853317280726e-05
/epuck1/cmd_vel,30.727392072,0.012,-1.8957853317280726e-05
/epuck1/cmd_vel,30.826385237,0.012,-1.8957853317280726e-05
/epuck1/cmd_vel,30.867070814,0.012,-1.8957853317280726e-05
/epuck1/cmd_vel,30.923730726,0.012,-1.8957853317280726e-05
/epuck1/cmd_vel,30.958963125,0.012,0.003951516151428203
/epuck1/cmd_vel,31.0175539,0.012,0.003951516151428203
/epuck1/cmd_vel,31.072337582,0.012,0.003951516151428203
/epuck1/cmd_vel,31.131453709,0.012,-1.8957853317280553e-05
/epuck1/cmd_vel,31.169606588,0.012,-1.8957853317280726e-05
/epuck1/cmd_vel,31.224659154,0.012,-1.8957853317280726e-05
/epuck1/cmd_vel,31.263936142,0.012,-1.8957853317280726e-05
/epuck1/cmd_vel,31.338678755,0.012,-1.8957853317280726e-05
/epuck1/cmd_vel,31.378269425,0.012,-1.8957853317280726e-05
/epuck1/cmd_vel,31.434392761,0.012,-1.8957853317280726e-05
/epuck1/cmd_vel,31.468917736,0.012,-1.8957853317280726e-05
/epuck1/cmd_vel,31.530091867,0.012,-1.8957853317280726e-05
/epuck1/cmd_vel,31.586163155,0.012,-1.8957853317280726e-05
/epuck1/cmd_vel,31.644756711,0.012,-1.8957853317280726e-05
/epuck1/cmd_vel,31.681291118,0.012,-1.8957853317280726e-05
/epuck1/cmd_vel,31.735600999,0.012,-1.8957853317280726e-05
/epuck1/cmd_vel,31.775828469,0.012,-1.8957853317280726e-05
/epuck1/cmd_vel,31.857931184,0.012,-1.8957853317280726e-05
/epuck1/cmd_vel,31.893825711,0.012,-1.8957853317280726e-05
/epuck1/cmd_vel,31.94648613,0.012,-1.8957853317280726e-05
/epuck1/cmd_vel,31.985173996,0.012,-1.8957853317280726e-05
/epuck1/cmd_vel,32.067543609,0.012,-1.8957853317280726e-05
/epuck1/cmd_vel,32.10692231,0.012,-0.003989485502243062
/epuck1/cmd_vel,32.162467152,0.012,-0.003989485502243062
/epuck1/cmd_vel,32.198581595,0.012,-1.8957853317280553e-05
/epuck1/cmd_vel,32.258676215,0.012,-1.8957853317280726e-05
/epuck1/cmd_vel,32.302139635,0.012,-1.8957853317280726e-05
/epuck1/cmd_vel,32.390092249,0.012,-1.8957853317280726e-05
/epuck1/cmd_vel,32.427145354,0.012,-1.8957853317280726e-05
/epuck1/cmd_vel,32.480091642,0.012,-1.8957853317280726e-05
/epuck1/cmd_vel,32.520281169,0.012,-1.8957853317280726e-05
/epuck1/cmd_vel,32.581908043,0.012,-1.8957853317280726e-05
/epuck1/cmd_vel,32.651452654,0.012,-1.8957853317280726e-05
/epuck1/cmd_vel,32.707502983,0.012,-1.8957853317280726e-05
/epuck1/cmd_vel,32.74312356,0.012,-1.8957853317280726e-05
/epuck1/cmd_vel,32.802656573,0.012,-1.8957853317280726e-05
/epuck1/cmd_vel,32.854090076,0.012,-1.8957853317280726e-05
/epuck1/cmd_vel,32.911962998,0.012,-1.8957853317280726e-05
/epuck1/cmd_vel,32.948109127,0.012,-1.8957853317280726e-05
/epuck1/cmd_vel,33.004320866,0.012,-1.8957853317280726e-05
/epuck1/cmd_vel,33.044167012,0.012,-1.8957853317280726e-05
/epuck1/cmd_vel,33.125251402,0.012,-1.8957853317280726e-05
/epuck1/cmd_vel,33.166321284,0.012,-1.8957853317280726e-05
/epuck1/cmd_vel,33.217951559,0.012,-1.8957853317280726e-05
/epuck1/cmd_vel,33.256364183,0.012,-1.8957853317280726e-05
/epuck1/cmd_vel,33.316429502,0.012,-1.8957853317280726e-05
/epuck1/cmd_vel,33.373414618,0.012,-1.8957853317280726e-05
/epuck1/cmd_vel,33.431418457,0.012,-1.8957853317280726e-05
/epuck1/cmd_vel,33.466602879,0.012,-1.8957853317280726e-05
/epuck1/cmd_vel,33.520504716,0.012,-1.8957853317280726e-05
/epuck1/cmd_vel,33.560532037,0.012,-1.8957853317280726e-05
/epuck1/cmd_vel,33.639730661,0.012,-1.8957853317280726e-05
/epuck1/cmd_vel,33.676399063,0.012,-1.8957853317280726e-05
/epuck1/cmd_vel,33.729824417,0.012,-1.8957853317280726e-05
/epuck1/cmd_vel,33.769512231,0.012,-1.8957853317280726e-05
/epuck1/cmd_vel,33.847415601,0.012,-1.8957853317280726e-05
/epuck1/cmd_vel,33.887376372,0.012,-1.8957853317280726e-05
/epuck1/cmd_vel,33.943046468,0.012,-1.8957853317280726e-05
/epuck1/cmd_vel,33.979353511,0.012,-0.003989485502243062
/epuck1/cmd_vel,34.037603586,0.012,-0.003989485502243062
/epuck1/cmd_vel,34.093654412,0.012,-0.003989485502243062
/epuck1/cmd_vel,34.15243868,0.012,-1.8957853317280553e-05
/epuck1/cmd_vel,34.189884334,0.012,-1.8957853317280726e-05
/epuck1/cmd_vel,34.242502737,0.012,0.003951516151428203
/epuck1/cmd_vel,34.281549877,0.012,0.003951516151428203
/epuck1/cmd_vel,34.354684149,0.012,-1.8957853317280553e-05
/epuck1/cmd_vel,34.405759372,0.012,-1.8957853317280726e-05
/epuck1/cmd_vel,34.462558346,0.012,0.003951516151428203
/epuck1/cmd_vel,34.499404249,0.012,0.003951516151428203
/epuck1/cmd_vel,34.556298381,0.012,-1.8957853317280553e-05
/epuck1/cmd_vel,34.5975553,0.012,-1.8957853317280726e-05
/epuck1/cmd_vel,34.677207163,0.012,-1.8957853317280726e-05
/epuck1/cmd_vel,34.719187696,0.012,-1.8957853317280726e-05
/epuck1/cmd_vel,34.773841852,0.012,-1.8957853317280726e-05
/epuck1/cmd_vel,34.808518504,0.012,-1.8957853317280726e-05
/epuck1/cmd_vel,34.867100438,0.012,-1.8957853317280726e-05
/epuck1/cmd_vel,34.924084562,0.012,-1.8957853317280726e-05
/epuck1/cmd_vel,34.983177347,0.012,-1.8957853317280726e-05
/epuck1/cmd_vel,35.018986253,0.012,-1.8957853317280726e-05
/epuck1/cmd_vel,35.075451977,0.012,-1.8957853317280726e-05
/epuck1/cmd_vel,35.114631623,0.012,-1.8957853317280726e-05
/epuck1/cmd_vel,35.189343641,0.012,-1.8957853317280726e-05
/epuck1/cmd_vel,35.227605584,0.012,-1.8957853317280726e-05
/epuck1/cmd_vel,35.281811765,0.012,-1.8957853317280726e-05
/epuck1/cmd_vel,35.318737033,0.012,-1.8957853317280726e-05
/epuck1/cmd_vel,35.378079234,0.012,-1.8957853317280726e-05
/epuck1/cmd_vel,35.439077552,0.012,-1.8957853317280726e-05
/epuck1/cmd_vel,35.496371981,0.012,-1.8957853317280726e-05
/epuck1/cmd_vel,35.532209692,0.012,-1.8957853317280726e-05
/epuck1/cmd_vel,35.591155271,0.012,-1.8957853317280726e-05
/epuck1/cmd_vel,35.631032904,0.012,-1.8957853317280726e-05
/epuck1/cmd_vel,35.703985304,0.012,-1.8957853317280726e-05
/epuck1/cmd_vel,35.741858173,0.012,-1.8957853317280726e-05
/epuck1/cmd_vel,35.794533094,0.012,-1.8957853317280726e-05
/epuck1/cmd_vel,35.834079761,0.012,-1.8957853317280726e-05
/epuck1/cmd_vel,35.911519462,0.012,-1.8957853317280726e-05
/epuck1/cmd_vel,35.949053221,0.012,-1.8957853317280726e-05
/epuck1/cmd_vel,36.007452986,0.012,-1.8957853317280726e-05
/epuck1/cmd_vel,36.043535643,0.012,-1.8957853317280726e-05
/epuck1/cmd_vel,36.101084255,0.012,-1.8957853317280726e-05
/epuck1/cmd_vel,36.155347253,0.012,-1.8957853317280726e-05
/epuck1/cmd_vel,36.216215549,0.012,-1.8957853317280726e-05
/epuck1/cmd_vel,36.25169349,0.012,-1.8957853317280726e-05
/epuck1/cmd_vel,36.30805472,0.012,-1.8957853317280726e-05
/epuck1/cmd_vel,36.345322972,0.012,-1.8957853317280726e-05
/epuck1/cmd_vel,36.417810511,0.012,-1.8957853317280726e-05
/epuck1/cmd_vel,36.469008107,0.012,-1.8957853317280726e-05
/epuck1/cmd_vel,36.529319166,0.012,-1.8957853317280726e-05
/epuck1/cmd_vel,36.564349728,0.012,-1.8957853317280726e-05
/epuck1/cmd_vel,36.61967237,0.012,-1.8957853317280726e-05
/epuck1/cmd_vel,36.659236122,0.012,-1.8957853317280726e-05
/epuck1/cmd_vel,36.754924998,0.012,-1.8957853317280726e-05
/epuck1/cmd_vel,36.797966368,0.012,-1.8957853317280726e-05
/epuck1/cmd_vel,36.854091889,0.012,-1.8957853317280726e-05
/epuck1/cmd_vel,36.889223568,0.012,-1.8957853317280726e-05
/epuck1/cmd_vel,36.949589059,0.012,-1.8957853317280726e-05
/epuck1/cmd_vel,37.002633386,0.012,-1.8957853317280726e-05
/epuck1/cmd_vel,37.063658821,0.012,-1.8957853317280726e-05
/epuck1/cmd_vel,37.099391144,0.012,-1.8957853317280726e-05
/epuck1/cmd_vel,37.156785498,0.012,-1.8957853317280726e-05
/epuck1/cmd_vel,37.193968128,0.012,-1.8957853317280726e-05
/epuck1/cmd_vel,37.267149581,0.012,-1.8957853317280726e-05
/epuck1/cmd_vel,37.307937567,0.012,-1.8957853317280726e-05
/epuck1/cmd_vel,37.359047853,0.012,-1.8957853317280726e-05
/epuck1/cmd_vel,37.39532311,0.012,-1.8957853317280726e-05
/epuck1/cmd_vel,37.45541475,0.012,-1.8957853317280726e-05
/epuck1/cmd_vel,37.515606084,0.012,-1.8957853317280726e-05
/epuck1/cmd_vel,37.574154916,0.012,-1.8957853317280726e-05
/epuck1/cmd_vel,37.60984185,0.012,-1.8957853317280726e-05
/epuck1/cmd_vel,37.664813145,0.012,-1.8957853317280726e-05
/epuck1/cmd_vel,37.705957501,0.012,-1.8957853317280726e-05
/epuck1/cmd_vel,37.78241435,0.012,-1.8957853317280726e-05
/epuck1/cmd_vel,37.821215752,0.012,-1.8957853317280726e-05
/epuck1/cmd_vel,37.874672631,0.012,-1.8957853317280726e-05
/epuck1/cmd_vel,37.912806099,0.012,-1.8957853317280726e-05
/epuck1/cmd_vel,37.989540988,0.012,-1.8957853317280726e-05
/epuck1/cmd_vel,38.02908948,0.012,-1.8957853317280726e-05
/epuck1/cmd_vel,38.084251485,0.012,0.22252998614666464
/epuck1/cmd_vel,38.119552214,0.012,0.3
/epuck1/cmd_vel,38.178785727,0.012,0.3
/epuck1/cmd_vel,38.224906294,0.012,0.3
/epuck1/cmd_vel,38.297340982,0.012,0.3
/epuck1/cmd_vel,38.332947764,0.012,0.3
/epuck1/cmd_vel,38.387324498,0.012,0.3
/epuck1/cmd_vel,38.423813352,0.012,0.3
/epuck1/cmd_vel,38.488160751,0.012,0.3
/epuck1/cmd_vel,38.548394272,0.012,0.3
/epuck1/cmd_vel,38.611149993,0.012,0.3
/epuck1/cmd_vel,38.645435062,0.012,0.3
/epuck1/cmd_vel,38.701187242,0.012,0.3
/epuck1/cmd_vel,38.742989564,0.012,0.3
/epuck1/cmd_vel,38.813430019,0.012,0.3
/epuck1/cmd_vel,38.862967718,0.012,0.3
/epuck1/cmd_vel,38.921523528,0.012,0.2832286655902862
/epuck1/cmd_vel,38.957376548,0.012,0.2832286655902862
/epuck1/cmd_vel,39.012433479,0.012,0.24352371096611022
/epuck1/cmd_vel,39.054543349,0.012,0.24352371096611022
/epuck1/cmd_vel,39.136656705,0.012,0.2091127574443817
/epuck1/cmd_vel,39.178101033,0.012,0.2091127574443817
/epuck1/cmd_vel,39.233553241,0.012,0.17734878659248351
/epuck1/cmd_vel,39.27064214,0.012,0.17734878659248351
/epuck1/cmd_vel,39.328050996,0.012,0.17734878659248351
/epuck1/cmd_vel,39.373006367,0.012,0.15087881684303284
/epuck1/cmd_vel,39.456567046,0.012,0.13764383196830748
/epuck1/cmd_vel,39.497563061,0.012,0.13764383196830748
/epuck1/cmd_vel,39.551247935,0.012,0.13764383196830748
/epuck1/cmd_vel,39.588217303,0.012,0.11382086277008056
/epuck1/cmd_vel,39.646226702,0.012,0.11382086277008056
/epuck1/cmd_vel,39.69711333,0.012,0.09793888628482818
/epuck1/cmd_vel,39.784869135,0.012,0.09793888628482818
/epuck1/cmd_vel,39.820807791,0.012,0.08735089302062989
/epuck1/cmd_vel,39.875661948,0.014744048750000162,0.0727924108505249
/epuck1/cmd_vel,39.913719252,0.01666180284999993,0.061763260513544076
/epuck1/cmd_vel,39.989947707,0.020472492900000364,0.061763260513544076
/epuck1/cmd_vel,40.030791493,0.022522124150000426,0.05293993651866913
/epuck1/cmd_vel,40.08673548,0.025,0.05293993651866913
/epuck1/cmd_vel,40.618045914,0.025,0.0485282763838768
/epuck1/cmd_vel,40.675741683,0.025,0.0485282763838768
/epuck1/cmd_vel,40.73242608,0.025,0.0485282763838768
/epuck1/cmd_vel,40.791453232,0.025,0.04191078245639801
/epuck1/cmd_vel,40.830184452,0.0,0.0
/epuck1/cmd_vel,40.881402753,0.0,0.0
/epuck1/cmd_vel,40.920433148,0.0,0.0
/epuck1/cmd_vel,41.000880056,0.0,0.0
/epuck1/cmd_vel,41.039136943,0.0,0.0
/epuck1/cmd_vel,41.093051805,0.0,0.0
/epuck1/cmd_vel,41.130365708,0.0,0.0
/epuck1/cmd_vel,41.189949438,0.0,0.0
/epuck1/cmd_vel,41.243204541,0.0,0.0
/epuck1/cmd_vel,41.304731263,0.0,0.0
/epuck1/cmd_vel,41.340073463,0.0,0.0
/epuck1/cmd_vel,41.394156206,0.0,0.0
/epuck1/cmd_vel,41.436548104,0.0,0.0
/epuck1/cmd_vel,41.522915504,0.0,0.0
/epuck1/cmd_vel,41.562711231,0.0,0.0
/epuck1/cmd_vel,41.621376303,0.0,0.0
/epuck1/cmd_vel,41.657331906,0.0,0.0
/epuck1/cmd_vel,41.714855607,0.0,0.0
/epuck1/cmd_vel,41.770971961,0.0,0.0
/epuck1/cmd_vel,41.831632362,0.0,0.0
/epuck1/cmd_vel,41.867161285,0.0,0.0
/epuck1/cmd_vel,41.920789933,0.0,0.0
/epuck1/cmd_vel,41.962933798,0.0,0.0
/epuck1/cmd_vel,42.034954167,0.0,0.0
/epuck1/cmd_vel,42.077259533,0.0,0.0
/epuck1/cmd_vel,42.135841362,0.0,0.0
/epuck1/cmd_vel,42.170230111,0.0,0.0
/epuck1/cmd_vel,42.22600851,0.0,0.0
/epuck1/cmd_vel,42.27251947,0.0,0.0
/epuck1/cmd_vel,42.357078362,0.0,0.0
/epuck1/cmd_vel,42.393868883,0.0,0.0
/epuck1/cmd_vel,42.44994865,0.0,0.0
/epuck1/cmd_vel,42.489418685,0.0,0.0
/epuck1/cmd_vel,42.546107867,0.0,0.0
/epuck1/cmd_vel,42.607215884,0.0,0.0
/epuck1/cmd_vel,42.666886147,0.0,0.0
/epuck1/cmd_vel,42.701846129,0.0,0.0
/epuck1/cmd_vel,42.75784395,0.0,0.0
/epuck1/cmd_vel,42.799891114,0.0,0.0
/epuck1/cmd_vel,42.876341981,0.0,0.0
/epuck1/cmd_vel,42.914992052,0.0,0.0
/epuck1/cmd_vel,42.968526191,0.0,0.0
/epuck1/cmd_vel,43.006261092,0.0,0.0
/epuck1/cmd_vel,43.080836459,0.0,0.0
/epuck1/cmd_vel,43.121398616,0.0,0.0
/epuck1/cmd_vel,43.17774476,0.0,0.0
/epuck1/cmd_vel,43.214892775,0.0,0.0
/epuck1/cmd_vel,43.271419959,0.0,0.0
/epuck1/cmd_vel,43.328202751,0.0,0.0
/epuck1/cmd_vel,43.389217656,0.0,0.0
/epuck1/cmd_vel,43.426885065,0.0,0.0
/epuck1/cmd_vel,43.478060699,0.0,0.0
/epuck1/cmd_vel,43.518212027,0.0,0.0
/epuck1/cmd_vel,43.59088737,0.0,0.0
/epuck1/cmd_vel,43.642058916,0.0,0.0
/epuck1/cmd_vel,43.700673743,0.0,0.0
/epuck1/cmd_vel,43.737408437,0.0,0.0
/epuck1/cmd_vel,43.791593464,0.0,0.0
/epuck1/cmd_vel,43.831733626,0.0,0.0
/epuck1/cmd_vel,43.91867505,0.0,0.0
/epuck1/cmd_vel,43.959268809,0.0,0.0
/epuck1/cmd_vel,44.016950223,0.0,0.0
/epuck1/cmd_vel,44.049583601,0.0,0.0
/epuck1/cmd_vel,44.110670283,0.0,0.0
/epuck1/cmd_vel,44.150835069,0.0,0.0
/epuck1/cmd_vel,44.233073637,0.0,0.0
/epuck1/cmd_vel,44.273230249,0.0,0.0
/epuck1/cmd_vel,44.326930774,0.0,0.0
/epuck1/cmd_vel,44.365922587,0.0,0.0
/epuck1/cmd_vel,44.422376098,0.0,0.0
/epuck1/cmd_vel,44.490569503,0.0,0.0
/epuck1/cmd_vel,44.565919175,0.0,0.0
/epuck1/cmd_vel,44.603195494,0.0,0.0
/epuck1/cmd_vel,44.65902663,0.0,0.0
/epuck1/cmd_vel,44.698911083,0.0,0.0
/epuck1/cmd_vel,44.77072519,0.0,0.0
/epuck1/cmd_vel,44.812445166,0.0,0.0
/epuck1/cmd_vel,44.869364138,0.0,0.0
/epuck1/cmd_vel,44.901964119,0.0,0.0
/epuck1/cmd_vel,44.961665984,0.0,0.0
/epuck1/cmd_vel,45.008098487,0.0,0.0
/epuck1/cmd_vel,45.088392867,0.0,0.0
/epuck1/cmd_vel,45.128859619,0.0,0.0
/epuck1/cmd_vel,45.183139154,0.0,0.0
/epuck1/cmd_vel,45.220357851,0.0,0.0
/epuck1/cmd_vel,45.280444725,0.0,0.0
/epuck1/cmd_vel,45.334739413,0.0,0.0
/epuck1/cmd_vel,45.405907917,0.0,0.0
/epuck1/cmd_vel,45.444132702,0.0,0.0
/epuck1/cmd_vel,45.49602163,0.0,0.0
/epuck1/cmd_vel,45.535064087,0.0,0.0
/epuck1/cmd_vel,45.597452843,0.0,0.0
/epuck1/cmd_vel,45.661000315,0.0,0.0
/epuck1/cmd_vel,45.72285562,0.0,0.0
/epuck1/cmd_vel,45.757966436,0.0,0.0
/epuck1/cmd_vel,45.814848123,0.0,0.0
/epuck1/cmd_vel,45.852355129,0.0,0.0
/epuck1/cmd_vel,45.924581162,0.0,0.0
/epuck1/cmd_vel,45.977481634,0.0,0.0
/epuck1/cmd_vel,46.034024086,0.0,0.0
/epuck1/cmd_vel,46.067751807,0.0,0.0
/epuck1/cmd_vel,46.122692012,0.0,0.0
/epuck1/cmd_vel,46.163438506,0.0,0.0
/epuck1/cmd_vel,46.239256849,0.0,0.0
/epuck1/cmd_vel,46.278107261,0.0,0.0
/epuck1/cmd_vel,46.332688073,0.0,0.0
/epuck1/cmd_vel,46.370198272,0.0,0.0
/epuck1/cmd_vel,46.444133742,0.0,0.0
/epuck1/cmd_vel,46.484248731,0.0,0.0
/epuck1/cmd_vel,46.541056152,0.0,0.0
/epuck1/cmd_vel,46.575214304,0.0,0.0
/epuck1/cmd_vel,46.631874759,0.0,0.0
/epuck1/cmd_vel,46.684537179,0.0,0.0
/epuck1/cmd_vel,46.742979724,0.0,0.0
/epuck1/cmd_vel,46.77961018,0.0,0.0
/epuck1/cmd_vel,46.833896863,0.0,0.0
/epuck1/cmd_vel,46.870804324,0.0,0.0
/epuck1/cmd_vel,46.946527951,0.0,0.0
/epuck1/cmd_vel,46.986284721,0.0,0.0
/epuck1/cmd_vel,47.038562308,0.0,0.0
/epuck1/cmd_vel,47.075042177,0.0,0.0
/epuck1/cmd_vel,47.134388243,0.0,0.0
/epuck1/cmd_vel,47.189033243,0.0,0.0
/epuck1/cmd_vel,47.245313953,0.0,0.0
/epuck1/cmd_vel,47.279323475,0.0,0.0
/epuck1/cmd_vel,47.334641075,0.0,0.0
/epuck1/cmd_vel,47.376081404,0.0,0.0
/epuck1/cmd_vel,47.457365,0.0,0.0
/epuck1/cmd_vel,47.497756701,0.0,0.0
/epuck1/cmd_vel,47.553026063,0.0,0.0
/epuck1/cmd_vel,47.589017576,0.0,0.0
/epuck1/cmd_vel,47.645095743,0.0,0.0
/epuck1/cmd_vel,47.688792232,0.0,0.0
/epuck1/cmd_vel,47.768196184,0.0,0.0
/epuck1/cmd_vel,47.80726685,0.0,0.0
/epuck1/cmd_vel,47.862931221,0.0,0.0
/epuck1/cmd_vel,47.897574009,0.0,0.0
/epuck1/cmd_vel,47.958649329,0.0,0.0
/epuck1/cmd_vel,48.010128483,0.0,0.0
/epuck1/cmd_vel,48.080175311,0.0,0.0
/epuck1/cmd_vel,48.116864083,0.0,0.0
/epuck1/cmd_vel,48.169606934,0.0,0.0
/epuck1/cmd_vel,48.207371144,0.0,0.0
/epuck1/cmd_vel,48.267820829,0.0,0.0
/epuck1/cmd_vel,48.326442239,0.0,0.0
/epuck1/cmd_vel,48.385519812,0.0,0.0
/epuck1/cmd_vel,48.423401636,0.0,0.0
/epuck1/cmd_vel,48.475807696,0.0,0.0
/epuck1/cmd_vel,48.514098031,0.0,0.0
/epuck1/cmd_vel,48.589344751,0.0,0.0
/epuck1/cmd_vel,48.629266198,0.0,0.0
/epuck1/cmd_vel,48.682961786,0.0,0.0
/epuck1/cmd_vel,48.718926098,0.0,0.0
/epuck1/cmd_vel,48.777441344,0.0,0.0
/epuck1/cmd_vel,48.831361002,0.0,0.0
/epuck1/cmd_vel,48.887475666,0.0,0.0
/epuck1/cmd_vel,48.924012678,0.0,0.0
/epuck1/cmd_vel,48.977289187,0.0,0.0
/epuck1/cmd_vel,49.017288716,0.0,0.0
/epuck1/cmd_vel,49.092202755,0.0,0.0
/epuck1/cmd_vel,49.129606008,0.0,0.0
/epuck1/cmd_vel,49.182531441,0.0,0.0
/epuck1/cmd_vel,49.219268648,0.0,0.0
/epuck1/cmd_vel,49.29663914,0.0,0.0
/epuck1/cmd_vel,49.336357457,0.0,0.0
/epuck1/cmd_vel,49.390401772,0.0,0.0
/epuck1/cmd_vel,49.425072545,0.0,0.0
/epuck1/cmd_vel,49.483828201,0.0,0.0
/epuck1/cmd_vel,49.537642674,0.0,0.0
/epuck1/cmd_vel,49.598604588,0.0,0.0
/epuck1/cmd_vel,49.633703442,0.0,0.0
/epuck1/cmd_vel,49.68604825,0.0,0.0
/epuck1/cmd_vel,49.724650131,0.0,0.0
/epuck1/cmd_vel,49.797649105,0.0,0.0
/epuck1/cmd_vel,49.847907518,0.0,0.0
/epuck1/cmd_vel,49.906039693,0.0,0.0
/epuck1/cmd_vel,49.939271721,0.0,0.0
/epuck1/cmd_vel,49.995528556,0.0,0.0
/epuck1/cmd_vel,50.035302254,0.0,0.0
/epuck1/cmd_vel,50.117417551,0.0,0.0
/epuck1/cmd_vel,50.157614634,0.0,0.0
/epuck1/cmd_vel,50.212710121,0.0,0.0
/epuck1/cmd_vel,50.248397624,0.0,0.0
/epuck1/cmd_vel,50.306920796,0.0,0.0
/epuck1/cmd_vel,50.347477564,0.0,0.0
/epuck1/cmd_vel,50.427948736,0.0,0.0
/epuck1/cmd_vel,50.464797488,0.0,0.0
/epuck1/cmd_vel,50.520799823,0.0,0.0
/epuck1/cmd_vel,50.555481848,0.0,0.0
/epuck1/cmd_vel,50.614216076,0.0,0.0
/epuck1/cmd_vel,50.664431632,0.0,0.0
/epuck1/cmd_vel,50.736065737,0.0,0.0
/epuck1/cmd_vel,50.775726715,0.0,0.0
/epuck1/cmd_vel,50.829346569,0.0,0.0
/epuck1/cmd_vel,50.865149336,0.0,0.0
/epuck1/cmd_vel,50.925093444,0.0,0.0
/epuck1/cmd_vel,50.986907803,0.0,0.0
/epuck1/cmd_vel,51.044291153,0.0,0.0
/epuck1/cmd_vel,51.081236089,0.0,0.0
/epuck1/cmd_vel,51.137273258,0.0,0.0
/epuck1/cmd_vel,51.175213692,0.0,0.0
/epuck1/cmd_vel,51.248533703,0.0,0.0
/epuck1/cmd_vel,51.286608578,0.0,0.0
/epuck1/cmd_vel,51.341873733,0.0,0.0
/epuck1/cmd_vel,51.376871021,0.0,0.0
/epuck1/cmd_vel,51.436929806,0.0,0.0
/epuck1/cmd_vel,51.490128722,0.0,0.0
/epuck1/cmd_vel,51.549046805,0.0,0.0
/epuck1/cmd_vel,51.583094487,0.0,0.0
/epuck1/cmd_vel,51.638737723,0.0,0.0
/epuck1/cmd_vel,51.681017385,0.0,0.0
/epuck1/cmd_vel,51.755051778,0.0,0.0
/epuck1/cmd_vel,51.791599749,0.0,0.0
/epuck1/cmd_vel,51.845588487,0.0,0.0
/epuck1/cmd_vel,51.882875106,0.0,0.0
/epuck1/cmd_vel,51.95903337,0.0,0.0
/epuck1/cmd_vel,51.999728396,0.0,0.0
/epuck1/cmd_vel,52.055985917,0.0,0.0
/epuck1/cmd_vel,52.091889662,0.0,0.0
/epuck1/cmd_vel,52.149074676,0.0,0.0
/epuck1/cmd_vel,52.204635524,0.0,0.0
/epuck1/cmd_vel,52.26408671,0.0,0.0
/epuck1/cmd_vel,52.30048471,0.0,0.0
/epuck1/cmd_vel,52.35466741,0.0,0.0
/epuck1/cmd_vel,52.39342861,0.0,0.0
/epuck1/cmd_vel,52.47238871,0.0,0.0
/epuck1/cmd_vel,52.51270341,0.0,0.0
/epuck1/cmd_vel,52.56821891,0.0,0.0
/epuck1/cmd_vel,52.62286391,0.0,0.0
/epuck1/cmd_vel,52.66520291,0.0,0.0
/epuck1/cmd_vel,52.72235741,0.0,0.0
/epuck1/cmd_vel,52.77991141,0.0,0.0
/epuck1/cmd_vel,52.81826511,0.0,0.0
/epuck1/cmd_vel,52.87434671,0.0,0.0
/epuck1/cmd_vel,52.91586451,0.0,0.0
/epuck1/cmd_vel,52.99323601,0.0,0.0
/epuck1/cmd_vel,53.03001161,0.0,0.0
/epuck1/cmd_vel,53.08354311,0.0,0.0
/epuck1/cmd_vel,53.14194711,0.0,0.0
/epuck1/cmd_vel,53.20191741,0.0,0.0
/epuck1/cmd_vel,53.24180711,0.0,0.0
/epuck1/cmd_vel,53.29756811,0.0,0.0
/epuck1/cmd_vel,53.33379771,0.0,0.0
/epuck1/cmd_vel,53.39252481,0.0,0.0
/epuck1/cmd_vel,53.43701991,0.0,0.0
/epuck1/cmd_vel,53.51743551,0.0,0.0
/epuck1/cmd_vel,53.55750171,0.0,0.0
/epuck1/cmd_vel,53.61181151,0.0,0.0
/epuck1/cmd_vel,53.66574991,0.0,0.0
/epuck1/cmd_vel,53.70847241,0.0,0.0
/epuck1/cmd_vel,53.76039511,0.0,0.0
/epuck1/cmd_vel,53.83487391,0.0,0.0
/epuck1/cmd_vel,53.87148561,0.0,0.0
/epuck1/cmd_vel,53.92629351,0.0,0.0
/epuck1/cmd_vel,53.96530211,0.0,0.0
/epuck1/cmd_vel,54.024630853,0.0,0.0
/epuck1/cmd_vel,54.084169451,0.0,0.0
/epuck1/cmd_vel,54.144480286,0.0,0.0
/epuck1/cmd_vel,54.197989311,0.0,0.0
/epuck1/cmd_vel,54.236524045,0.0,0.0
/epuck1/cmd_vel,54.275367181,0.0,0.0
/epuck1/cmd_vel,54.350062168,0.0,0.0
/epuck1/cmd_vel,54.398813145,0.0,0.0
/epuck1/cmd_vel,54.456880444,0.0,0.0
/epuck1/cmd_vel,54.493006232,0.0,0.0
/epuck1/cmd_vel,54.548986515,0.0,0.0
/epuck1/cmd_vel,54.58940533,0.0,0.0
/epuck1/cmd_vel,54.660501119,0.0,0.0
/epuck1/cmd_vel,54.716759585,0.0,0.0
/epuck1/cmd_vel,54.755074696,0.0,0.0
/epuck1/cmd_vel,54.792220292,0.0,0.0
/epuck1/cmd_vel,54.865860316,0.0,0.0
/epuck1/cmd_vel,54.906060001,0.0,0.0
/epuck1/cmd_vel,54.961023637,0.0,0.0
/epuck1/cmd_vel,54.99686354,0.0,0.0
/epuck1/cmd_vel,55.056274254,0.0,0.0
/epuck1/cmd_vel,55.114704564,0.0,0.0
/epuck1/cmd_vel,55.173618953,0.0,0.0
/epuck1/cmd_vel,55.227092428,0.0,0.0
/epuck1/cmd_vel,55.262603389,0.0,0.0
/epuck1/cmd_vel,55.302803173,0.0,0.0
/epuck1/cmd_vel,55.37900817,0.0,0.0
/epuck1/cmd_vel,55.417698635,0.0,0.0
/epuck1/cmd_vel,55.471745857,0.0,0.0
/epuck1/cmd_vel,55.509091523,0.0,0.0
/epuck1/cmd_vel,55.570268409,0.0,0.0
/epuck1/cmd_vel,55.625706645,0.0,0.0
/epuck1/cmd_vel,55.683464456,0.0,0.0
/epuck1/cmd_vel,55.735819076,0.0,0.0
/epuck1/cmd_vel,55.775720433,0.0,0.0
/epuck1/cmd_vel,55.815298378,0.0,0.0
/epuck1/cmd_vel,55.887616316,0.0,0.0
/epuck1/cmd_vel,55.926174751,0.0,0.0
/epuck1/cmd_vel,55.98167915,0.0,0.0
/epuck1/cmd_vel,56.017967681,0.0,0.0
/epuck1/cmd_vel,56.094149274,0.0,0.0
/epuck1/cmd_vel,56.13409576,0.0,0.0
/epuck1/cmd_vel,56.191316363,0.0,0.0
/epuck1/cmd_vel,56.245216049,0.0,0.0
/epuck1/cmd_vel,56.28371069,0.0,0.0
/epuck1/cmd_vel,56.320998192,0.0,0.0
/epuck1/cmd_vel,56.402973342,0.0,0.0
/epuck1/cmd_vel,56.441804824,0.0,0.0
/epuck1/cmd_vel,56.493482008,0.0,0.0
/epuck1/cmd_vel,56.530635701,0.0,0.0
/epuck1/cmd_vel,56.589645583,0.0,0.0
/epuck1/cmd_vel,56.64413294,0.0,0.0
/epuck1/cmd_vel,56.716694992,0.0,0.0
/epuck1/cmd_vel,56.771502206,0.0,0.0
/epuck1/cmd_vel,56.806229376,0.0,0.0
/epuck1/cmd_vel,56.843836142,0.0,0.0
/epuck1/cmd_vel,56.921554309,0.0,0.0
/epuck1/cmd_vel,56.964396783,0.0,0.0
/epuck1/cmd_vel,57.018654938,0.0,0.0
/epuck1/cmd_vel,57.055274978,0.0,0.0
/epuck1/cmd_vel,57.113150896,0.0,0.0
/epuck1/cmd_vel,57.16515001,0.0,0.0
/epuck1/cmd_vel,57.225033942,0.0,0.0
/epuck1/cmd_vel,57.262365388,0.0,0.0
/epuck1/cmd_vel,57.316728812,0.0,0.0
/epuck1/cmd_vel,57.357019448,0.0,0.0
/epuck1/cmd_vel,57.430491594,0.0,0.0
/epuck1/cmd_vel,57.470733644,0.0,0.0
/epuck1/cmd_vel,57.525375646,0.0,0.0
/epuck1/cmd_vel,57.562675689,0.0,0.0
/epuck1/cmd_vel,57.620308974,0.0,0.0
/epuck1/cmd_vel,57.680228457,0.0,0.0
/epuck1/cmd_vel,57.737739784,0.0,0.0
/epuck1/cmd_vel,57.771502942,0.0,0.0
/epuck2/cmd_vel,3.22702658,0.0,0.0
/epuck2/cmd_vel,3.29986448,0.0,0.0
/epuck2/cmd_vel,3.33751468,0.0,0.0
/epuck2/cmd_vel,3.391981679,0.0,0.0
/epuck2/cmd_vel,3.427900379,0.0,0.0
/epuck2/cmd_vel,3.495070779,0.0,0.0
/epuck2/cmd_vel,3.549291378,0.0,0.0
/epuck2/cmd_vel,3.605335178,0.0,0.0
/epuck2/cmd_vel,3.641063978,0.0,0.0
/epuck2/cmd_vel,3.696803078,0.0,0.0
/epuck2/cmd_vel,3.738490777,0.0,0.0
/epuck2/cmd_vel,3.821480377,0.0,0.0
/epuck2/cmd_vel,3.863109077,0.0,0.0
/epuck2/cmd_vel,3.917357077,0.0,0.0
/epuck2/cmd_vel,3.955972076,0.0,0.0
/epuck2/cmd_vel,4.025090476,0.0,0.0
/epuck2/cmd_vel,4.068632276,0.0,0.0
/epuck2/cmd_vel,4.122621776,0.0,0.0
/epuck2/cmd_vel,4.158792776,0.0,0.0
/epuck2/cmd_vel,4.218389976,0.0,0.0
/epuck2/cmd_vel,4.258876976,0.0,0.0
/epuck2/cmd_vel,4.356502976,0.0,0.0
/epuck2/cmd_vel,4.395149276,0.0,0.0
/epuck2/cmd_vel,4.448893776,0.0,0.0
/epuck2/cmd_vel,4.487680376,0.0,0.0
/epuck2/cmd_vel,4.546474676,0.0,0.0
/epuck2/cmd_vel,4.604695676,0.0,0.0
/epuck2/cmd_vel,4.664323976,0.0,0.0
/epuck2/cmd_vel,4.700110676,0.0,0.0
/epuck2/cmd_vel,4.756090776,0.0,0.0
/epuck2/cmd_vel,4.797694276,0.0,0.0
/epuck2/cmd_vel,4.877422376,0.0,0.0
/epuck2/cmd_vel,4.912386076,0.0,0.0
/epuck2/cmd_vel,4.968303892,0.0,0.0
/epuck2/cmd_vel,5.005598502,0.0,0.0
/epuck2/cmd_vel,5.080915511,0.0,0.0
/epuck2/cmd_vel,5.123091044,0.0,0.0
/epuck2/cmd_vel,5.178732564,0.0,0.0
/epuck2/cmd_vel,5.214786894,0.0,0.0
/epuck2/cmd_vel,5.271250301,0.0,0.0
/epuck2/cmd_vel,5.33007647,0.0,0.0
/epuck2/cmd_vel,5.388749042,0.0,0.0
/epuck2/cmd_vel,5.427649127,0.0,0.0
/epuck2/cmd_vel,5.482589758,0.0,0.0
/epuck2/cmd_vel,5.524707892,0.0,0.0
/epuck2/cmd_vel,5.600159999,0.0,0.0
/epuck2/cmd_vel,5.640517161,0.0,0.0
/epuck2/cmd_vel,5.693264626,0.0,0.0
/epuck2/cmd_vel,5.730633935,0.0,0.0
/epuck2/cmd_vel,5.790745185,0.0,0.0
/epuck2/cmd_vel,5.850615538,0.0,0.0
/epuck2/cmd_vel,5.905975062,0.0,0.0
/epuck2/cmd_vel,5.943925562,0.0,0.0
/epuck2/cmd_vel,5.999483583,0.0,0.0
/epuck2/cmd_vel,6.041575118,0.0,0.0
/epuck2/cmd_vel,6.115540848,0.0,0.0
/epuck2/cmd_vel,6.157474085,0.0,0.0
/epuck2/cmd_vel,6.208491278,0.0,0.0
/epuck2/cmd_vel,6.247694158,0.0,0.0
/epuck2/cmd_vel,6.309201185,0.0,0.0
/epuck2/cmd_vel,6.374712749,0.0,0.0
/epuck2/cmd_vel,6.434997995,0.0,0.0
/epuck2/cmd_vel,6.470993326,0.0,0.0
/epuck2/cmd_vel,6.527312035,0.0,0.0
/epuck2/cmd_vel,6.567329303,0.0,0.0
/epuck2/cmd_vel,6.642671111,0.0,0.0
/epuck2/cmd_vel,6.684233954,0.0,0.0
/epuck2/cmd_vel,6.738628693,0.0,0.0
/epuck2/cmd_vel,6.775737607,0.0,0.0
/epuck2/cmd_vel,6.836130951,0.0,0.0
/epuck2/cmd_vel,6.891593674,0.0,0.0
/epuck2/cmd_vel,6.965672303,0.0,0.0
/epuck2/cmd_vel,7.001836031,0.0,0.0
/epuck2/cmd_vel,7.055913175,0.0,0.0
/epuck2/cmd_vel,7.096223338,0.0,0.0
/epuck2/cmd_vel,7.170037971,0.0,0.0
/epuck2/cmd_vel,7.211692212,0.0,0.0
/epuck2/cmd_vel,7.269828692,0.0,0.0
/epuck2/cmd_vel,7.307641794,0.0,0.0
/epuck2/cmd_vel,7.36353941,0.0,0.0
/epuck2/cmd_vel,7.886763479,0.0,0.0
/epuck2/cmd_vel,7.947254222,0.0,0.0
/epuck2/cmd_vel,7.984344136,0.0,0.0
/epuck2/cmd_vel,8.038855573,0.0,0.0
/epuck2/cmd_vel,8.080424416,0.0,0.0
/epuck2/cmd_vel,8.157726193,0.0,0.0
/epuck2/cmd_vel,8.198101855,0.0,0.0
/epuck2/cmd_vel,8.251627508,0.0,0.0
/epuck2/cmd_vel,8.289370811,0.0,0.0
/epuck2/cmd_vel,8.349862155,0.0,0.0
/epuck2/cmd_vel,8.404896184,0.0,0.0
/epuck2/cmd_vel,8.463679555,0.0,0.0
/epuck2/cmd_vel,8.49999668,0.0,0.0
/epuck2/cmd_vel,8.556888681,0.0,0.0
/epuck2/cmd_vel,8.595788365,0.001962223950000208,-8.742278012618954e-08
/epuck2/cmd_vel,8.673688433,0.005848497500000249,-8.742278012618954e-08
/epuck2/cmd_vel,8.713568703,0.007846865900000211,-8.742278012618954e-08
/epuck2/cmd_vel,8.766621663,0.010482944199999978,-8.742278012618954e-08
/epuck2/cmd_vel,8.805245553,0.012398683900000053,-8.742278012618954e-08
/epuck2/cmd_vel,8.869778332,0.015654547400000142,-8.742278012618954e-08
/epuck2/cmd_vel,8.931442457,0.018607815700000075,-8.742278012618954e-08
/epuck2/cmd_vel,8.988076261,0.021567063900000252,-8.742278012618954e-08
/epuck2/cmd_vel,9.02798953,0.02346465389999999,-8.742278012618954e-08
/epuck2/cmd_vel,9.081196388,0.025,-8.742278012618954e-08
/epuck2/cmd_vel,9.121618249,0.025,-8.742278012618954e-08
/epuck2/cmd_vel,9.192615826,0.025,-8.742278012618954e-08
/epuck2/cmd_vel,9.245854184,0.025,-8.742278012618954e-08
/epuck2/cmd_vel,9.308121299,0.025,-8.742278012618954e-08
/epuck2/cmd_vel,9.342649253,0.025,-8.742278012618954e-08
/epuck2/cmd_vel,9.400130444,0.025,-8.742278012618954e-08
/epuck2/cmd_vel,9.441577989,0.025,-8.742278012618954e-08
/epuck2/cmd_vel,9.533856129,0.025,-8.742278012618954e-08
/epuck2/cmd_vel,9.574558286,0.025,-8.742278012618954e-08
/epuck2/cmd_vel,9.62931932,0.025,-8.742278012618954e-08
/epuck2/cmd_vel,9.665556846,0.025,-8.742278012618954e-08
/epuck2/cmd_vel,9.723777526,0.025,-8.742278012618954e-08
/epuck2/cmd_vel,9.769880997,0.025,-8.742278012618954e-08
/epuck2/cmd_vel,9.82971425,0.025,-8.742278012618954e-08
/epuck2/cmd_vel,9.866733565,0.025,-8.742278012618954e-08
/epuck2/cmd_vel,9.924525151,0.025,-8.742278012618954e-08
/epuck2/cmd_vel,9.974980653,0.025,-8.742278012618954e-08
/epuck2/cmd_vel,10.038089355,0.025,-8.742278012618954e-08
/epuck2/cmd_vel,10.073357997,0.025,-8.742278012618954e-08
/epuck2/cmd_vel,10.12435799,0.025,-8.742278012618954e-08
/epuck2/cmd_vel,10.167228912,0.025,-8.742278012618954e-08
/epuck2/cmd_vel,10.23883698,0.025,-8.742278012618954e-08
/epuck2/cmd_vel,10.289655176,0.025,-8.742278012618954e-08
/epuck2/cmd_vel,10.350195719,0.025,-8.742278012618954e-08
/epuck2/cmd_vel,10.385164766,0.025,-8.742278012618954e-08
/epuck2/cmd_vel,10.440372592,0.025,-8.742278012618954e-08
/epuck2/cmd_vel,10.481254146,0.025,-8.742278012618954e-08
/epuck2/cmd_vel,10.595813734,0.025,-8.742278012618954e-08
/epuck2/cmd_vel,10.639468444,0.025,-8.742278012618954e-08
/epuck2/cmd_vel,10.695636455,0.025,-8.742278012618954e-08
/epuck2/cmd_vel,10.73137179,0.025,-8.742278012618954e-08
/epuck2/cmd_vel,10.788818982,0.025,-8.742278012618954e-08
/epuck2/cmd_vel,10.843000625,0.025,-8.742278012618954e-08
/epuck2/cmd_vel,10.90399276,0.025,-8.742278012618954e-08
/epuck2/cmd_vel,10.940442284,0.025,-8.742278012618954e-08
/epuck2/cmd_vel,10.996794092,0.025,-8.742278012618954e-08
/epuck2/cmd_vel,11.035450181,0.025,-8.742278012618954e-08
/epuck2/cmd_vel,11.112090169,0.025,-8.742278012618954e-08
/epuck2/cmd_vel,11.149995669,0.025,-8.742278012618954e-08
/epuck2/cmd_vel,11.204825702,0.025,-8.742278012618954e-08
/epuck2/cmd_vel,11.241306925,0.025,-8.742278012618954e-08
/epuck2/cmd_vel,11.30110458,0.025,-8.742278012618954e-08
/epuck2/cmd_vel,11.360608338,0.025,-8.742278012618954e-08
/epuck2/cmd_vel,11.418587422,0.025,-8.742278012618954e-08
/epuck2/cmd_vel,11.452979978,0.025,-8.742278012618954e-08
/epuck2/cmd_vel,11.509800779,0.025,-8.742278012618954e-08
/epuck2/cmd_vel,11.550683632,0.025,-8.742278012618954e-08
/epuck2/cmd_vel,11.62924229,0.025,-8.742278012618954e-08
/epuck2/cmd_vel,11.668291672,0.025,-8.742278012618954e-08
/epuck2/cmd_vel,11.722442916,0.025,-8.742278012618954e-08
/epuck2/cmd_vel,11.760254718,0.025,-8.742278012618954e-08
/epuck2/cmd_vel,11.838116187,0.025,-8.742278012618954e-08
/epuck2/cmd_vel,11.878169453,0.025,-8.742278012618954e-08
/epuck2/cmd_vel,11.934403364,0.025,-8.742278012618954e-08
/epuck2/cmd_vel,11.971004485,0.025,-8.742278012618954e-08
/epuck2/cmd_vel,12.031804723,0.025,-8.742278012618954e-08
/epuck2/cmd_vel,12.071214,0.025,-8.742278012618954e-08
/epuck2/cmd_vel,12.150524946,0.025,-8.742278012618954e-08
/epuck2/cmd_vel,12.19195409,0.025,-8.742278012618954e-08
/epuck2/cmd_vel,12.245508043,0.025,-8.742278012618954e-08
/epuck2/cmd_vel,12.284751523,0.025,-8.742278012618954e-08
/epuck2/cmd_vel,12.342708906,0.025,-8.742278012618954e-08
/epuck2/cmd_vel,12.396721152,0.025,-8.742278012618954e-08
/epuck2/cmd_vel,12.467730529,0.025,-8.742278012618954e-08
/epuck2/cmd_vel,12.507102706,0.025,-8.742278012618954e-08
/epuck2/cmd_vel,12.559250881,0.025,-8.742278012618954e-08
/epuck2/cmd_vel,12.597952269,0.025,-8.742278012618954e-08
/epuck2/cmd_vel,12.674943752,0.025,-8.742278012618954e-08
/epuck2/cmd_vel,12.714407628,0.025,-8.742278012618954e-08
/epuck2/cmd_vel,12.770158246,0.025,-8.742278012618954e-08
/epuck2/cmd_vel,12.807003563,0.025,-8.742278012618954e-08
/epuck2/cmd_vel,12.863993062,0.025,-8.742278012618954e-08
/epuck2/cmd_vel,12.92166125,0.025,-8.742278012618954e-08
/epuck2/cmd_vel,12.984101562,0.025,-8.742278012618954e-08
/epuck2/cmd_vel,13.017714431,0.025,-8.742278012618954e-08
/epuck2/cmd_vel,13.073854843,0.025,-8.742278012618954e-08
/epuck2/cmd_vel,13.112831826,0.025,-8.742278012618954e-08
/epuck2/cmd_vel,13.188586128,0.025,-8.742278012618954e-08
/epuck2/cmd_vel,13.230082172,0.025,-8.742278012618954e-08
/epuck2/cmd_vel,13.282971736,0.025,-8.742278012618954e-08
/epuck2/cmd_vel,13.320379644,0.025,-8.742278012618954e-08
/epuck2/cmd_vel,13.379586308,0.025,-8.742278012618954e-08
/epuck2/cmd_vel,13.440205773,0.025,-8.742278012618954e-08
/epuck2/cmd_vel,13.494938429,0.025,-8.742278012618954e-08
/epuck2/cmd_vel,13.530202959,0.025,-8.742278012618954e-08
/epuck2/cmd_vel,13.588170982,0.025,-8.742278012618954e-08
/epuck2/cmd_vel,13.62572186,0.025,-8.742278012618954e-08
/epuck2/cmd_vel,13.703606774,0.025,-8.742278012618954e-08
/epuck2/cmd_vel,13.741317446,0.025,-8.742278012618954e-08
/epuck2/cmd_vel,13.794815364,0.025,-8.742278012618954e-08
/epuck2/cmd_vel,13.833055337,0.025,-8.742278012618954e-08
/epuck2/cmd_vel,13.908360896,0.025,-8.742278012618954e-08
/epuck2/cmd_vel,13.950462811,0.025,-8.742278012618954e-08
/epuck2/cmd_vel,14.007134561,0.025,-8.742278012618954e-08
/epuck2/cmd_vel,14.040156259,0.025,-8.742278012618954e-08
/epuck2/cmd_vel,14.098063043,0.025,-8.742278012618954e-08
/epuck2/cmd_vel,14.153537862,0.025,-8.742278012618954e-08
/epuck2/cmd_vel,14.213715636,0.025,-8.742278012618954e-08
/epuck2/cmd_vel,14.248546958,0.025,-8.742278012618954e-08
/epuck2/cmd_vel,14.301002914,0.025,-8.742278012618954e-08
/epuck2/cmd_vel,14.340845064,0.025,-8.742278012618954e-08
/epuck2/cmd_vel,14.414307032,0.025,-8.742278012618954e-08
/epuck2/cmd_vel,14.466155416,0.025,-8.742278012618954e-08
/epuck2/cmd_vel,14.522015691,0.025,-8.742278012618954e-08
/epuck2/cmd_vel,14.559071531,0.025,-8.742278012618954e-08
/epuck2/cmd_vel,14.615058912,0.025,-8.742278012618954e-08
/epuck2/cmd_vel,14.654664668,0.025,-8.742278012618954e-08
/epuck2/cmd_vel,14.737021854,0.025,-8.742278012618954e-08
/epuck2/cmd_vel,14.777702948,0.025,-8.742278012618954e-08
/epuck2/cmd_vel,14.832275909,0.025,-8.742278012618954e-08
/epuck2/cmd_vel,14.867346381,0.025,-8.742278012618954e-08
/epuck2/cmd_vel,14.924877259,0.025,-8.742278012618954e-08
/epuck2/cmd_vel,14.977147331,0.025,-8.742278012618954e-08
/epuck2/cmd_vel,15.035873959,0.025,-8.742278012618954e-08
/epuck2/cmd_vel,15.072602334,0.025,-8.742278012618954e-08
/epuck2/cmd_vel,15.126771329,0.025,-8.742278012618954e-08
/epuck2/cmd_vel,15.165720777,0.025,-8.742278012618954e-08
/epuck2/cmd_vel,15.242868746,0.025,-8.742278012618954e-08
/epuck2/cmd_vel,15.281272353,0.025,-8.742278012618954e-08
/epuck2/cmd_vel,15.3344304,0.025,-8.742278012618954e-08
/epuck2/cmd_vel,15.372762134,0.025,-8.742278012618954e-08
/epuck2/cmd_vel,15.432036572,0.025,-8.742278012618954e-08
/epuck2/cmd_vel,15.484855635,0.025,-8.742278012618954e-08
/epuck2/cmd_vel,15.541074093,0.025,-8.742278012618954e-08
/epuck2/cmd_vel,15.577894721,0.025,-8.742278012618954e-08
/epuck2/cmd_vel,15.633447222,0.025,-8.742278012618954e-08
/epuck2/cmd_vel,15.673848011,0.025,-8.742278012618954e-08
/epuck2/cmd_vel,15.74973525,0.025,-8.742278012618954e-08
/epuck2/cmd_vel,15.78863163,0.025,-8.742278012618954e-08
/epuck2/cmd_vel,15.840552871,0.025,-8.742278012618954e-08
/epuck2/cmd_vel,15.878220518,0.025,-8.742278012618954e-08
/epuck2/cmd_vel,15.952223601,0.025,-8.742278012618954e-08
/epuck2/cmd_vel,15.995406466,0.025,-8.742278012618954e-08
/epuck2/cmd_vel,16.050514929,0.025,-8.742278012618954e-08
/epuck2/cmd_vel,16.085513923,0.025,-8.742278012618954e-08
/epuck2/cmd_vel,16.142508313,0.025,-8.742278012618954e-08
/epuck2/cmd_vel,16.181995528,0.025,-8.742278012618954e-08
/epuck2/cmd_vel,16.263950028,0.025,-8.742278012618954e-08
/epuck2/cmd_vel,16.305087565,0.021029608399999945,-0.11911183542278181
/epuck2/cmd_vel,16.358263531,0.015561777500000318,-0.2831467624227706
/epuck2/cmd_vel,16.394619939,0.011931236699999914,-0.3920629864227827
/epuck2/cmd_vel,16.455822149,0.006,-0.5752717534227791
/epuck2/cmd_vel,16.504586788,0.006,-0.65
/epuck2/cmd_vel,16.575093694,0.006,-0.65
/epuck2/cmd_vel,16.614414813,0.006,-0.65
/epuck2/cmd_vel,16.667554547,0.006,-0.65
/epuck2/cmd_vel,16.704359915,0.006,-0.65
/epuck2/cmd_vel,16.764469852,0.006,-0.65
/epuck2/cmd_vel,16.82513902,0.006,-0.65
/epuck2/cmd_vel,16.886265419,0.006,-0.65
/epuck2/cmd_vel,16.923992927,0.006,-0.65
/epuck2/cmd_vel,16.975160486,0.006,-0.65
/epuck2/cmd_vel,17.014795779,0.006,-0.65
/epuck2/cmd_vel,17.087987683,0.009663439900000043,-0.3569248079999966
/epuck2/cmd_vel,17.125260028,0.011549894050000148,-0.20600847599998817
/epuck2/cmd_vel,17.180072828,0.012,-0.10722234249589223
/epuck2/cmd_vel,17.215714247,0.012,-0.019871592526409826
/epuck2/cmd_vel,17.274253907,0.012,-0.019871592526409822
/epuck2/cmd_vel,17.330384542,0.012,0.0039515733671448665
/epuck2/cmd_vel,17.388684265,0.012,0.003951573367144867
/epuck2/cmd_vel,17.423261373,0.012,0.003951573367144867
/epuck2/cmd_vel,17.479308124,0.012,0.007922101016070649
/epuck2/cmd_vel,17.518525569,0.012,0.007922101016070649
/epuck2/cmd_vel,17.592747028,0.012,0.003951573367144867
/epuck2/cmd_vel,17.631261201,0.012,0.003951573367144867
/epuck2/cmd_vel,17.685253073,0.012,0.007922101016070649
/epuck2/cmd_vel,17.722587446,0.012,0.007922101016070649
/epuck2/cmd_vel,17.782413042,0.012,0.007922101016070649
/epuck2/cmd_vel,17.843921549,0.012,0.003951573367144867
/epuck2/cmd_vel,17.902316281,0.012,-1.895428178091442e-05
/epuck2/cmd_vel,17.938723886,0.012,-1.8954281780914074e-05
/epuck2/cmd_vel,17.993330322,0.012,-1.8954281780914074e-05
/epuck2/cmd_vel,18.031136497,0.012,0.003951573367144867
/epuck2/cmd_vel,18.103875502,0.012,0.003951573367144867
/epuck2/cmd_vel,18.155544006,0.012,-1.895428178091442e-05
/epuck2/cmd_vel,18.213495489,0.012,-1.8954281780914074e-05
/epuck2/cmd_vel,18.248581222,0.012,0.003951573367144867
/epuck2/cmd_vel,18.301864309,0.012,0.003951573367144867
/epuck2/cmd_vel,18.34333827,0.012,-1.895428178091442e-05
/epuck2/cmd_vel,18.426459279,0.012,-1.8954281780914074e-05
/epuck2/cmd_vel,18.467962383,0.012,-1.8954281780914074e-05
/epuck2/cmd_vel,18.524706104,0.012,-1.8954281780914074e-05
/epuck2/cmd_vel,18.557004249,0.012,-1.8954281780914074e-05
/epuck2/cmd_vel,18.61518671,0.012,-1.8954281780914074e-05
/epuck2/cmd_vel,18.669633843,0.012,-1.8954281780914074e-05
/epuck2/cmd_vel,18.731094697,0.012,-1.8954281780914074e-05
/epuck2/cmd_vel,18.765989425,0.012,-1.8954281780914074e-05
/epuck2/cmd_vel,18.818262943,0.012,-1.8954281780914074e-05
/epuck2/cmd_vel,18.856414895,0.012,-1.8954281780914074e-05
/epuck2/cmd_vel,18.936420751,0.012,-1.8954281780914074e-05
/epuck2/cmd_vel,18.973577509,0.012,-1.8954281780914074e-05
/epuck2/cmd_vel,19.026013578,0.012,-1.8954281780914074e-05
/epuck2/cmd_vel,19.062598699,0.012,-1.8954281780914074e-05
/epuck2/cmd_vel,19.121642258,0.012,-1.8954281780914074e-05
/epuck2/cmd_vel,19.183407932,0.012,0.003951573367144867
/epuck2/cmd_vel,19.241309104,0.012,0.003951573367144867
/epuck2/cmd_vel,19.277167028,0.012,0.003951573367144867
/epuck2/cmd_vel,19.329352427,0.012,-1.895428178091442e-05
/epuck2/cmd_vel,19.408293087,0.012,-1.8954281780914074e-05
/epuck2/cmd_vel,19.449097251,0.012,-1.8954281780914074e-05
/epuck2/cmd_vel,19.487132139,0.012,-1.8954281780914074e-05
/epuck2/cmd_vel,19.538856074,0.012,-1.8954281780914074e-05
/epuck2/cmd_vel,19.574506748,0.012,-1.8954281780914074e-05
/epuck2/cmd_vel,19.654060199,0.012,-1.8954281780914074e-05
/epuck2/cmd_vel,19.69545126,0.012,-1.8954281780914074e-05
/epuck2/cmd_vel,19.750440394,0.012,-1.8954281780914074e-05
/epuck2/cmd_vel,19.785700198,0.012,-1.8954281780914074e-05
/epuck2/cmd_vel,19.842453273,0.012,-1.8954281780914074e-05
/epuck2/cmd_vel,19.919866582,0.012,-1.8954281780914074e-05
/epuck2/cmd_vel,19.962310927,0.012,-1.8954281780914074e-05
/epuck2/cmd_vel,19.995752934,0.012,-1.8954281780914074e-05
/epuck2/cmd_vel,20.049445402,0.012,-1.8954281780914074e-05
/epuck2/cmd_vel,20.088647488,0.012,-1.8954281780914074e-05
/epuck2/cmd_vel,20.161922193,0.012,-1.8954281780914074e-05
/epuck2/cmd_vel,20.201260443,0.012,-1.8954281780914074e-05
/epuck2/cmd_vel,20.255326847,0.012,-1.8954281780914074e-05
/epuck2/cmd_vel,20.291684436,0.012,-1.8954281780914074e-05
/epuck2/cmd_vel,20.350779783,0.012,-1.8954281780914074e-05
/epuck2/cmd_vel,20.427415288,0.012,-1.8954281780914074e-05
/epuck2/cmd_vel,20.466636376,0.012,-1.8954281780914074e-05
/epuck2/cmd_vel,20.501192513,0.012,-1.8954281780914074e-05
/epuck2/cmd_vel,20.557932888,0.012,-1.8954281780914074e-05
/epuck2/cmd_vel,20.599161988,0.012,-1.8954281780914074e-05
/epuck2/cmd_vel,20.672997992,0.012,-1.8954281780914074e-05
/epuck2/cmd_vel,20.708747812,0.012,-1.8954281780914074e-05
/epuck2/cmd_vel,20.763985745,0.012,-1.8954281780914074e-05
/epuck2/cmd_vel,20.802752458,0.012,-1.8954281780914074e-05
/epuck2/cmd_vel,20.877657399,0.012,-1.8954281780914074e-05
/epuck2/cmd_vel,20.934529311,0.012,-1.8954281780914074e-05
/epuck2/cmd_vel,20.97293912,0.012,-1.8954281780914074e-05
/epuck2/cmd_vel,21.006909345,0.012,-1.8954281780914074e-05
/epuck2/cmd_vel,21.064462868,0.012,-1.8954281780914074e-05
/epuck2/cmd_vel,21.106189764,0.012,-1.8954281780914074e-05
/epuck2/cmd_vel,21.190102852,0.012,-1.8954281780914074e-05
/epuck2/cmd_vel,21.229225188,0.012,-1.8954281780914074e-05
/epuck2/cmd_vel,21.282584874,0.012,-1.8954281780914074e-05
/epuck2/cmd_vel,21.317341172,0.012,-1.8954281780914074e-05
/epuck2/cmd_vel,21.376869135,0.012,-1.8954281780914074e-05
/epuck2/cmd_vel,21.429872212,0.012,-1.8954281780914074e-05
/epuck2/cmd_vel,21.497694159,0.012,-1.8954281780914074e-05
/epuck2/cmd_vel,21.533333334,0.012,-1.8954281780914074e-05
/epuck2/cmd_vel,21.58211375,0.012,-1.8954281780914074e-05
/epuck2/cmd_vel,21.616982284,0.012,-1.8954281780914074e-05
/epuck2/cmd_vel,21.689607217,0.012,-1.8954281780914074e-05
/epuck2/cmd_vel,21.726033259,0.012,-1.8954281780914074e-05
/epuck2/cmd_vel,21.779308917,0.012,-1.8954281780914074e-05
/epuck2/cmd_vel,21.811168767,0.012,-1.8954281780914074e-05
/epuck2/cmd_vel,21.86495345,0.012,-1.8954281780914074e-05
/epuck2/cmd_vel,21.915815892,0.012,-1.8954281780914074e-05
/epuck2/cmd_vel,21.970761259,0.012,-1.8954281780914074e-05
/epuck2/cmd_vel,22.0060378,0.012,-1.8954281780914074e-05
/epuck2/cmd_vel,22.056852117,0.012,-1.8954281780914074e-05
/epuck2/cmd_vel,22.093658667,0.012,-1.8954281780914074e-05
/epuck2/cmd_vel,22.158763817,0.012,-1.8954281780914074e-05
/epuck2/cmd_vel,22.205740234,0.012,-1.8954281780914074e-05
/epuck2/cmd_vel,22.259156142,0.012,-1.8954281780914074e-05
/epuck2/cmd_vel,22.292597884,0.012,-1.8954281780914074e-05
/epuck2/cmd_vel,22.343857517,0.012,-1.8954281780914074e-05
/epuck2/cmd_vel,22.382956467,0.012,-1.8954281780914074e-05
/epuck2/cmd_vel,22.458632709,0.012,-1.8954281780914074e-05
/epuck2/cmd_vel,22.497577292,0.012,-1.8954281780914074e-05
/epuck2/cmd_vel,22.548270425,0.012,-1.8954281780914074e-05
/epuck2/cmd_vel,22.582007425,0.012,-1.8954281780914074e-05
/epuck2/cmd_vel,22.636021642,0.012,-1.8954281780914074e-05
/epuck2/cmd_vel,22.687454159,0.012,-1.8954281780914074e-05
/epuck2/cmd_vel,22.741831834,0.012,-1.8954281780914074e-05
/epuck2/cmd_vel,22.77582385,0.012,-1.8954281780914074e-05
/epuck2/cmd_vel,22.825919867,0.012,-1.8954281780914074e-05
/epuck2/cmd_vel,22.86120695,0.012,-1.8954281780914074e-05
/epuck2/cmd_vel,22.929597434,0.012,-1.8954281780914074e-05
/epuck2/cmd_vel,22.965889367,0.012,-1.8954281780914074e-05
/epuck2/cmd_vel,23.013252342,0.012,-1.8954281780914074e-05
/epuck2/cmd_vel,23.048100617,0.012,-1.8954281780914074e-05
/epuck2/cmd_vel,23.102479484,0.012,-1.8954281780914074e-05
/epuck2/cmd_vel,23.156012634,0.012,-1.8954281780914074e-05
/epuck2/cmd_vel,23.208801909,0.012,-1.8954281780914074e-05
/epuck2/cmd_vel,23.241543042,0.012,-1.8954281780914074e-05
/epuck2/cmd_vel,23.292835125,0.012,-1.8954281780914074e-05
/epuck2/cmd_vel,23.331571259,0.012,-1.8954281780914074e-05
/epuck2/cmd_vel,23.40593465,0.012,-1.8954281780914074e-05
/epuck2/cmd_vel,23.4439193,0.012,-1.8954281780914074e-05
/epuck2/cmd_vel,23.49071825,0.012,-1.8954281780914074e-05
/epuck2/cmd_vel,23.523318125,0.012,-1.8954281780914074e-05
/epuck2/cmd_vel,23.593339267,0.012,-1.8954281780914074e-05
/epuck2/cmd_vel,23.630164792,0.012,-1.8954281780914074e-05
/epuck2/cmd_vel,23.684303767,0.012,-1.8954281780914074e-05
/epuck2/cmd_vel,23.716981925,0.012,-1.8954281780914074e-05
/epuck2/cmd_vel,23.7684622,0.012,-1.8954281780914074e-05
/epuck2/cmd_vel,23.807645759,0.012,-1.8954281780914074e-05
/epuck2/cmd_vel,23.883535125,0.012,-1.8954281780914074e-05
/epuck2/cmd_vel,23.9209431,0.012,-1.8954281780914074e-05
/epuck2/cmd_vel,23.970794734,0.012,-1.8954281780914074e-05
/epuck2/cmd_vel,24.00459975,0.012,-1.8954281780914074e-05
/epuck2/cmd_vel,24.061561692,0.012,-1.8954281780914074e-05
/epuck2/cmd_vel,24.107009017,0.012,-1.8954281780914074e-05
/epuck2/cmd_vel,24.172388525,0.012,-1.8954281780914074e-05
/epuck2/cmd_vel,24.208653417,0.012,-1.8954281780914074e-05
/epuck2/cmd_vel,24.2580744,0.012,-0.003989481930706695
/epuck2/cmd_vel,24.293005725,0.012,-0.003989481930706695
/epuck2/cmd_vel,24.35029675,0.012,-0.003989481930706695
/epuck2/cmd_vel,24.406931442,0.012,-1.895428178091442e-05
/epuck2/cmd_vel,24.464685567,0.012,-1.8954281780914074e-05
/epuck2/cmd_vel,24.495289767,0.012,0.003951573367144867
/epuck2/cmd_vel,24.546836592,0.012,0.003951573367144867
/epuck2/cmd_vel,24.582909625,0.012,-1.895428178091442e-05
/epuck2/cmd_vel,24.651574925,0.012,-1.8954281780914074e-05
/epuck2/cmd_vel,24.688579292,0.012,-1.8954281780914074e-05
/epuck2/cmd_vel,24.737145942,0.012,-1.8954281780914074e-05
/epuck2/cmd_vel,24.773453184,0.012,-1.8954281780914074e-05
/epuck2/cmd_vel,24.830004867,0.012,-1.8954281780914074e-05
/epuck2/cmd_vel,24.885361667,0.012,-1.8954281780914074e-05
/epuck2/cmd_vel,24.943691567,0.012,-1.8954281780914074e-05
/epuck2/cmd_vel,24.980950067,0.012,-1.8954281780914074e-05
/epuck2/cmd_vel,25.034905167,0.012,-1.8954281780914074e-05
/epuck2/cmd_vel,25.077557567,0.012,-1.8954281780914074e-05
/epuck2/cmd_vel,25.153360067,0.012,-1.8954281780914074e-05
/epuck2/cmd_vel,25.190757167,0.012,-1.8954281780914074e-05
/epuck2/cmd_vel,25.246775567,0.012,-1.8954281780914074e-05
/epuck2/cmd_vel,25.284399367,0.012,-1.8954281780914074e-05
/epuck2/cmd_vel,25.363189267,0.012,-1.8954281780914074e-05
/epuck2/cmd_vel,25.404058767,0.012,-1.8954281780914074e-05
/epuck2/cmd_vel,25.461164467,0.012,-1.8954281780914074e-05
/epuck2/cmd_vel,25.495985367,0.012,-1.8954281780914074e-05
/epuck2/cmd_vel,25.552665467,0.012,-1.8954281780914074e-05
/epuck2/cmd_vel,25.610345867,0.012,-1.8954281780914074e-05
/epuck2/cmd_vel,25.669695067,0.012,-1.8954281780914074e-05
/epuck2/cmd_vel,25.707689667,0.012,-1.8954281780914074e-05
/epuck2/cmd_vel,25.763050367,0.012,-1.8954281780914074e-05
/epuck2/cmd_vel,25.801990567,0.012,-1.8954281780914074e-05
/epuck2/cmd_vel,25.876899967,0.012,0.003951573367144867
/epuck2/cmd_vel,25.918190267,0.012,0.003951573367144867
/epuck2/cmd_vel,25.972106667,0.012,0.003951573367144867
/epuck2/cmd_vel,26.009060167,0.012,-1.895428178091442e-05
/epuck2/cmd_vel,26.070877567,0.012,-1.8954281780914074e-05
/epuck2/cmd_vel,26.123185167,0.012,-1.8954281780914074e-05
/epuck2/cmd_vel,26.193846167,0.012,-1.8954281780914074e-05
/epuck2/cmd_vel,26.231715267,0.012,-1.8954281780914074e-05
/epuck2/cmd_vel,26.285103167,0.012,-1.8954281780914074e-05
/epuck2/cmd_vel,26.323031267,0.012,-1.8954281780914074e-05
/epuck2/cmd_vel,26.383776867,0.012,-1.8954281780914074e-05
/epuck2/cmd_vel,26.446811767,0.012,-1.8954281780914074e-05
/epuck2/cmd_vel,26.507747467,0.012,-1.8954281780914074e-05
/epuck2/cmd_vel,26.547192867,0.012,-0.003989481930706695
/epuck2/cmd_vel,26.600835867,0.012,-0.003989481930706695
/epuck2/cmd_vel,26.640801567,0.012,-0.003989481930706695
/epuck2/cmd_vel,26.712459667,0.012,-1.895428178091442e-05
/epuck2/cmd_vel,26.763995867,0.012,-1.8954281780914074e-05
/epuck2/cmd_vel,26.820024367,0.012,-1.8954281780914074e-05
/epuck2/cmd_vel,26.857204167,0.012,-1.8954281780914074e-05
/epuck2/cmd_vel,26.915169667,0.012,-1.8954281780914074e-05
/epuck2/cmd_vel,26.957085967,0.012,-1.8954281780914074e-05
/epuck2/cmd_vel,27.032427967,0.012,0.003951573367144867
/epuck2/cmd_vel,27.068749267,0.012,0.003951573367144867
/epuck2/cmd_vel,27.122314967,0.012,-1.895428178091442e-05
/epuck2/cmd_vel,27.160124767,0.012,-1.8954281780914074e-05
/epuck2/cmd_vel,27.236702167,0.012,-1.8954281780914074e-05
/epuck2/cmd_vel,27.277935867,0.012,-0.003989481930706695
/epuck2/cmd_vel,27.334316667,0.012,-0.003989481930706695
/epuck2/cmd_vel,27.369064367,0.012,-1.895428178091442e-05
/epuck2/cmd_vel,27.428950367,0.012,-1.8954281780914074e-05
/epuck2/cmd_vel,27.485760867,0.012,-1.8954281780914074e-05
/epuck2/cmd_vel,27.544125467,0.012,-1.8954281780914074e-05
/epuck2/cmd_vel,27.582308067,0.012,-1.8954281780914074e-05
/epuck2/cmd_vel,27.635778767,0.012,-1.8954281780914074e-05
/epuck2/cmd_vel,27.676366367,0.012,-1.8954281780914074e-05
/epuck2/cmd_vel,27.755750967,0.012,-1.8954281780914074e-05
/epuck2/cmd_vel,27.794798967,0.012,-1.8954281780914074e-05
/epuck2/cmd_vel,27.851130567,0.012,-1.8954281780914074e-05
/epuck2/cmd_vel,27.886804167,0.012,-1.8954281780914074e-05
/epuck2/cmd_vel,27.947939867,0.012,-1.8954281780914074e-05
/epuck2/cmd_vel,28.002158967,0.012,-1.8954281780914074e-05
/epuck2/cmd_vel,28.060555767,0.012,-1.8954281780914074e-05
/epuck2/cmd_vel,28.095736668,0.012,-1.8954281780914074e-05
/epuck2/cmd_vel,28.152970768,0.012,-1.8954281780914074e-05
/epuck2/cmd_vel,28.192304768,0.012,-1.8954281780914074e-05
/epuck2/cmd_vel,28.279651868,0.012,-1.8954281780914074e-05
/epuck2/cmd_vel,28.319109668,0.012,-1.8954281780914074e-05
/epuck2/cmd_vel,28.376578268,0.012,-1.8954281780914074e-05
/epuck2/cmd_vel,28.412307168,0.012,-1.8954281780914074e-05
/epuck2/cmd_vel,28.470165468,0.012,-1.8954281780914074e-05
/epuck2/cmd_vel,28.510276768,0.012,-1.8954281780914074e-05
/epuck2/cmd_vel,28.596068668,0.012,-1.8954281780914074e-05
/epuck2/cmd_vel,28.635407268,0.012,-1.8954281780914074e-05
/epuck2/cmd_vel,28.687827068,0.012,-1.8954281780914074e-05
/epuck2/cmd_vel,28.724879568,0.012,-1.8954281780914074e-05
/epuck2/cmd_vel,28.785603968,0.012,-1.8954281780914074e-05
/epuck2/cmd_vel,28.840050568,0.012,-1.8954281780914074e-05
/epuck2/cmd_vel,28.910352168,0.012,0.003951573367144867
/epuck2/cmd_vel,28.947113268,0.012,0.003951573367144867
/epuck2/cmd_vel,29.001878868,0.012,-1.895428178091442e-05
/epuck2/cmd_vel,29.040839368,0.012,-1.8954281780914074e-05
/epuck2/cmd_vel,29.105876668,0.012,-1.8954281780914074e-05
/epuck2/cmd_vel,29.180433668,0.012,-1.8954281780914074e-05
/epuck2/cmd_vel,29.240319668,0.012,-1.8954281780914074e-05
/epuck2/cmd_vel,29.277033468,0.012,-1.8954281780914074e-05
/epuck2/cmd_vel,29.332000268,0.012,-1.8954281780914074e-05
/epuck2/cmd_vel,29.371429068,0.012,-1.8954281780914074e-05
/epuck2/cmd_vel,29.447007768,0.012,-1.8954281780914074e-05
/epuck2/cmd_vel,29.488385968,0.012,-1.8954281780914074e-05
/epuck2/cmd_vel,29.540202485,0.012,-1.8954281780914074e-05
/epuck2/cmd_vel,29.576827381,0.012,-0.003989481930706695
/epuck2/cmd_vel,29.636787311,0.012,-0.003989481930706695
/epuck2/cmd_vel,29.693905628,0.012,-1.895428178091442e-05
/epuck2/cmd_vel,29.752330623,0.012,-1.8954281780914074e-05
/epuck2/cmd_vel,29.786929201,0.012,-1.8954281780914074e-05
/epuck2/cmd_vel,29.845318437,0.012,-1.8954281780914074e-05
/epuck2/cmd_vel,29.885379531,0.012,-1.8954281780914074e-05
/epuck2/cmd_vel,29.955543758,0.012,-1.8954281780914074e-05
/epuck2/cmd_vel,29.993656209,0.012,-1.8954281780914074e-05
/epuck2/cmd_vel,30.048351885,0.012,-1.8954281780914074e-05
/epuck2/cmd_vel,30.086169527,0.012,-1.8954281780914074e-05
/epuck2/cmd_vel,30.148452074,0.012,-1.8954281780914074e-05
/epuck2/cmd_vel,30.210436236,0.012,-1.8954281780914074e-05
/epuck2/cmd_vel,30.271332841,0.012,-1.8954281780914074e-05
/epuck2/cmd_vel,30.309019865,0.012,-1.8954281780914074e-05
/epuck2/cmd_vel,30.362458132,0.012,-1.8954281780914074e-05
/epuck2/cmd_vel,30.404238516,0.012,-1.8954281780914074e-05
/epuck2/cmd_vel,30.486275475,0.012,-1.8954281780914074e-05
/epuck2/cmd_vel,30.538332369,0.012,-1.8954281780914074e-05
/epuck2/cmd_vel,30.598473872,0.012,-1.8954281780914074e-05
/epuck2/cmd_vel,30.63269639,0.012,-1.8954281780914074e-05
/epuck2/cmd_vel,30.686980843,0.012,-1.8954281780914074e-05
/epuck2/cmd_vel,30.727395549,0.012,-1.8954281780914074e-05
/epuck2/cmd_vel,30.826030532,0.012,-1.8954281780914074e-05
/epuck2/cmd_vel,30.867800189,0.012,-1.8954281780914074e-05
/epuck2/cmd_vel,30.923156802,0.012,-1.8954281780914074e-05
/epuck2/cmd_vel,30.957976686,0.012,-1.8954281780914074e-05
/epuck2/cmd_vel,31.017397258,0.012,-1.8954281780914074e-05
/epuck2/cmd_vel,31.072340462,0.012,-1.8954281780914074e-05
/epuck2/cmd_vel,31.130603053,0.012,-1.8954281780914074e-05
/epuck2/cmd_vel,31.168248359,0.012,-1.8954281780914074e-05
/epuck2/cmd_vel,31.222369415,0.012,-1.8954281780914074e-05
/epuck2/cmd_vel,31.263939321,0.012,-1.8954281780914074e-05
/epuck2/cmd_vel,31.340506612,0.012,-1.8954281780914074e-05
/epuck2/cmd_vel,31.378279656,0.012,-1.8954281780914074e-05
/epuck2/cmd_vel,31.434395343,0.012,-1.8954281780914074e-05
/epuck2/cmd_vel,31.469567648,0.012,0.003951573367144867
/epuck2/cmd_vel,31.529609524,0.012,0.003951573367144867
/epuck2/cmd_vel,31.586165638,0.012,-1.895428178091442e-05
/epuck2/cmd_vel,31.643974691,0.012,-1.8954281780914074e-05
/epuck2/cmd_vel,31.681294495,0.012,-1.8954281780914074e-05
/epuck2/cmd_vel,31.735749993,0.012,-1.8954281780914074e-05
/epuck2/cmd_vel,31.775851315,0.012,-1.8954281780914074e-05
/epuck2/cmd_vel,31.85639307,0.012,-1.8954281780914074e-05
/epuck2/cmd_vel,31.893828791,0.012,-1.8954281780914074e-05
/epuck2/cmd_vel,31.947120844,0.012,0.003951573367144867
/epuck2/cmd_vel,31.986713799,0.012,0.003951573367144867
/epuck2/cmd_vel,32.067548277,0.012,0.003951573367144867
/epuck2/cmd_vel,32.106966512,0.012,-1.895428178091442e-05
/epuck2/cmd_vel,32.162400999,0.012,-1.8954281780914074e-05
/epuck2/cmd_vel,32.198584873,0.012,-0.003989481930706695
/epuck2/cmd_vel,32.259437872,0.012,-0.003989481930706695
/epuck2/cmd_vel,32.302922847,0.012,-0.003989481930706695
/epuck2/cmd_vel,32.389460813,0.012,-1.895428178091442e-05
/epuck2/cmd_vel,32.426674334,0.012,-1.8954281780914074e-05
/epuck2/cmd_vel,32.481234625,0.012,-1.8954281780914074e-05
/epuck2/cmd_vel,32.52028395,0.012,-1.8954281780914074e-05
/epuck2/cmd_vel,32.582517031,0.012,-1.8954281780914074e-05
/epuck2/cmd_vel,32.650283647,0.012,-1.8954281780914074e-05
/epuck2/cmd_vel,32.707522153,0.012,-1.8954281780914074e-05
/epuck2/cmd_vel,32.743126242,0.012,-1.8954281780914074e-05
/epuck2/cmd_vel,32.802659752,0.012,-1.8954281780914074e-05
/epuck2/cmd_vel,32.852559213,0.012,-1.8954281780914074e-05
/epuck2/cmd_vel,32.914385441,0.012,-1.8954281780914074e-05
/epuck2/cmd_vel,32.951287069,0.012,-1.8954281780914074e-05
/epuck2/cmd_vel,33.00334883,0.012,-1.8954281780914074e-05
/epuck2/cmd_vel,33.044177938,0.012,-1.8954281780914074e-05
/epuck2/cmd_vel,33.125263619,0.012,-1.8954281780914074e-05
/epuck2/cmd_vel,33.166324065,0.012,-1.8954281780914074e-05
/epuck2/cmd_vel,33.21850671,0.012,-1.8954281780914074e-05
/epuck2/cmd_vel,33.25637352,0.012,-1.8954281780914074e-05
/epuck2/cmd_vel,33.315906434,0.012,-1.8954281780914074e-05
/epuck2/cmd_vel,33.372485095,0.012,0.003951573367144867
/epuck2/cmd_vel,33.430055758,0.012,0.003951573367144867
/epuck2/cmd_vel,33.466605959,0.012,0.003951573367144867
/epuck2/cmd_vel,33.519806828,0.012,-1.895428178091442e-05
/epuck2/cmd_vel,33.560545149,0.012,-1.8954281780914074e-05
/epuck2/cmd_vel,33.639733144,0.012,-0.003989481930706695
/epuck2/cmd_vel,33.676401845,0.012,-0.003989481930706695
/epuck2/cmd_vel,33.731579963,0.012,-1.895428178091442e-05
/epuck2/cmd_vel,33.770360801,0.012,-1.8954281780914074e-05
/epuck2/cmd_vel,33.84850127,0.012,-1.8954281780914074e-05
/epuck2/cmd_vel,33.888751189,0.012,-1.8954281780914074e-05
/epuck2/cmd_vel,33.944324836,0.012,-1.8954281780914074e-05
/epuck2/cmd_vel,33.979358775,0.012,-1.8954281780914074e-05
/epuck2/cmd_vel,34.038219726,0.012,-1.8954281780914074e-05
/epuck2/cmd_vel,34.092438224,0.012,-1.8954281780914074e-05
/epuck2/cmd_vel,34.151940246,0.012,-1.8954281780914074e-05
/epuck2/cmd_vel,34.189887115,0.012,-1.8954281780914074e-05
/epuck2/cmd_vel,34.241851534,0.012,-1.8954281780914074e-05
/epuck2/cmd_vel,34.280784247,0.012,-1.8954281780914074e-05
/epuck2/cmd_vel,34.354657827,0.012,-1.8954281780914074e-05
/epuck2/cmd_vel,34.40485478,0.012,-1.8954281780914074e-05
/epuck2/cmd_vel,34.463084791,0.012,-1.8954281780914074e-05
/epuck2/cmd_vel,34.499417262,0.012,-1.8954281780914074e-05
/epuck2/cmd_vel,34.556309406,0.012,-1.8954281780914074e-05
/epuck2/cmd_vel,34.597571788,0.012,-1.8954281780914074e-05
/epuck2/cmd_vel,34.679060648,0.012,-1.8954281780914074e-05
/epuck2/cmd_vel,34.717359143,0.012,-1.8954281780914074e-05
/epuck2/cmd_vel,34.773065197,0.012,-1.8954281780914074e-05
/epuck2/cmd_vel,34.809237449,0.012,-1.8954281780914074e-05
/epuck2/cmd_vel,34.868666663,0.012,-1.8954281780914074e-05
/epuck2/cmd_vel,34.923530304,0.012,-1.8954281780914074e-05
/epuck2/cmd_vel,34.98401807,0.012,-0.003989481930706695
/epuck2/cmd_vel,35.020431395,0.012,-0.003989481930706695
/epuck2/cmd_vel,35.075454858,0.012,-0.003989481930706695
/epuck2/cmd_vel,35.114308306,0.012,-1.895428178091442e-05
/epuck2/cmd_vel,35.188732071,0.012,-1.8954281780914074e-05
/epuck2/cmd_vel,35.227928603,0.012,0.003951573367144867
/epuck2/cmd_vel,35.281814347,0.012,0.003951573367144867
/epuck2/cmd_vel,35.318741304,0.012,0.003951573367144867
/epuck2/cmd_vel,35.378094729,0.012,-1.895428178091442e-05
/epuck2/cmd_vel,35.439080333,0.012,-1.8954281780914074e-05
/epuck2/cmd_vel,35.495655419,0.012,-0.003989481930706695
/epuck2/cmd_vel,35.532225287,0.012,-0.003989481930706695
/epuck2/cmd_vel,35.589167692,0.012,-1.895428178091442e-05
/epuck2/cmd_vel,35.631043731,0.012,-1.8954281780914074e-05
/epuck2/cmd_vel,35.703987688,0.012,0.003951573367144867
/epuck2/cmd_vel,35.741958595,0.012,0.003951573367144867
/epuck2/cmd_vel,35.794544914,0.012,-1.895428178091442e-05
/epuck2/cmd_vel,35.832552375,0.012,-1.8954281780914074e-05
/epuck2/cmd_vel,35.909540127,0.012,-1.8954281780914074e-05
/epuck2/cmd_vel,35.949668169,0.012,-1.8954281780914074e-05
/epuck2/cmd_vel,36.006235904,0.012,-1.8954281780914074e-05
/epuck2/cmd_vel,36.042574533,0.012,-1.8954281780914074e-05
/epuck2/cmd_vel,36.100629724,0.012,-1.8954281780914074e-05
/epuck2/cmd_vel,36.156749286,0.012,-1.8954281780914074e-05
/epuck2/cmd_vel,36.215314136,0.012,-1.8954281780914074e-05
/epuck2/cmd_vel,36.252885044,0.012,-1.8954281780914074e-05
/epuck2/cmd_vel,36.309378481,0.012,-1.8954281780914074e-05
/epuck2/cmd_vel,36.345347109,0.012,-1.8954281780914074e-05
/epuck2/cmd_vel,36.418076018,0.012,-1.8954281780914074e-05
/epuck2/cmd_vel,36.468909274,0.012,-1.8954281780914074e-05
/epuck2/cmd_vel,36.527675763,0.012,-1.8954281780914074e-05
/epuck2/cmd_vel,36.564361349,0.012,-1.8954281780914074e-05
/epuck2/cmd_vel,36.620913589,0.012,-1.8954281780914074e-05
/epuck2/cmd_vel,36.660819232,0.012,-1.8954281780914074e-05
/epuck2/cmd_vel,36.7549691,0.012,-1.8954281780914074e-05
/epuck2/cmd_vel,36.797986929,0.012,-1.8954281780914074e-05
/epuck2/cmd_vel,36.854686176,0.012,-1.8954281780914074e-05
/epuck2/cmd_vel,36.88922615,0.012,-1.8954281780914074e-05
/epuck2/cmd_vel,36.949593132,0.012,-1.8954281780914074e-05
/epuck2/cmd_vel,37.002636564,0.012,-1.8954281780914074e-05
/epuck2/cmd_vel,37.062599573,0.012,-1.8954281780914074e-05
/epuck2/cmd_vel,37.099671948,0.012,-1.8954281780914074e-05
/epuck2/cmd_vel,37.155949244,0.012,-1.8954281780914074e-05
/epuck2/cmd_vel,37.193978557,0.012,-1.8954281780914074e-05
/epuck2/cmd_vel,37.267530907,0.012,-1.8954281780914074e-05
/epuck2/cmd_vel,37.306365383,0.012,-1.8954281780914074e-05
/epuck2/cmd_vel,37.359050535,0.012,-1.8954281780914074e-05
/epuck2/cmd_vel,37.396005502,0.012,-1.8954281780914074e-05
/epuck2/cmd_vel,37.455425776,0.012,-1.8954281780914074e-05
/epuck2/cmd_vel,37.516550464,0.012,-1.8954281780914074e-05
/epuck2/cmd_vel,37.574248327,0.012,-1.8954281780914074e-05
/epuck2/cmd_vel,37.610062767,0.012,-1.8954281780914074e-05
/epuck2/cmd_vel,37.66677109,0.012,-1.8954281780914074e-05
/epuck2/cmd_vel,37.707348898,0.012,-1.8954281780914074e-05
/epuck2/cmd_vel,37.784682037,0.012,-1.8954281780914074e-05
/epuck2/cmd_vel,37.820480526,0.012,-1.8954281780914074e-05
/epuck2/cmd_vel,37.874675024,0.012,-1.8954281780914074e-05
/epuck2/cmd_vel,37.912124407,0.012,-1.8954281780914074e-05
/epuck2/cmd_vel,37.992935291,0.012,-1.8954281780914074e-05
/epuck2/cmd_vel,38.028727499,0.012,0.143687417718216
/epuck2/cmd_vel,38.084725619,0.012,0.3
/epuck2/cmd_vel,38.120959162,0.012,0.3
/epuck2/cmd_vel,38.179917128,0.012,0.3
/epuck2/cmd_vel,38.224862928,0.012,0.3
/epuck2/cmd_vel,38.295720095,0.012,0.3
/epuck2/cmd_vel,38.332979765,0.012,0.3
/epuck2/cmd_vel,38.387736225,0.012,0.3
/epuck2/cmd_vel,38.423146714,0.012,0.3
/epuck2/cmd_vel,38.48758553,0.012,0.3
/epuck2/cmd_vel,38.548410721,0.012,0.3
/epuck2/cmd_vel,38.611153083,0.012,0.3
/epuck2/cmd_vel,38.645951066,0.012,0.3
/epuck2/cmd_vel,38.701189635,0.012,0.3
/epuck2/cmd_vel,38.742323324,0.012,0.3
/epuck2/cmd_vel,38.811827176,0.012,0.29911068916004663
/epuck2/cmd_vel,38.862970609,0.012,0.29911068916004663
/epuck2/cmd_vel,38.920687214,0.012,0.2699937725035525
/epuck2/cmd_vel,38.95684898,0.012,0.2699937725035525
/epuck2/cmd_vel,39.013779715,0.012,0.22764176368397246
/epuck2/cmd_vel,39.056267517,0.012,0.22764176368397246
/epuck2/cmd_vel,39.136668069,0.012,0.1985248470274783
/epuck2/cmd_vel,39.178083488,0.012,0.1985248470274783
/epuck2/cmd_vel,39.233248384,0.012,0.17205466270130643
/epuck2/cmd_vel,39.268589488,0.012,0.17205466270130643
/epuck2/cmd_vel,39.328061863,0.012,0.17205466270130643
/epuck2/cmd_vel,39.373666226,0.012,0.1455847644774295
/epuck2/cmd_vel,39.456571732,0.012,0.12705592155140408
/epuck2/cmd_vel,39.496120722,0.012,0.12705592155140408
/epuck2/cmd_vel,39.549178036,0.012,0.12705592155140408
/epuck2/cmd_vel,39.586587743,0.012,0.11117381095570096
/epuck2/cmd_vel,39.64748521,0.012,0.11117381095570096
/epuck2/cmd_vel,39.696852736,0.012,0.09264496802967556
/epuck2/cmd_vel,39.784871927,0.01636312160000014,0.07720414002472964
/epuck2/cmd_vel,39.820833312,0.018223238950000366,0.07058659394318667
/epuck2/cmd_vel,39.87566474,0.020939583349999936,0.07058659394318667
/epuck2/cmd_vel,39.911339412,0.022757880100000252,0.05955735047394838
/epuck2/cmd_vel,39.988952584,0.025,0.05955735047394838
/epuck2/cmd_vel,40.029284852,0.025,0.05294004281098452
/epuck2/cmd_vel,40.085514755,0.025,0.05294004281098452
/epuck2/cmd_vel,40.618048805,0.025,0.05294004281098452
/epuck2/cmd_vel,40.675755042,0.025,0.046322496729441553
/epuck2/cmd_vel,40.732122719,0.0,0.0
/epuck2/cmd_vel,40.791456522,0.0,0.0
/epuck2/cmd_vel,40.828591478,0.0,0.0
/epuck2/cmd_vel,40.882335469,0.0,0.0
/epuck2/cmd_vel,40.92044212,0.0,0.0
/epuck2/cmd_vel,41.000499334,0.0,0.0
/epuck2/cmd_vel,41.03914093,0.0,0.0
/epuck2/cmd_vel,41.092902467,0.0,0.0
/epuck2/cmd_vel,41.130742742,0.0,0.0
/epuck2/cmd_vel,41.189954822,0.0,0.0
/epuck2/cmd_vel,41.242321572,0.0,0.0
/epuck2/cmd_vel,41.300811784,0.0,0.0
/epuck2/cmd_vel,41.338791926,0.0,0.0
/epuck2/cmd_vel,41.39259324,0.0,0.0
/epuck2/cmd_vel,41.435314719,0.0,0.0
/epuck2/cmd_vel,41.521399193,0.0,0.0
/epuck2/cmd_vel,41.561566172,0.0,0.0
/epuck2/cmd_vel,41.622122993,0.0,0.0
/epuck2/cmd_vel,41.657334797,0.0,0.0
/epuck2/cmd_vel,41.714839657,0.0,0.0
/epuck2/cmd_vel,41.769400222,0.0,0.0
/epuck2/cmd_vel,41.83014586,0.0,0.0
/epuck2/cmd_vel,41.867176638,0.0,0.0
/epuck2/cmd_vel,41.921126791,0.0,0.0
/epuck2/cmd_vel,41.962947057,0.0,0.0
/epuck2/cmd_vel,42.036799261,0.0,0.0
/epuck2/cmd_vel,42.076381548,0.0,0.0
/epuck2/cmd_vel,42.134589833,0.0,0.0
/epuck2/cmd_vel,42.170232902,0.0,0.0
/epuck2/cmd_vel,42.226528701,0.0,0.0
/epuck2/cmd_vel,42.272523557,0.0,0.0
/epuck2/cmd_vel,42.357098898,0.0,0.0
/epuck2/cmd_vel,42.394532232,0.0,0.0
/epuck2/cmd_vel,42.450596247,0.0,0.0
/epuck2/cmd_vel,42.489421476,0.0,0.0
/epuck2/cmd_vel,42.547512922,0.0,0.0
/epuck2/cmd_vel,42.608447973,0.0,0.0
/epuck2/cmd_vel,42.666889437,0.0,0.0
/epuck2/cmd_vel,42.701551241,0.0,0.0
/epuck2/cmd_vel,42.75784694,0.0,0.0
/epuck2/cmd_vel,42.798963483,0.0,0.0
/epuck2/cmd_vel,42.876354243,0.0,0.0
/epuck2/cmd_vel,42.913255024,0.0,0.0
/epuck2/cmd_vel,42.967456599,0.0,0.0
/epuck2/cmd_vel,43.005751468,0.0,0.0
/epuck2/cmd_vel,43.081597406,0.0,0.0
/epuck2/cmd_vel,43.121401308,0.0,0.0
/epuck2/cmd_vel,43.177716647,0.0,0.0
/epuck2/cmd_vel,43.214904639,0.0,0.0
/epuck2/cmd_vel,43.272841163,0.0,0.0
/epuck2/cmd_vel,43.329703809,0.0,0.0
/epuck2/cmd_vel,43.389101117,0.0,0.0
/epuck2/cmd_vel,43.426892742,0.0,0.0
/epuck2/cmd_vel,43.47807665,0.0,0.0
/epuck2/cmd_vel,43.518112634,0.0,0.0
/epuck2/cmd_vel,43.590890261,0.0,0.0
/epuck2/cmd_vel,43.64261071,0.0,0.0
/epuck2/cmd_vel,43.700676236,0.0,0.0
/epuck2/cmd_vel,43.737411827,0.0,0.0
/epuck2/cmd_vel,43.790934103,0.0,0.0
/epuck2/cmd_vel,43.831736118,0.0,0.0
/epuck2/cmd_vel,43.918680234,0.0,0.0
/epuck2/cmd_vel,43.959279476,0.0,0.0
/epuck2/cmd_vel,44.016965476,0.0,0.0
/epuck2/cmd_vel,44.049966816,0.0,0.0
/epuck2/cmd_vel,44.109723212,0.0,0.0
/epuck2/cmd_vel,44.150837562,0.0,0.0
/epuck2/cmd_vel,44.234894606,0.0,0.0
/epuck2/cmd_vel,44.273221476,0.0,0.0
/epuck2/cmd_vel,44.326934064,0.0,0.0
/epuck2/cmd_vel,44.365925678,0.0,0.0
/epuck2/cmd_vel,44.422738876,0.0,0.0
/epuck2/cmd_vel,44.489793104,0.0,0.0
/epuck2/cmd_vel,44.565921967,0.0,0.0
/epuck2/cmd_vel,44.603800124,0.0,0.0
/epuck2/cmd_vel,44.658104582,0.0,0.0
/epuck2/cmd_vel,44.697775694,0.0,0.0
/epuck2/cmd_vel,44.770738549,0.0,0.0
/epuck2/cmd_vel,44.811503877,0.0,0.0
/epuck2/cmd_vel,44.869380188,0.0,0.0
/epuck2/cmd_vel,44.902819175,0.0,0.0
/epuck2/cmd_vel,44.961669773,0.0,0.0
/epuck2/cmd_vel,45.008255999,0.0,0.0
/epuck2/cmd_vel,45.089325583,0.0,0.0
/epuck2/cmd_vel,45.128874374,0.0,0.0
/epuck2/cmd_vel,45.18469893,0.0,0.0
/epuck2/cmd_vel,45.219027864,0.0,0.0
/epuck2/cmd_vel,45.280455692,0.0,0.0
/epuck2/cmd_vel,45.334793446,0.0,0.0
/epuck2/cmd_vel,45.405151157,0.0,0.0
/epuck2/cmd_vel,45.444135693,0.0,0.0
/epuck2/cmd_vel,45.496030801,0.0,0.0
/epuck2/cmd_vel,45.535067576,0.0,0.0
/epuck2/cmd_vel,45.597733076,0.0,0.0
/epuck2/cmd_vel,45.661002907,0.0,0.0
/epuck2/cmd_vel,45.723246512,0.0,0.0
/epuck2/cmd_vel,45.757975409,0.0,0.0
/epuck2/cmd_vel,45.814861382,0.0,0.0
/epuck2/cmd_vel,45.85256169,0.0,0.0
/epuck2/cmd_vel,45.924591829,0.0,0.0
/epuck2/cmd_vel,45.977495137,0.0,0.0
/epuck2/cmd_vel,46.034026728,0.0,0.0
/epuck2/cmd_vel,46.068061983,0.0,0.0
/epuck2/cmd_vel,46.121623129,0.0,0.0
/epuck2/cmd_vel,46.161992716,0.0,0.0
/epuck2/cmd_vel,46.239260371,0.0,0.0
/epuck2/cmd_vel,46.276829768,0.0,0.0
/epuck2/cmd_vel,46.331277312,0.0,0.0
/epuck2/cmd_vel,46.37022381,0.0,0.0
/epuck2/cmd_vel,46.444136677,0.0,0.0
/epuck2/cmd_vel,46.484251177,0.0,0.0
/epuck2/cmd_vel,46.540011927,0.0,0.0
/epuck2/cmd_vel,46.575226926,0.0,0.0
/epuck2/cmd_vel,46.631878184,0.0,0.0
/epuck2/cmd_vel,46.684517414,0.0,0.0
/epuck2/cmd_vel,46.742981877,0.0,0.0
/epuck2/cmd_vel,46.778952941,0.0,0.0
/epuck2/cmd_vel,46.832793734,0.0,0.0
/epuck2/cmd_vel,46.873009995,0.0,0.0
/epuck2/cmd_vel,46.947767772,0.0,0.0
/epuck2/cmd_vel,46.986291962,0.0,0.0
/epuck2/cmd_vel,47.039792443,0.0,0.0
/epuck2/cmd_vel,47.075062725,0.0,0.0
/epuck2/cmd_vel,47.134391179,0.0,0.0
/epuck2/cmd_vel,47.187465242,0.0,0.0
/epuck2/cmd_vel,47.244932349,0.0,0.0
/epuck2/cmd_vel,47.279326019,0.0,0.0
/epuck2/cmd_vel,47.334423267,0.0,0.0
/epuck2/cmd_vel,47.374244226,0.0,0.0
/epuck2/cmd_vel,47.456935255,0.0,0.0
/epuck2/cmd_vel,47.497262475,0.0,0.0
/epuck2/cmd_vel,47.55303027,0.0,0.0
/epuck2/cmd_vel,47.589291646,0.0,0.0
/epuck2/cmd_vel,47.644382339,0.0,0.0
/epuck2/cmd_vel,47.688795559,0.0,0.0
/epuck2/cmd_vel,47.768383953,0.0,0.0
/epuck2/cmd_vel,47.807072036,0.0,0.0
/epuck2/cmd_vel,47.86164228,0.0,0.0
/epuck2/cmd_vel,47.8967518,0.0,0.0
/epuck2/cmd_vel,47.95631264,0.0,0.0
/epuck2/cmd_vel,48.00867467,0.0,0.0
/epuck2/cmd_vel,48.079500948,0.0,0.0
/epuck2/cmd_vel,48.116867508,0.0,0.0
/epuck2/cmd_vel,48.169626014,0.0,0.0
/epuck2/cmd_vel,48.207373395,0.0,0.0
/epuck2/cmd_vel,48.267824449,0.0,0.0
/epuck2/cmd_vel,48.326445761,0.0,0.0
/epuck2/cmd_vel,48.385531163,0.0,0.0
/epuck2/cmd_vel,48.421736081,0.0,0.0
/epuck2/cmd_vel,48.475819536,0.0,0.0
/epuck2/cmd_vel,48.515456052,0.0,0.0
/epuck2/cmd_vel,48.589348567,0.0,0.0
/epuck2/cmd_vel,48.628825396,0.0,0.0
/epuck2/cmd_vel,48.682977539,0.0,0.0
/epuck2/cmd_vel,48.719541166,0.0,0.0
/epuck2/cmd_vel,48.777443888,0.0,0.0
/epuck2/cmd_vel,48.831865111,0.0,0.0
/epuck2/cmd_vel,48.891527028,0.0,0.0
/epuck2/cmd_vel,48.924024224,0.0,0.0
/epuck2/cmd_vel,48.97884662,0.0,0.0
/epuck2/cmd_vel,49.017299381,0.0,0.0
/epuck2/cmd_vel,49.093136217,0.0,0.0
/epuck2/cmd_vel,49.129621859,0.0,0.0
/epuck2/cmd_vel,49.184613237,0.0,0.0
/epuck2/cmd_vel,49.220053871,0.0,0.0
/epuck2/cmd_vel,49.29664188,0.0,0.0
/epuck2/cmd_vel,49.336368122,0.0,0.0
/epuck2/cmd_vel,49.391350498,0.0,0.0
/epuck2/cmd_vel,49.427277237,0.0,0.0
/epuck2/cmd_vel,49.482130064,0.0,0.0
/epuck2/cmd_vel,49.538403729,0.0,0.0
/epuck2/cmd_vel,49.597791282,0.0,0.0
/epuck2/cmd_vel,49.634711953,0.0,0.0
/epuck2/cmd_vel,49.684728586,0.0,0.0
/epuck2/cmd_vel,49.724334084,0.0,0.0
/epuck2/cmd_vel,49.796688148,0.0,0.0
/epuck2/cmd_vel,49.847186287,0.0,0.0
/epuck2/cmd_vel,49.906048597,0.0,0.0
/epuck2/cmd_vel,49.939198139,0.0,0.0
/epuck2/cmd_vel,49.994501552,0.0,0.0
/epuck2/cmd_vel,50.033793451,0.0,0.0
/epuck2/cmd_vel,50.117421074,0.0,0.0
/epuck2/cmd_vel,50.15867882,0.0,0.0
/epuck2/cmd_vel,50.21194662,0.0,0.0
/epuck2/cmd_vel,50.247410053,0.0,0.0
/epuck2/cmd_vel,50.306923535,0.0,0.0
/epuck2/cmd_vel,50.345665141,0.0,0.0
/epuck2/cmd_vel,50.427951377,0.0,0.0
/epuck2/cmd_vel,50.467021652,0.0,0.0
/epuck2/cmd_vel,50.520802661,0.0,0.0
/epuck2/cmd_vel,50.557425289,0.0,0.0
/epuck2/cmd_vel,50.615103942,0.0,0.0
/epuck2/cmd_vel,50.665241415,0.0,0.0
/epuck2/cmd_vel,50.736523857,0.0,0.0
/epuck2/cmd_vel,50.775740805,0.0,0.0
/epuck2/cmd_vel,50.828468,0.0,0.0
/epuck2/cmd_vel,50.865322428,0.0,0.0
/epuck2/cmd_vel,50.925096282,0.0,0.0
/epuck2/cmd_vel,50.985948901,0.0,0.0
/epuck2/cmd_vel,51.044516201,0.0,0.0
/epuck2/cmd_vel,51.081179534,0.0,0.0
/epuck2/cmd_vel,51.136586664,0.0,0.0
/epuck2/cmd_vel,51.175216529,0.0,0.0
/epuck2/cmd_vel,51.24633312,0.0,0.0
/epuck2/cmd_vel,51.287580592,0.0,0.0
/epuck2/cmd_vel,51.339043112,0.0,0.0
/epuck2/cmd_vel,51.374890203,0.0,0.0
/epuck2/cmd_vel,51.43691601,0.0,0.0
/epuck2/cmd_vel,51.491324708,0.0,0.0
/epuck2/cmd_vel,51.549049936,0.0,0.0
/epuck2/cmd_vel,51.583208577,0.0,0.0
/epuck2/cmd_vel,51.638750932,0.0,0.0
/epuck2/cmd_vel,51.681020809,0.0,0.0
/epuck2/cmd_vel,51.754173698,0.0,0.0
/epuck2/cmd_vel,51.791609436,0.0,0.0
/epuck2/cmd_vel,51.843437024,0.0,0.0
/epuck2/cmd_vel,51.882878139,0.0,0.0
/epuck2/cmd_vel,51.958520553,0.0,0.0
/epuck2/cmd_vel,51.999731038,0.0,0.0
/epuck2/cmd_vel,52.055988657,0.0,0.0
/epuck2/cmd_vel,52.090922834,0.0,0.0
/epuck2/cmd_vel,52.148461467,0.0,0.0
/epuck2/cmd_vel,52.204638068,0.0,0.0
/epuck2/cmd_vel,52.26345271,0.0,0.0
/epuck2/cmd_vel,52.30062371,0.0,0.0
/epuck2/cmd_vel,52.35382961,0.0,0.0
/epuck2/cmd_vel,52.39344001,0.0,0.0
/epuck2/cmd_vel,52.47447241,0.0,0.0
/epuck2/cmd_vel,52.51270821,0.0,0.0
/epuck2/cmd_vel,52.56613261,0.0,0.0
/epuck2/cmd_vel,52.62286741,0.0,0.0
/epuck2/cmd_vel,52.66415991,0.0,0.0
/epuck2/cmd_vel,52.72171501,0.0,0.0
/epuck2/cmd_vel,52.77985021,0.0,0.0
/epuck2/cmd_vel,52.81749751,0.0,0.0
/epuck2/cmd_vel,52.87435231,0.0,0.0
/epuck2/cmd_vel,52.91602381,0.0,0.0
/epuck2/cmd_vel,52.99324661,0.0,0.0
/epuck2/cmd_vel,53.03001461,0.0,0.0
/epuck2/cmd_vel,53.08456421,0.0,0.0
/epuck2/cmd_vel,53.14194971,0.0,0.0
/epuck2/cmd_vel,53.20159531,0.0,0.0
/epuck2/cmd_vel,53.24289751,0.0,0.0
/epuck2/cmd_vel,53.29537101,0.0,0.0
/epuck2/cmd_vel,53.33380061,0.0,0.0
/epuck2/cmd_vel,53.39151001,0.0,0.0
/epuck2/cmd_vel,53.43702281,0.0,0.0
/epuck2/cmd_vel,53.51792741,0.0,0.0
/epuck2/cmd_vel,53.55819971,0.0,0.0
/epuck2/cmd_vel,53.61182361,0.0,0.0
/epuck2/cmd_vel,53.66576001,0.0,0.0
/epuck2/cmd_vel,53.70844801,0.0,0.0
/epuck2/cmd_vel,53.76040651,0.0,0.0
/epuck2/cmd_vel,53.83487681,0.0,0.0
/epuck2/cmd_vel,53.87119091,0.0,0.0
/epuck2/cmd_vel,53.93136021,0.0,0.0
/epuck2/cmd_vel,53.96687871,0.0,0.0
/epuck2/cmd_vel,54.022831304,0.0,0.0
/epuck2/cmd_vel,54.084171624,0.0,0.0
/epuck2/cmd_vel,54.144713537,0.0,0.0
/epuck2/cmd_vel,54.19799178,0.0,0.0
/epuck2/cmd_vel,54.236527304,0.0,0.0
/epuck2/cmd_vel,54.27644456,0.0,0.0
/epuck2/cmd_vel,54.350064933,0.0,0.0
/epuck2/cmd_vel,54.398823415,0.0,0.0
/epuck2/cmd_vel,54.457796068,0.0,0.0
/epuck2/cmd_vel,54.493736105,0.0,0.0
/epuck2/cmd_vel,54.548991354,0.0,0.0
/epuck2/cmd_vel,54.591336615,0.0,0.0
/epuck2/cmd_vel,54.65982714,0.0,0.0
/epuck2/cmd_vel,54.716762252,0.0,0.0
/epuck2/cmd_vel,54.75454282,0.0,0.0
/epuck2/cmd_vel,54.791772454,0.0,0.0
/epuck2/cmd_vel,54.865871771,0.0,0.0
/epuck2/cmd_vel,54.906073135,0.0,0.0
/epuck2/cmd_vel,54.961026303,0.0,0.0
/epuck2/cmd_vel,54.995609988,0.0,0.0
/epuck2/cmd_vel,55.056284327,0.0,0.0
/epuck2/cmd_vel,55.114708612,0.0,0.0
/epuck2/cmd_vel,55.173621619,0.0,0.0
/epuck2/cmd_vel,55.229660067,0.0,0.0
/epuck2/cmd_vel,55.263747031,0.0,0.0
/epuck2/cmd_vel,55.303635649,0.0,0.0
/epuck2/cmd_vel,55.379011725,0.0,0.0
/epuck2/cmd_vel,55.417701795,0.0,0.0
/epuck2/cmd_vel,55.473450111,0.0,0.0
/epuck2/cmd_vel,55.509095868,0.0,0.0
/epuck2/cmd_vel,55.570270681,0.0,0.0
/epuck2/cmd_vel,55.625000374,0.0,0.0
/epuck2/cmd_vel,55.681617802,0.0,0.0
/epuck2/cmd_vel,55.737520071,0.0,0.0
/epuck2/cmd_vel,55.773978751,0.0,0.0
/epuck2/cmd_vel,55.815301538,0.0,0.0
/epuck2/cmd_vel,55.88715564,0.0,0.0
/epuck2/cmd_vel,55.926140089,0.0,0.0
/epuck2/cmd_vel,55.979265563,0.0,0.0
/epuck2/cmd_vel,56.018440405,0.0,0.0
/epuck2/cmd_vel,56.094151644,0.0,0.0
/epuck2/cmd_vel,56.135519462,0.0,0.0
/epuck2/cmd_vel,56.191319128,0.0,0.0
/epuck2/cmd_vel,56.245073057,0.0,0.0
/epuck2/cmd_vel,56.283733996,0.0,0.0
/epuck2/cmd_vel,56.3210846,0.0,0.0
/epuck2/cmd_vel,56.40284773,0.0,0.0
/epuck2/cmd_vel,56.441337927,0.0,0.0
/epuck2/cmd_vel,56.494034325,0.0,0.0
/epuck2/cmd_vel,56.530648539,0.0,0.0
/epuck2/cmd_vel,56.589654274,0.0,0.0
/epuck2/cmd_vel,56.6441915,0.0,0.0
/epuck2/cmd_vel,56.716438831,0.0,0.0
/epuck2/cmd_vel,56.772348507,0.0,0.0
/epuck2/cmd_vel,56.807627797,0.0,0.0
/epuck2/cmd_vel,56.843839203,0.0,0.0
/epuck2/cmd_vel,56.921730383,0.0,0.0
/epuck2/cmd_vel,56.962517344,0.0,0.0
/epuck2/cmd_vel,57.018667973,0.0,0.0
/epuck2/cmd_vel,57.053334214,0.0,0.0
/epuck2/cmd_vel,57.113035357,0.0,0.0
/epuck2/cmd_vel,57.165192671,0.0,0.0
/epuck2/cmd_vel,57.226717261,0.0,0.0
/epuck2/cmd_vel,57.262391952,0.0,0.0
/epuck2/cmd_vel,57.318268744,0.0,0.0
/epuck2/cmd_vel,57.357022114,0.0,0.0
/epuck2/cmd_vel,57.43050532,0.0,0.0
/epuck2/cmd_vel,57.470736705,0.0,0.0
/epuck2/cmd_vel,57.525378312,0.0,0.0
/epuck2/cmd_vel,57.560864388,0.0,0.0
/epuck2/cmd_vel,57.620285076,0.0,0.0
/epuck2/cmd_vel,57.679152164,0.0,0.0
/epuck2/cmd_vel,57.737750548,0.0,0.0
/epuck2/cmd_vel,57.771117909,0.0,0.0
