unix_time_s,cpu_percent,mem_used_mb,mem_available_mb,net_rx_bytes_delta,net_tx_bytes_delta,wifi_link_quality,wifi_signal_dbm
1784384853.555,14.78,202.83,161.70,3002,36755,70.0,-33.0
1784384854.562,15.48,202.87,161.66,3363,39755,70.0,-33.0
1784384855.569,14.95,202.87,161.66,2922,36771,70.0,-38.0
1784384856.575,14.89,202.87,161.66,3209,41515,70.0,-38.0
1784384857.581,14.36,202.93,161.60,2911,36243,70.0,-37.0
1784384858.586,14.39,202.99,161.54,3209,40555,70.0,-36.0
1784384859.592,13.72,203.05,161.48,2989,37291,70.0,-37.0
1784384860.598,15.53,203.11,161.43,2949,37143,70.0,-36.0
1784384861.604,15.10,203.14,161.39,3246,40945,70.0,-35.0
1784384862.611,14.63,203.08,161.45,2908,36687,70.0,-39.0
1784384863.617,14.71,203.14,161.39,3164,40069,70.0,-36.0
1784384864.622,14.60,203.13,161.40,2951,36509,70.0,-35.0
1784384865.628,14.99,203.19,161.34,2952,36755,70.0,-38.0
1784384866.634,14.32,203.25,161.29,2906,36591,70.0,-36.0
1784384867.640,15.37,203.18,161.35,3258,40308,70.0,-35.0
1784384868.645,13.22,203.24,161.29,2948,37129,70.0,-36.0
1784384869.652,15.27,203.30,161.23,3300,43273,69.0,-41.0
1784384870.659,16.13,203.30,161.23,2951,37666,70.0,-35.0
1784384871.665,14.81,203.24,161.29,3170,40317,70.0,-36.0
1784384872.671,14.88,203.29,161.25,2911,36457,70.0,-33.0
1784384873.676,15.40,203.29,161.25,2952,36788,70.0,-33.0
1784384874.683,13.43,203.29,161.25,3116,40967,70.0,-36.0
1784384875.691,15.90,203.29,161.25,2965,36591,70.0,-37.0
1784384876.699,15.23,203.29,161.25,2869,37062,70.0,-36.0
1784384877.705,13.22,203.29,161.25,3208,40965,70.0,-35.0
1784384878.711,14.53,203.29,161.25,2949,36309,70.0,-36.0
1784384879.717,15.16,203.23,161.30,3221,40392,70.0,-33.0
1784384880.722,14.71,203.34,161.19,2952,37715,70.0,-35.0
1784384881.729,15.02,203.34,161.19,3196,37223,70.0,-36.0
1784384882.736,14.50,203.29,161.25,3083,43517,70.0,-36.0
1784384883.742,16.10,203.33,161.20,2911,37045,70.0,-35.0
1784384884.747,15.06,203.27,161.26,3209,40546,70.0,-33.0
1784384885.753,12.88,203.27,161.26,2912,36886,70.0,-33.0
1784384886.760,13.97,203.27,161.26,3209,41219,70.0,-32.0
1784384887.766,13.83,203.27,161.26,2951,37324,70.0,-31.0
1784384888.772,14.68,203.29,161.24,3169,41754,70.0,-32.0
1784384889.778,15.61,203.23,161.30,2952,36405,70.0,-33.0
1784384890.784,14.74,203.35,161.18,2952,36744,70.0,-33.0
1784384891.790,15.35,203.29,161.24,3168,42508,70.0,-33.0
1784384892.795,15.02,203.35,161.18,2952,37168,70.0,-33.0
1784384893.801,16.87,203.34,161.19,3203,40504,70.0,-32.0
1784384894.807,15.12,203.34,161.19,2983,38031,70.0,-32.0
1784384895.813,14.25,203.29,161.25,3126,41782,70.0,-32.0
1784384896.819,13.18,203.34,161.19,2951,37227,70.0,-32.0
1784384897.824,13.83,203.40,161.13,3117,41674,70.0,-32.0
1784384898.831,14.60,203.40,161.13,2921,36690,70.0,-32.0
1784384899.837,15.10,203.46,161.07,2912,37881,70.0,-32.0
1784384900.844,15.35,203.34,161.19,3209,42266,70.0,-32.0
1784384901.850,15.46,203.46,161.07,2873,36272,70.0,-33.0
1784384902.856,14.21,203.40,161.13,3209,40617,70.0,-32.0
1784384903.862,14.36,203.34,161.19,2950,36889,70.0,-33.0
1784384904.869,14.39,203.34,161.19,2912,36827,70.0,-32.0
1784384905.874,12.69,203.46,161.07,3166,40539,70.0,-32.0
1784384906.880,14.81,203.46,161.07,2953,37205,70.0,-32.0
1784384907.886,14.81,203.46,161.07,3288,41726,70.0,-33.0
1784384908.893,14.53,203.44,161.09,2907,36903,70.0,-33.0
1784384909.899,14.64,203.50,161.04,2911,36820,70.0,-33.0
1784384910.905,15.40,203.50,161.04,3206,40435,70.0,-33.0
1784384911.911,13.76,203.55,160.98,2952,36867,70.0,-33.0
1784384912.918,16.10,203.55,160.98,3169,42010,70.0,-34.0
1784384913.923,15.16,203.55,160.98,2948,37621,70.0,-33.0
1784384914.929,14.78,203.60,160.93,3209,40446,70.0,-32.0
1784384915.935,14.07,203.60,160.93,3029,37811,70.0,-33.0
1784384916.940,15.61,203.66,160.87,3117,40456,70.0,-33.0
1784384917.946,13.40,203.54,160.99,3082,38368,70.0,-32.0
1784384918.952,13.97,203.60,160.93,2951,38183,70.0,-33.0
1784384919.958,14.00,203.54,161.00,3209,40373,70.0,-32.0
1784384920.964,14.50,203.54,161.00,2950,36545,70.0,-33.0
1784384921.970,13.97,203.54,161.00,3205,40127,70.0,-32.0
1784384922.976,14.71,203.52,161.01,2950,36693,70.0,-32.0
1784384923.983,13.22,203.52,161.01,3169,40016,70.0,-32.0
1784384924.989,13.90,203.56,160.97,2952,36775,70.0,-33.0
1784384925.995,14.25,203.56,160.97,3169,40119,70.0,-32.0
1784384927.002,15.16,203.62,160.91,2910,36516,70.0,-33.0
1784384928.009,15.44,203.68,160.86,2986,37882,70.0,-33.0
1784384929.015,14.68,203.68,160.86,3209,40602,70.0,-36.0
1784384930.021,14.63,203.68,160.86,3120,36867,70.0,-33.0
1784384931.027,16.43,203.68,160.86,3428,41058,70.0,-34.0
1784384932.033,14.29,203.79,160.75,3003,38001,70.0,-33.0
1784384933.039,14.50,203.72,160.81,2949,37330,70.0,-36.0
1784384934.044,14.46,203.78,160.75,3209,40398,70.0,-30.0
1784384935.050,15.37,203.78,160.75,2911,36506,70.0,-34.0
1784384936.056,15.23,203.72,160.81,3207,41143,70.0,-28.0
1784384937.062,14.64,203.70,160.83,2951,37481,70.0,-29.0
1784384938.068,15.74,203.70,160.83,3165,41261,70.0,-31.0
1784384939.074,14.84,203.70,160.83,2911,37358,70.0,-32.0
1784384940.079,15.20,203.70,160.83,2951,37353,70.0,-33.0
1784384941.085,14.85,203.70,160.83,3207,39925,70.0,-31.0
1784384942.091,14.78,203.76,160.77,2909,37989,70.0,-34.0
1784384943.098,15.14,203.76,160.77,3165,40806,70.0,-33.0
1784384944.104,14.15,203.82,160.71,2950,37227,70.0,-33.0
1784384945.111,14.84,203.82,160.71,3167,40341,70.0,-21.0
1784384946.117,15.48,203.86,160.67,3029,38620,70.0,-21.0
1784384947.124,13.22,203.86,160.67,2910,37530,70.0,-21.0
1784384948.130,15.90,203.80,160.73,3208,40122,70.0,-22.0
1784384949.136,13.72,203.80,160.73,2953,39202,70.0,-23.0
1784384950.142,14.81,203.80,160.73,3221,39839,70.0,-22.0
1784384951.148,15.27,203.86,160.67,2953,35925,70.0,-22.0
1784384952.154,14.75,203.98,160.55,3179,40973,70.0,-23.0
1784384953.160,14.71,203.92,160.61,2952,35941,70.0,-21.0
1784384954.165,15.44,203.92,160.61,3154,37088,70.0,-20.0
1784384955.173,15.16,203.84,160.69,2962,40700,70.0,-21.0
1784384956.180,15.33,203.90,160.63,2949,36427,70.0,-21.0
1784384957.186,15.57,203.96,160.57,3206,39785,70.0,-21.0
1784384958.193,14.11,203.96,160.57,2911,36779,70.0,-21.0
1784384959.200,14.11,203.96,160.57,2963,36136,70.0,-21.0
1784384960.206,15.06,203.95,160.59,3168,40817,70.0,-21.0
1784384961.212,15.09,203.95,160.59,2988,37673,70.0,-21.0
1784384962.218,14.67,204.00,160.53,3210,40641,70.0,-21.0
1784384963.224,15.23,204.00,160.53,2964,36550,70.0,-21.0
1784384964.229,15.61,204.00,160.53,3156,40901,70.0,-21.0
1784384965.235,16.18,204.00,160.53,3003,38343,70.0,-21.0
1784384966.242,15.70,204.00,160.53,3117,36227,70.0,-21.0
1784384967.249,15.72,204.06,160.47,3178,41369,70.0,-20.0
1784384968.255,15.27,204.06,160.47,2953,36057,70.0,-28.0
1784384969.260,15.61,204.12,160.41,3209,40996,70.0,-28.0
1784384970.266,15.98,204.12,160.41,2910,37710,70.0,-28.0
1784384971.273,15.40,204.10,160.43,3207,40679,70.0,-26.0
1784384972.279,14.50,204.16,160.37,2951,36604,70.0,-27.0
1784384973.286,15.70,204.16,160.37,3207,37048,70.0,-28.0
1784384974.293,14.57,204.10,160.43,2963,40142,70.0,-27.0
1784384975.299,14.60,204.09,160.44,2950,36563,70.0,-27.0
1784384976.304,15.72,204.15,160.38,3204,40584,70.0,-24.0
1784384977.311,14.46,204.08,160.45,2952,36480,70.0,-24.0
1784384978.317,15.14,204.05,160.48,2911,35950,70.0,-26.0
1784384979.323,15.44,204.05,160.48,3210,40861,70.0,-24.0
1784384980.329,14.46,203.99,160.54,2952,36132,70.0,-24.0
1784384981.335,15.10,203.99,160.54,2909,36067,70.0,-25.0
1784384982.341,15.38,203.99,160.54,3259,40827,70.0,-25.0
1784384983.346,14.25,203.99,160.54,2909,36158,70.0,-27.0
1784384984.352,13.50,203.93,160.60,3128,39564,70.0,-27.0
1784384985.358,14.74,204.05,160.48,2912,37138,70.0,-26.0
1784384986.364,13.86,203.99,160.54,3154,40352,70.0,-27.0
1784384987.371,15.37,203.93,160.60,3055,36601,70.0,-27.0
1784384988.379,13.58,203.98,160.55,2912,37145,70.0,-27.0
1784384989.385,13.90,204.04,160.49,3169,40241,70.0,-28.0
1784384990.390,15.23,204.09,160.44,2951,35949,70.0,-24.0
1784384991.398,13.61,204.09,160.44,3210,40680,70.0,-25.0
1784384992.404,15.12,204.15,160.38,2952,36659,70.0,-25.0
1784384993.410,15.44,204.09,160.44,3170,39843,70.0,-26.0
1784384994.417,14.50,204.09,160.44,3027,37498,70.0,-26.0
1784384995.424,14.57,204.08,160.45,2911,36377,70.0,-25.0
1784384996.431,15.72,204.14,160.39,3247,42345,70.0,-22.0
1784384997.437,13.90,204.08,160.45,2991,38848,70.0,-22.0
1784384998.442,14.32,204.14,160.39,2952,36342,70.0,-21.0
1784384999.449,14.74,204.05,160.48,3177,42088,70.0,-21.0
1784385000.454,15.74,204.11,160.42,2952,37791,70.0,-21.0
1784385001.460,13.86,204.11,160.42,3157,36229,70.0,-21.0
1784385002.466,14.04,204.10,160.43,2964,40214,70.0,-21.0
1784385003.472,15.27,204.10,160.43,2869,37239,70.0,-21.0
1784385004.477,15.82,204.10,160.43,3247,41838,70.0,-22.0
1784385005.484,15.02,204.10,160.43,2911,37934,70.0,-22.0
1784385006.490,15.31,204.10,160.43,2910,37365,70.0,-23.0
1784385007.496,14.95,204.22,160.31,3181,40339,70.0,-22.0
1784385008.502,14.99,204.16,160.37,3004,37096,70.0,-22.0
1784385009.508,14.50,204.14,160.39,3127,40865,70.0,-22.0
1784385010.514,15.12,204.14,160.39,2948,36792,70.0,-22.0
1784385011.523,15.27,204.14,160.39,3208,40597,70.0,-22.0
1784385012.529,13.75,204.20,160.33,3066,37888,70.0,-22.0
1784385013.535,15.23,204.20,160.33,2909,36226,70.0,-22.0
1784385014.542,15.14,204.20,160.33,3206,40431,70.0,-22.0
1784385015.547,14.71,204.14,160.39,2949,36853,70.0,-22.0
1784385016.553,14.67,204.14,160.39,3157,36202,70.0,-22.0
1784385017.559,14.85,204.20,160.33,2963,40305,70.0,-22.0
1784385018.565,14.78,204.14,160.39,2947,37182,70.0,-22.0
1784385019.572,14.29,204.19,160.34,3246,40424,70.0,-22.0
1784385020.577,13.97,204.13,160.40,2872,36621,70.0,-22.0
1784385021.583,15.89,204.11,160.43,3167,40926,70.0,-22.0
1784385022.588,14.71,204.10,160.43,2952,36287,70.0,-22.0
1784385023.594,13.93,204.10,160.43,3207,39747,70.0,-21.0
1784385024.602,15.44,204.10,160.43,2911,37399,70.0,-22.0
1784385025.609,16.55,204.16,160.38,3210,40051,70.0,-21.0
1784385026.616,14.11,204.16,160.38,2911,36578,70.0,-21.0
1784385027.622,14.00,204.16,160.38,2912,37008,70.0,-21.0
1784385028.628,13.93,204.27,160.26,3203,39833,70.0,-22.0
1784385029.634,14.07,204.27,160.26,2953,36943,70.0,-22.0
1784385030.640,15.44,204.21,160.32,3208,40502,70.0,-22.0
1784385031.646,15.33,204.21,160.32,2912,37549,70.0,-22.0
1784385032.653,16.18,204.27,160.26,3207,41086,70.0,-22.0
1784385033.659,14.21,204.27,160.26,2951,37808,70.0,-22.0
1784385034.665,16.35,204.33,160.20,2952,36345,70.0,-22.0
1784385035.672,15.50,204.39,160.14,3128,41439,70.0,-22.0
1784385036.678,14.18,204.33,160.20,2947,37151,70.0,-21.0
1784385037.683,14.99,204.45,160.09,3118,36681,70.0,-21.0
1784385038.689,15.09,204.45,160.09,3005,39745,70.0,-22.0
1784385039.695,16.54,204.39,160.14,2909,36978,70.0,-21.0
1784385040.701,15.48,204.48,160.05,3208,40611,70.0,-22.0
1784385041.709,14.46,204.42,160.11,2949,36587,70.0,-22.0
1784385042.715,14.99,204.48,160.05,2958,37616,70.0,-22.0
1784385043.722,15.92,204.48,160.05,2991,36925,70.0,-21.0
1784385044.729,14.14,204.48,160.05,3249,40713,70.0,-21.0
1784385045.735,13.86,204.48,160.05,2913,36500,70.0,-21.0
1784385046.741,16.38,204.48,160.05,3166,39844,70.0,-21.0
1784385047.747,15.98,204.47,160.06,2951,37887,70.0,-21.0
1784385048.753,12.72,204.40,160.13,2950,36505,70.0,-21.0
1784385049.760,15.48,204.40,160.13,3166,39583,70.0,-21.0
1784385050.766,14.91,204.44,160.09,2952,37024,70.0,-21.0
1784385051.772,14.04,204.49,160.04,3129,40686,70.0,-21.0
1784385052.778,15.69,204.48,160.05,2949,36380,70.0,-21.0
1784385053.784,13.35,204.54,159.99,2911,38232,70.0,-21.0
1784385054.790,14.71,204.60,159.93,3206,41223,70.0,-22.0
1784385055.796,15.33,204.60,159.93,2950,36257,70.0,-21.0
1784385056.803,14.91,204.60,159.93,3205,40383,70.0,-21.0
1784385057.810,14.50,204.65,159.88,2910,36970,70.0,-21.0
1784385058.816,14.64,204.65,159.88,2951,36346,70.0,-21.0
1784385059.822,13.18,204.71,159.82,3247,40457,70.0,-21.0
1784385060.828,14.85,204.70,159.83,2871,36844,70.0,-21.0
1784385061.834,15.38,204.70,159.83,3245,40331,70.0,-21.0
1784385062.841,14.95,204.70,159.83,2952,36986,70.0,-21.0
1784385063.846,15.02,204.70,159.83,2951,36302,70.0,-21.0
1784385064.853,14.14,204.70,159.83,3166,39945,70.0,-21.0
1784385065.859,15.97,204.70,159.83,2952,36988,70.0,-20.0
1784385066.865,15.31,204.70,159.83,3165,40780,70.0,-20.0
1784385067.873,14.99,204.70,159.83,2950,35903,70.0,-20.0
1784385068.878,15.27,204.56,159.97,2909,37055,70.0,-21.0
1784385069.884,14.91,204.62,159.91,2953,36608,70.0,-21.0
1784385070.890,14.60,204.50,160.03,3209,40923,70.0,-21.0
1784385071.897,15.61,204.56,159.97,2912,37640,70.0,-21.0
1784385072.903,14.78,204.56,159.97,3156,41141,70.0,-21.0
1784385073.909,14.29,204.56,159.97,3054,36423,70.0,-21.0
1784385074.915,13.83,204.56,159.97,2951,36600,70.0,-21.0
1784385075.922,15.52,204.67,159.86,3169,40715,70.0,-21.0
1784385076.928,15.31,204.73,159.80,2965,37084,70.0,-21.0
1784385077.934,14.29,204.67,159.86,3168,41355,70.0,-33.0
1784385078.940,14.85,204.61,159.92,2913,36208,70.0,-35.0
1784385079.946,15.44,204.55,159.98,3247,42070,70.0,-33.0
1784385080.952,14.74,204.61,159.92,2953,38467,70.0,-34.0
1784385081.958,14.11,204.66,159.87,3154,40387,70.0,-33.0
1784385082.964,15.56,204.61,159.93,2963,36511,70.0,-23.0
1784385083.970,15.37,204.61,159.93,3043,37492,70.0,-33.0
1784385084.976,15.23,204.61,159.93,3301,41605,70.0,-31.0
1784385085.982,14.57,204.57,159.96,2949,36338,70.0,-28.0
1784385086.988,17.19,204.72,159.81,3117,42539,70.0,-34.0
1784385087.994,15.33,204.54,160.00,3005,36934,70.0,-36.0
1784385089.000,15.85,204.64,159.89,2898,37883,70.0,-35.0
1784385090.006,13.90,204.64,159.89,3206,40647,70.0,-37.0
1784385091.011,15.12,204.64,159.89,2912,37747,70.0,-36.0
1784385092.017,14.99,204.64,159.89,3116,40346,70.0,-37.0
1784385093.024,13.43,204.64,159.89,2962,36861,70.0,-37.0
