unix_time_s,cpu_percent,mem_used_mb,mem_available_mb
1784377146.314,19.90,575.71,3340.90
1784377147.316,9.43,593.75,3322.87
1784377148.317,3.22,594.14,3322.48
1784377149.320,3.21,594.21,3322.40
1784377150.321,3.69,594.21,3322.40
1784377151.322,2.97,594.21,3322.40
1784377152.324,3.69,594.21,3322.40
1784377153.327,3.69,594.20,3322.41
1784377154.328,3.45,594.20,3322.41
1784377154.681,1.25,594.18,3322.43
1784377155.682,0.00,594.18,3322.43
1784377156.683,0.76,594.18,3322.43
1784377157.684,0.51,594.18,3322.43
1784377158.686,0.26,594.16,3322.45
1784377159.687,1.26,594.16,3322.45
1784377160.689,0.25,594.11,3322.50
1784377161.691,0.51,594.11,3322.50
1784377162.692,0.25,594.11,3322.50
1784377163.694,1.01,594.11,3322.50
1784377164.696,0.25,594.10,3322.51
1784377165.698,0.51,594.10,3322.51
1784377166.699,0.76,594.10,3322.51
1784377167.702,0.00,594.10,3322.51
1784377168.703,0.51,594.10,3322.51
1784377169.704,0.51,594.10,3322.51
1784377170.706,0.76,594.10,3322.51
1784377171.707,0.51,594.10,3322.51
1784377172.709,0.25,594.04,3322.57
1784377173.711,0.51,594.04,3322.57
1784377174.712,0.51,594.04,3322.57
1784377175.714,0.25,594.04,3322.57
1784377176.715,0.51,594.04,3322.57
1784377177.717,0.76,594.04,3322.57
1784377178.718,0.76,593.93,3322.68
1784377179.720,0.51,594.07,3322.54
1784377180.724,0.75,594.18,3322.44
1784377181.726,0.51,594.18,3322.44
1784377182.728,0.00,594.12,3322.49
1784377183.729,1.26,594.12,3322.49
1784377184.731,0.25,595.84,3320.77
1784377185.732,0.51,595.84,3320.77
1784377186.135,0.51,595.84,3320.77
1784377187.136,4.40,595.84,3320.77
1784377188.137,4.17,595.84,3320.77
1784377189.139,5.10,595.84,3320.77
1784377190.141,4.85,595.84,3320.77
1784377191.142,4.87,595.84,3320.77
1784377192.144,4.85,595.84,3320.77
1784377193.146,5.54,595.84,3320.77
1784377194.148,4.63,595.84,3320.77
1784377195.149,4.39,595.79,3320.83
1784377196.152,2.25,595.79,3320.83
1784377197.154,2.01,595.79,3320.83
1784377198.156,1.01,595.79,3320.83
1784377199.158,2.49,595.79,3320.83
1784377200.159,2.26,596.03,3320.58
1784377201.161,3.45,596.03,3320.58
1784377202.162,4.18,596.03,3320.58
1784377203.164,4.87,595.97,3320.64
1784377204.165,3.69,595.97,3320.64
1784377205.167,5.10,595.97,3320.64
1784377206.169,3.46,595.97,3320.64
1784377207.171,5.57,595.97,3320.64
1784377208.173,4.87,595.97,3320.64
1784377209.175,5.54,595.95,3320.66
1784377210.176,2.99,595.89,3320.73
1784377211.178,4.62,595.89,3320.73
1784377212.179,4.63,595.89,3320.73
1784377213.181,4.65,595.89,3320.73
1784377214.184,5.10,595.89,3320.73
1784377215.185,5.56,595.89,3320.73
1784377216.187,5.10,595.89,3320.73
1784377217.189,4.87,595.87,3320.75
1784377217.553,3.91,595.87,3320.75
1784377218.555,0.76,595.87,3320.75
1784377219.557,1.76,595.79,3320.82
1784377220.559,1.51,595.94,3320.68
1784377221.561,1.26,596.04,3320.58
1784377222.563,2.01,596.04,3320.58
1784377223.565,2.26,596.00,3320.62
1784377224.567,0.76,595.92,3320.70
1784377225.569,1.76,595.92,3320.70
1784377226.571,1.26,595.92,3320.70
1784377227.571,1.01,595.92,3320.70
1784377228.573,0.76,595.92,3320.70
1784377229.575,2.98,595.88,3320.73
1784377230.577,0.51,595.88,3320.73
1784377231.578,1.01,595.88,3320.73
1784377232.579,1.01,595.88,3320.73
1784377233.580,1.76,595.88,3320.73
1784377234.582,1.26,595.88,3320.73
1784377235.583,0.26,595.88,3320.73
1784377236.584,2.49,595.88,3320.73
1784377237.586,1.01,595.88,3320.73
1784377238.587,0.76,595.81,3320.80
1784377239.589,2.24,595.78,3320.84
1784377240.590,0.26,595.78,3320.84
1784377241.591,1.51,596.27,3320.34
1784377242.593,1.75,596.27,3320.34
1784377243.595,0.51,597.16,3319.45
1784377244.596,1.26,597.16,3319.45
1784377245.598,2.00,597.16,3319.45
1784377246.601,0.51,597.16,3319.45
1784377247.603,1.75,597.16,3319.45
1784377248.605,1.51,597.16,3319.45
1784377248.990,1.75,597.16,3319.45
1784377249.992,3.44,597.13,3319.48
1784377250.993,4.85,597.13,3319.48
1784377251.994,4.17,597.13,3319.48
1784377252.997,3.92,597.13,3319.48
1784377253.998,4.16,597.13,3319.48
1784377254.999,4.40,597.13,3319.48
1784377256.001,3.69,597.07,3319.54
1784377257.002,4.40,597.07,3319.54
1784377258.003,3.93,597.07,3319.54
1784377259.005,3.69,597.07,3319.54
1784377260.006,4.39,597.07,3319.54
1784377261.008,6.01,597.07,3319.54
1784377262.009,4.63,597.07,3319.54
1784377263.011,3.93,597.07,3319.54
1784377264.012,4.62,597.05,3319.56
1784377265.014,2.97,596.99,3319.62
1784377266.016,3.92,596.99,3319.62
1784377267.017,4.39,596.99,3319.62
1784377268.019,2.48,596.99,3319.62
1784377269.021,3.45,596.99,3319.62
1784377270.022,4.16,596.95,3319.66
1784377271.025,4.85,596.95,3319.66
1784377272.026,3.47,596.95,3319.66
1784377273.028,4.16,596.95,3319.66
1784377274.030,4.40,596.95,3319.66
1784377275.031,3.93,596.95,3319.66
1784377276.033,4.17,596.95,3319.66
1784377277.035,4.63,596.83,3319.78
1784377278.037,5.08,596.83,3319.78
1784377279.038,5.11,596.77,3319.84
1784377280.040,4.62,596.77,3319.84
1784377281.041,3.93,596.77,3319.84
1784377281.417,8.50,600.52,3316.09
1784377282.420,0.25,600.77,3315.85
1784377283.422,1.01,600.77,3315.85
1784377284.424,1.01,600.77,3315.85
1784377285.425,0.51,600.77,3315.85
1784377286.427,0.76,600.66,3315.95
1784377287.428,0.51,600.66,3315.95
1784377288.430,0.51,600.66,3315.95
1784377289.432,1.01,600.66,3315.95
1784377290.434,0.76,600.66,3315.95
1784377291.437,0.25,600.66,3315.95
1784377292.439,0.51,600.66,3315.95
1784377293.441,1.27,600.66,3315.95
1784377294.442,0.00,600.62,3316.00
1784377295.444,0.76,600.62,3316.00
1784377296.446,0.25,600.62,3316.00
1784377297.448,0.51,600.62,3316.00
1784377298.449,0.51,600.62,3316.00
1784377299.451,1.51,600.56,3316.05
1784377300.453,0.51,600.56,3316.05
1784377301.455,0.25,600.56,3316.05
1784377302.457,0.51,603.59,3313.02
1784377303.459,1.52,603.59,3313.02
1784377304.461,0.25,603.59,3313.02
1784377305.463,0.51,603.59,3313.02
1784377306.464,0.51,603.59,3313.02
1784377307.466,1.01,603.59,3313.02
1784377308.467,0.51,603.59,3313.02
1784377309.470,0.25,603.59,3313.02
1784377310.472,1.51,603.59,3313.02
1784377311.474,0.51,603.56,3313.05
1784377312.476,0.51,603.56,3313.05
1784377312.845,1.50,603.56,3313.05
1784377313.847,5.78,603.56,3313.05
1784377314.849,4.87,603.56,3313.05
1784377315.849,4.87,603.56,3313.05
1784377316.851,6.01,603.56,3313.05
1784377317.853,5.08,603.56,3313.05
1784377318.853,5.56,603.56,3313.05
1784377319.854,5.10,603.56,3313.05
1784377320.856,4.63,603.56,3313.05
1784377321.858,5.77,603.51,3313.11
1784377322.859,5.10,603.44,3313.17
1784377323.861,6.00,603.44,3313.17
1784377324.862,6.24,603.44,3313.17
1784377325.864,5.78,603.44,3313.17
1784377326.867,5.10,603.44,3313.17
1784377327.868,4.16,603.44,3313.17
1784377328.870,4.87,603.38,3313.23
1784377329.872,5.30,603.36,3313.25
1784377330.874,6.02,603.36,3313.25
1784377331.876,5.33,603.36,3313.25
1784377332.878,4.62,603.36,3313.25
1784377333.880,4.87,603.31,3313.30
1784377334.881,4.40,603.31,3313.30
1784377335.882,5.78,603.31,3313.30
1784377336.883,5.33,603.31,3313.30
1784377337.885,5.33,603.31,3313.30
1784377338.886,5.33,603.31,3313.30
1784377339.887,5.54,603.31,3313.30
1784377340.889,5.54,603.31,3313.30
1784377341.892,5.53,603.23,3313.38
1784377342.894,6.01,603.23,3313.38
1784377343.896,6.68,603.23,3313.38
1784377344.264,3.19,603.23,3313.38
1784377345.266,1.01,603.23,3313.38
1784377346.268,0.76,603.18,3313.43
1784377347.269,0.26,603.18,3313.43
1784377348.271,0.51,603.18,3313.43
1784377349.273,0.76,603.18,3313.43
1784377350.275,1.01,603.18,3313.43
1784377351.276,0.26,603.18,3313.43
1784377352.277,0.51,603.18,3313.43
1784377353.280,1.01,603.18,3313.43
1784377354.284,0.00,603.18,3313.43
1784377355.286,1.01,603.18,3313.43
1784377356.288,0.76,603.18,3313.43
1784377357.289,0.51,603.18,3313.43
1784377358.291,0.00,603.08,3313.54
1784377359.292,0.26,603.08,3313.54
1784377360.294,0.76,603.05,3313.56
1784377361.296,0.51,602.99,3313.62
1784377362.298,0.51,602.99,3313.62
1784377363.300,0.51,602.99,3313.62
1784377364.301,0.76,602.97,3313.64
1784377365.303,0.51,602.97,3313.64
1784377366.304,0.76,602.97,3313.64
1784377367.306,1.01,602.97,3313.64
1784377368.307,0.51,602.97,3313.64
1784377369.309,1.26,602.97,3313.64
1784377370.311,0.00,602.93,3313.68
1784377371.312,1.01,602.93,3313.68
1784377372.314,0.76,602.93,3313.68
1784377373.316,0.51,602.93,3313.68
1784377374.317,0.76,602.93,3313.68
1784377375.318,1.26,602.88,3313.73
1784377375.686,0.51,602.88,3313.73
1784377376.687,3.45,602.88,3313.73
1784377377.688,2.24,602.88,3313.73
1784377378.690,3.47,602.88,3313.73
1784377379.691,2.01,602.88,3313.73
1784377380.693,2.24,602.88,3313.73
1784377381.695,2.74,602.88,3313.73
1784377382.697,1.75,602.88,3313.73
1784377383.699,3.22,602.88,3313.73
1784377384.700,2.24,602.88,3313.73
1784377385.702,2.49,602.88,3313.73
1784377386.703,2.73,602.88,3313.73
1784377387.704,2.25,602.88,3313.73
1784377388.706,2.74,602.88,3313.73
1784377389.708,1.51,602.84,3313.77
1784377390.709,3.22,602.64,3313.98
1784377391.711,1.75,602.64,3313.98
1784377392.713,2.49,602.64,3313.98
1784377393.714,2.98,602.64,3313.98
1784377394.716,2.24,602.64,3313.98
1784377395.718,1.76,602.64,3313.98
1784377396.720,2.97,602.64,3313.98
1784377397.721,3.22,602.64,3313.98
1784377398.723,1.51,602.64,3313.98
1784377399.725,2.97,602.64,3313.98
1784377400.727,2.98,602.62,3313.99
1784377401.728,2.24,602.62,3313.99
1784377402.730,3.22,602.62,3313.99
1784377403.731,2.49,602.62,3313.99
1784377404.732,2.50,602.62,3313.99
1784377405.734,2.98,602.87,3313.74
1784377406.736,1.76,602.87,3313.74
1784377407.108,3.45,602.80,3313.81
1784377408.110,2.72,602.80,3313.81
1784377409.112,5.33,602.80,3313.81
1784377410.113,4.40,602.80,3313.81
1784377411.115,4.63,602.80,3313.81
1784377412.117,5.56,602.80,3313.81
1784377413.119,5.11,602.78,3313.84
1784377414.121,2.99,602.75,3313.87
1784377415.122,5.78,602.75,3313.87
1784377416.123,5.34,602.75,3313.87
1784377417.125,3.93,602.75,3313.87
1784377418.126,7.13,602.75,3313.87
1784377419.127,4.87,602.75,3313.87
1784377420.129,5.10,602.73,3313.89
1784377421.130,5.33,602.73,3313.89
1784377422.131,4.87,602.73,3313.89
1784377423.133,6.24,602.73,3313.89
1784377424.135,4.65,602.73,3313.89
1784377425.136,6.24,602.58,3314.04
1784377426.138,6.02,602.55,3314.07
1784377427.140,5.54,602.55,3314.07
1784377428.141,5.10,602.55,3314.07
1784377429.143,5.34,602.55,3314.07
1784377430.145,5.33,602.53,3314.08
1784377431.147,6.01,602.53,3314.08
1784377432.149,4.17,602.53,3314.08
1784377433.150,5.34,602.53,3314.08
1784377434.152,5.34,602.53,3314.08
1784377435.153,6.01,602.53,3314.08
1784377436.155,6.24,602.53,3314.08
1784377437.158,4.85,602.53,3314.08
1784377438.160,4.40,602.53,3314.08
1784377439.162,4.65,602.50,3314.11
1784377439.532,1.00,602.50,3314.11
1784377440.534,0.76,602.50,3314.11
1784377441.536,0.51,602.50,3314.11
1784377442.539,3.55,582.50,3334.11
1784377443.541,0.51,582.41,3334.20
1784377444.543,0.25,582.41,3334.20
1784377445.545,0.76,582.35,3334.26
