wsl_unix_time_s,connected,rx_count,crc_errors,last_rtt_ms,estimated_one_way_ms,wall_clock_delta_ms,last_state_age_s,scan_count_this_window,odom_count_this_window,nonzero_cmd_vel_count_this_window
1784377146.122,True,19424,0,56.58943199978239,28.294715999891196,489.6101951599121,0.09545731544494629,4,4,0
1784377147.123,True,19434,0,57.385793999856105,28.692896999928053,512.0205879211426,0.006947517395019531,10,9,0
1784377148.121,True,19443,0,59.8032160000912,29.9016080000456,531.4071178436279,0.026725053787231445,9,10,0
1784377149.121,True,19452,0,57.41209899997557,28.706049499987785,550.2660274505615,0.04716753959655762,9,9,0
1784377150.122,True,19461,0,57.89552199985337,28.947760999926686,568.5837268829346,0.0575869083404541,9,9,0
1784377151.122,True,19470,0,56.837027999790735,28.418513999895367,587.7842903137207,0.047158002853393555,9,9,0
1784377152.122,True,19479,0,56.77963299967814,28.38981649983907,606.3024997711182,0.06832504272460938,9,9,0
1784377153.122,True,19488,0,57.35215499998958,28.67607749999479,625.6141662597656,0.09147500991821289,9,9,0
1784377154.122,True,19497,0,56.62651199963875,28.313255999819376,644.3920135498047,0.07347559928894043,9,9,0
1784377155.122,True,19512,0,57.133993999741506,28.566996999870753,25.577783584594727,0.09177565574645996,10,10,0
1784377156.122,True,19522,0,60.74914200007697,30.374571000038486,39.86406326293945,0.007957220077514648,10,9,0
1784377157.123,True,19531,0,59.311496000191255,29.655748000095628,50.32229423522949,0.029908418655395508,9,10,0
1784377158.122,True,19540,0,57.00899600014964,28.50449800007482,61.92183494567871,0.04204916954040527,9,9,0
1784377159.122,True,19549,0,56.27621699977681,28.138108499888403,72.07489013671875,0.05206656455993652,9,9,0
1784377160.122,True,19558,0,57.100011999864364,28.550005999932182,83.01281929016113,0.07357144355773926,9,9,0
1784377161.122,True,19567,0,61.852153000018006,30.926076500009003,96.1310863494873,0.08440566062927246,9,9,0
1784377162.122,True,19577,0,56.87196700000641,28.435983500003204,106.09698295593262,0.002391815185546875,10,9,0
1784377163.122,True,19586,0,59.677334999832965,29.838667499916482,127.67982482910156,0.017115354537963867,9,9,0
1784377164.122,True,19594,0,58.18638499977169,29.093192499885845,143.3274745941162,0.08858728408813477,8,9,0
1784377165.121,True,19603,0,57.13095200007956,28.56547600003978,162.65606880187988,0.08898019790649414,9,9,0
1784377166.122,True,19612,0,56.80854000002,28.40427000001,180.86862564086914,0.11418843269348145,9,9,0
1784377167.122,True,19622,0,58.913697999742,29.456848999871,202.73637771606445,0.02083897590637207,10,10,0
1784377168.123,True,19631,0,64.82355300022391,32.411776500111955,225.49700736999512,0.02193140983581543,9,9,0
1784377169.122,True,19640,0,56.95455300019603,28.477276500098014,240.71979522705078,0.022060394287109375,9,9,0
1784377170.122,True,19649,0,63.78310900026918,31.89155450013459,266.41106605529785,0.04044675827026367,9,9,0
1784377171.122,True,19658,0,58.71761999969749,29.358809999848745,279.85191345214844,0.03857231140136719,9,9,0
1784377172.122,True,19667,0,56.28988800026491,28.144944000132455,301.43117904663086,0.04335498809814453,9,9,0
1784377173.123,True,19676,0,57.44258000004265,28.721290000021327,324.91469383239746,0.06266188621520996,9,9,0
1784377174.122,True,19685,0,56.936658000267926,28.468329000133963,348.25658798217773,0.07979130744934082,9,9,0
1784377175.122,True,19694,0,56.829715999811015,28.414857999905507,371.92440032958984,0.07617020606994629,9,9,0
1784377176.122,True,19703,0,57.10546999989674,28.55273499994837,395.80368995666504,0.07660651206970215,9,9,0
1784377177.122,True,19712,0,6.140423000033479,3.0702115000167396,419.82150077819824,0.06352090835571289,8,8,0
1784377178.123,True,19721,0,5.588814000020648,2.794407000010324,442.69299507141113,0.10461139678955078,9,9,0
1784377179.121,True,19730,0,43.522070000108215,21.761035000054108,466.7940139770508,0.11631441116333008,9,9,0
1784377180.122,True,19735,0,124.60169999985737,62.30084999992869,521.7869281768799,0.4846198558807373,2,2,0
1784377181.123,True,19746,0,115.61331400025665,57.806657000128325,510.33592224121094,0.21682500839233398,4,4,0
1784377182.123,True,19756,0,355.3862150001805,177.69310750009026,631.580114364624,0.005136251449584961,5,4,0
1784377183.122,True,19763,0,111.27364699996178,55.63682349998089,540.7116413116455,0.3177204132080078,5,6,0
1784377184.122,True,19774,0,62.31079199960732,31.15539599980366,569.3182945251465,0.10389089584350586,4,4,0
1784377185.122,True,19783,0,5.785304999790242,2.892652499895121,583.2281112670898,0.08851027488708496,6,6,0
1784377186.122,True,19793,0,5.931622999924002,2.965811499962001,603.5454273223877,0.029507875442504883,10,10,0
1784377187.122,True,19808,0,110.02887699987696,55.01443849993848,34.88564491271973,0.03652477264404297,10,10,0
1784377188.121,True,19817,0,7.558062000043719,3.7790310000218597,50.051212310791016,0.08438873291015625,9,9,0
1784377189.122,True,19827,0,7.112318000054074,3.556159000027037,65.21058082580566,0.024057626724243164,10,10,0
1784377190.122,True,19836,0,107.79132099969502,53.89566049984751,79.24556732177734,0.040374040603637695,9,9,0
1784377191.122,True,19845,0,11.848925999856874,5.924462999928437,92.4985408782959,0.08530092239379883,9,9,0
1784377192.122,True,19855,0,11.210440000013477,5.605220000006739,108.60848426818848,0.019201278686523438,10,9,0
1784377193.122,True,19864,0,116.46536600028412,58.23268300014206,122.14040756225586,0.05884838104248047,9,10,0
1784377194.122,True,19873,0,16.956616999777907,8.478308499888954,134.81497764587402,0.09476447105407715,9,9,0
1784377195.122,True,19883,0,5.793956000161415,2.8969780000807077,149.89662170410156,0.03365302085876465,10,10,0
1784377196.122,True,19892,0,5.741430999933073,2.8707154999665363,177.43444442749023,0.07219481468200684,9,9,0
1784377197.123,True,19902,0,6.005243000345217,3.0026215001726086,210.58964729309082,0.0022335052490234375,10,10,0
1784377198.122,True,19911,0,6.379287000072509,3.1896435000362544,241.30582809448242,0.02817702293395996,9,9,0
1784377199.122,True,19920,0,6.003592000070057,3.0017960000350286,270.45321464538574,0.06551074981689453,9,9,0
1784377200.122,True,19929,0,109.96573200009152,54.98286600004576,300.8096218109131,0.09970784187316895,9,9,0
1784377201.122,True,19939,0,5.052475999946182,2.526237999973091,327.61335372924805,0.028042078018188477,10,10,0
1784377202.122,True,19948,0,108.4301040000355,54.21505200001775,346.9357490539551,0.0660712718963623,9,9,0
1784377203.123,True,19958,0,5.324943000232452,2.662471500116226,366.67370796203613,0.008745431900024414,10,9,0
1784377204.122,True,19967,0,5.801379999866185,2.9006899999330926,385.6658935546875,0.05067873001098633,9,10,0
1784377205.122,True,19976,0,6.0266479999881994,3.0133239999940997,404.0215015411377,0.10011553764343262,9,9,0
1784377206.122,True,19986,0,6.547545999637805,3.2737729998189025,424.5333671569824,0.02845001220703125,10,10,0
1784377207.122,True,19995,0,5.669828999998572,2.834914499999286,443.2659149169922,0.07401490211486816,9,9,0
1784377208.123,True,20005,0,5.442113999833964,2.721056999916982,463.655948638916,0.006995677947998047,10,9,0
1784377209.122,True,20014,0,121.05924699972093,60.52962349986046,495.35393714904785,0.033193349838256836,9,10,0
1784377210.122,True,20023,0,5.297204999806127,2.6486024999030633,501.25575065612793,0.0837862491607666,9,9,0
1784377211.123,True,20033,0,128.4794109997165,64.23970549985825,521.7177867889404,0.009616851806640625,10,9,0
1784377212.122,True,20042,0,5.796283000108815,2.8981415000544075,539.8530960083008,0.05604100227355957,9,10,0
1784377213.121,True,20051,0,110.52440100002059,55.262200500010294,558.1128597259521,0.10305929183959961,9,9,0
1784377214.122,True,20061,0,5.566583000017999,2.7832915000089997,576.5707492828369,0.03926539421081543,10,10,0
1784377215.122,True,20070,0,111.4276170001176,55.7138085000588,594.550609588623,0.08620190620422363,9,9,0
1784377216.122,True,20080,0,5.278720000205794,2.639360000102897,613.0731105804443,0.0242006778717041,10,10,0
1784377217.123,True,20089,0,110.52654000013717,55.26327000006859,631.8318843841553,0.06239748001098633,9,9,0
1784377218.122,True,20105,0,119.46090199990067,59.730450999950335,27.083158493041992,0.005799055099487305,11,10,0
1784377219.122,True,20114,0,109.23614600005749,54.618073000028744,41.49031639099121,0.05416083335876465,9,10,0
1784377220.122,True,20123,0,6.174700999963534,3.087350499981767,59.81326103210449,0.09560084342956543,9,9,0
1784377221.122,True,20133,0,111.88169000024573,55.94084500012286,80.70969581604004,0.02957296371459961,10,10,0
1784377222.122,True,20142,0,6.766694999896572,3.383347499948286,97.65744209289551,0.07013463973999023,9,9,0
1784377223.122,True,20152,0,5.695560999811278,2.847780499905639,118.12734603881836,0.0019240379333496094,10,10,0
1784377224.122,True,20161,0,5.468325000038021,2.7341625000190106,136.32893562316895,0.048599958419799805,9,9,0
1784377225.122,True,20170,0,6.029226000009658,3.014613000004829,154.62923049926758,0.09513688087463379,9,9,0
1784377226.123,True,20180,0,107.6832930002638,53.8416465001319,174.6201515197754,0.03619122505187988,10,10,0
1784377227.122,True,20189,0,107.56575100003829,53.782875500019145,192.6581859588623,0.08092713356018066,9,9,0
1784377228.122,True,20199,0,110.47440600032132,55.23720300016066,213.07969093322754,0.018863201141357422,10,9,0
1784377229.122,True,20208,0,6.018144999870856,3.009072499935428,231.9631576538086,0.06542229652404785,9,10,0
1784377230.122,True,20217,0,6.119488999956957,3.0597444999784784,249.91869926452637,0.10567641258239746,9,9,0
1784377231.122,True,20227,0,5.758258999776444,2.879129499888222,270.430326461792,0.040627241134643555,10,10,0
1784377232.122,True,20236,0,14.340898000227753,7.1704490001138765,290.90356826782227,0.055043935775756836,9,9,0
1784377233.122,True,20245,0,7.455109999682463,3.7275549998412316,307.1587085723877,0.09722304344177246,9,9,0
1784377234.122,True,20255,0,123.25966300022628,61.62983150011314,340.4428958892822,0.013296127319335938,10,9,0
1784377235.122,True,20264,0,109.50592799963488,54.75296399981744,346.7364311218262,0.06681346893310547,9,10,0
1784377236.123,True,20274,0,108.74823699987246,54.37411849993623,367.1996593475342,0.0018572807312011719,10,9,0
1784377237.122,True,20283,0,6.728655000188155,3.3643275000940775,385.99348068237305,0.03913068771362305,9,10,0
1784377238.122,True,20292,0,6.019103000198811,3.0095515000994055,403.3215045928955,0.08966779708862305,9,9,0
1784377239.123,True,20302,0,5.257041999811918,2.628520999905959,424.1220951080322,0.031347036361694336,10,10,0
1784377240.121,True,20311,0,130.37083999961396,65.18541999980698,448.5208988189697,0.05617856979370117,9,9,0
1784377241.122,True,20320,0,107.65102699997442,53.82551349998721,461.06672286987305,0.10406231880187988,9,9,0
1784377242.121,True,20330,0,108.71774999986883,54.358874999934415,481.98676109313965,0.04645490646362305,10,10,0
1784377243.122,True,20339,0,114.77111200019863,57.385556000099314,502.38847732543945,0.09190559387207031,9,9,0
1784377244.122,True,20349,0,112.68998700006705,56.344993500033524,520.7250118255615,0.02619647979736328,10,10,0
1784377245.122,True,20358,0,5.347888999949646,2.673944499974823,538.7527942657471,0.07056736946105957,9,9,0
1784377246.122,True,20368,0,111.2871720001749,55.64358600008745,559.3750476837158,0.00886392593383789,10,9,0
1784377247.122,True,20377,0,14.76463800008787,7.382319000043935,577.3968696594238,0.04925894737243652,9,10,0
1784377248.122,True,20386,0,5.9710919999815815,2.9855459999907907,596.2262153625488,0.09094071388244629,9,9,0
1784377249.123,True,20396,0,8.907236000140983,4.453618000070492,616.978645324707,0.021813392639160156,10,10,0
1784377250.122,True,20411,0,10.692109000046912,5.346054500023456,30.057430267333984,0.05425405502319336,10,10,0
1784377251.123,True,20421,0,5.1528330000110145,2.5764165000055073,51.07307434082031,0.0034499168395996094,10,9,0
1784377252.121,True,20430,0,108.29780899985053,54.148904499925266,68.93634796142578,0.034316301345825195,9,10,0
1784377253.122,True,20439,0,115.95726300038223,57.97863150019111,87.51893043518066,0.07498717308044434,9,9,0
1784377254.122,True,20449,0,111.70590800020364,55.85295400010182,107.92899131774902,0.006983518600463867,10,9,0
1784377255.121,True,20458,0,6.146489000002475,3.0732445000012376,127.02560424804688,0.04532217979431152,9,10,0
1784377256.122,True,20467,0,5.971923999823048,2.985961999911524,145.2481746673584,0.08238434791564941,9,9,0
1784377257.124,True,20477,0,5.970292999791127,2.9851464998955635,166.15962982177734,0.015472650527954102,10,10,0
1784377258.122,True,20486,0,5.849259000115126,2.924629500057563,184.0522289276123,0.06525397300720215,9,9,0
1784377259.122,True,20495,0,110.83909799981484,55.41954899990742,202.3460865020752,0.10594677925109863,9,9,0
1784377260.122,True,20505,0,113.23482899979354,56.61741449989677,223.79016876220703,0.03367352485656738,10,10,0
1784377261.122,True,20514,0,5.935405999935028,2.967702999967514,241.60361289978027,0.07854580879211426,9,9,0
1784377262.123,True,20524,0,114.73609199993007,57.368045999965034,268.8946723937988,0.014195919036865234,10,9,0
1784377263.122,True,20533,0,112.00632999998561,56.003164999992805,280.46560287475586,0.05686616897583008,9,10,0
1784377264.122,True,20543,0,109.45042100001956,54.72521050000978,301.5897274017334,0.0016794204711914062,10,9,0
1784377265.122,True,20552,0,109.60938700009137,54.80469350004569,319.89383697509766,0.037598371505737305,9,10,0
1784377266.122,True,20561,0,108.48173299973496,54.24086649986748,337.9490375518799,0.08343315124511719,9,9,0
1784377267.123,True,20571,0,107.59910500019032,53.79955250009516,358.4165573120117,0.02059316635131836,10,10,0
1784377268.121,True,20580,0,8.314217000133794,4.157108500066897,376.7824172973633,0.061965227127075195,9,9,0
1784377269.122,True,20590,0,108.11134499999753,54.055672499998764,398.08154106140137,0.005890369415283203,10,9,0
1784377270.121,True,20599,0,5.173152999759623,2.5865764998798113,416.5458679199219,0.048598289489746094,9,10,0
1784377271.122,True,20608,0,110.3911190002691,55.19555950013455,436.2366199493408,0.08784914016723633,9,9,0
1784377272.122,True,20618,0,5.314745999839943,2.6573729999199713,456.6915035247803,0.022390365600585938,10,10,0
1784377273.122,True,20627,0,6.641212999966228,3.320606499983114,475.8145809173584,0.06955218315124512,9,9,0
1784377274.122,True,20637,0,6.732819999797357,3.3664099998986785,498.02517890930176,0.0007827281951904297,10,9,0
1784377275.122,True,20646,0,6.137373999990814,3.068686999995407,515.9165859222412,0.043183088302612305,9,10,0
1784377276.122,True,20655,0,107.66381399980673,53.83190699990337,534.3124866485596,0.08803582191467285,9,9,0
1784377277.123,True,20665,0,5.727051999656396,2.863525999828198,556.3249588012695,0.02827930450439453,10,10,0
1784377278.123,True,20674,0,6.154308000077435,3.0771540000387176,574.9948024749756,0.07101678848266602,9,9,0
1784377279.123,True,20684,0,111.44984800012026,55.72492400006013,595.2637195587158,0.006597995758056641,10,9,0
1784377280.121,True,20693,0,108.09413000015411,54.047065000077055,614.2759323120117,0.05020332336425781,9,10,0
1784377281.122,True,20708,0,6.04147500007457,3.020737500037285,19.38319206237793,0.0817723274230957,10,10,0
1784377282.123,True,20718,0,110.06422399987059,55.032111999935296,41.63718223571777,0.016325950622558594,10,9,0
1784377283.122,True,20727,0,111.4155700001902,55.7077850000951,62.74676322937012,0.05917191505432129,9,10,0
1784377284.122,True,20736,0,6.007722000049398,3.003861000024699,78.99975776672363,0.10077977180480957,9,9,0
1784377285.122,True,20746,0,10.20866799990472,5.10433399995236,99.79557991027832,0.03355669975280762,10,10,0
1784377286.122,True,20755,0,7.627095999851008,3.813547999925504,119.13633346557617,0.06890869140625,9,9,0
1784377287.122,True,20764,0,6.620725000175298,3.310362500087649,138.72909545898438,0.0966496467590332,9,9,0
1784377288.123,True,20774,0,109.28327700003138,54.64163850001569,158.96105766296387,0.0412297248840332,10,10,0
1784377289.122,True,20783,0,7.4725439999383525,3.7362719999691762,177.35600471496582,0.08785748481750488,9,9,0
1784377290.122,True,20793,0,108.28996400005053,54.144982000025266,198.74882698059082,0.030884742736816406,10,10,0
1784377291.122,True,20802,0,6.068828000024951,3.0344140000124753,217.50354766845703,0.0779719352722168,9,9,0
1784377292.123,True,20812,0,110.10409200025606,55.05204600012803,238.9523983001709,0.01048135757446289,10,9,0
1784377293.122,True,20821,0,110.77921100013555,55.38960550006777,258.64672660827637,0.04567432403564453,9,10,0
1784377294.122,True,20830,0,5.262317999950028,2.631158999975014,276.65138244628906,0.0875999927520752,9,9,0
1784377295.124,True,20840,0,5.3449480001290794,2.6724740000645397,297.09696769714355,0.013290882110595703,10,10,0
1784377296.122,True,20849,0,112.36030400004893,56.180152000024464,319.02456283569336,0.05281329154968262,9,9,0
1784377297.121,True,20858,0,111.37374100007946,55.68687050003973,336.4839553833008,0.09510564804077148,9,9,0
1784377298.122,True,20868,0,110.21916200024862,55.10958100012431,356.4271926879883,0.02908778190612793,10,10,0
1784377299.122,True,20877,0,5.551625999942189,2.7758129999710945,375.7052421569824,0.0759134292602539,9,9,0
1784377300.123,True,20887,0,107.87165000010646,53.93582500005323,395.76148986816406,0.01880669593811035,10,10,0
1784377301.122,True,20896,0,6.911749000209966,3.455874500104983,416.0799980163574,0.05086255073547363,9,9,0
1784377302.122,True,20905,0,114.92294299978312,57.46147149989156,434.08846855163574,0.06922340393066406,9,9,0
1784377303.122,True,20914,0,108.5945689997061,54.29728449985305,453.57465744018555,0.09860491752624512,9,9,0
1784377304.122,True,20924,0,5.442142999982025,2.7210714999910124,474.271297454834,0.0339202880859375,10,10,0
1784377305.122,True,20933,0,108.57304499995735,54.28652249997867,493.73698234558105,0.07328653335571289,9,9,0
1784377306.122,True,20943,0,108.2145949999358,54.1072974999679,513.507604598999,0.01786065101623535,10,9,0
1784377307.122,True,20952,0,128.09166100032598,64.04583050016299,533.1671237945557,0.04037189483642578,9,10,0
1784377308.122,True,20961,0,7.151524999699177,3.5757624998495885,552.0210266113281,0.08585405349731445,9,9,0
1784377309.122,True,20971,0,108.2685709998259,54.13428549991295,572.2336769104004,0.026384353637695312,10,10,0
1784377310.122,True,20980,0,5.901958999857015,2.9509794999285077,591.2396907806396,0.06540465354919434,9,9,0
1784377311.122,True,20989,0,5.340157999853545,2.6700789999267727,609.7109317779541,0.10482454299926758,9,9,0
1784377312.122,True,20999,0,110.28484899998148,55.14242449999074,632.54714012146,0.02361750602722168,10,10,0
1784377313.123,True,21014,0,5.723157999909745,2.8615789999548724,28.141021728515625,0.05866861343383789,10,10,0
1784377314.122,True,21023,0,109.07720400018661,54.538602000093306,47.22332954406738,0.10448622703552246,9,9,0
1784377315.122,True,21033,0,5.9076699999423,2.95383499997115,67.72422790527344,0.03926682472229004,10,10,0
1784377316.122,True,21042,0,111.10598499999469,55.552992499997345,89.16711807250977,0.0837407112121582,9,9,0
1784377317.122,True,21052,0,109.73773900013839,54.868869500069195,107.6502799987793,0.01632547378540039,10,9,0
1784377318.122,True,21061,0,5.44850200003566,2.72425100001783,126.45840644836426,0.05737948417663574,9,10,0
1784377319.123,True,21071,0,5.271849000109796,2.635924500054898,146.78335189819336,0.0036437511444091797,10,9,0
1784377320.123,True,21080,0,108.32665599991742,54.16332799995871,165.9398078918457,0.04393768310546875,9,10,0
1784377321.123,True,21089,0,5.153842000254372,2.576921000127186,183.78186225891113,0.08366680145263672,9,9,0
1784377322.122,True,21099,0,111.14321200011545,55.57160600005773,204.8666477203369,0.020543813705444336,10,10,0
1784377323.122,True,21108,0,109.4198249998044,54.7099124999022,223.37937355041504,0.07128500938415527,9,9,0
1784377324.123,True,21118,0,113.00345800009381,56.50172900004691,244.00091171264648,0.008762598037719727,10,9,0
1784377325.122,True,21127,0,5.080615999759175,2.5403079998795874,262.67218589782715,0.05336475372314453,9,10,0
1784377326.123,True,21136,0,111.89308799976061,55.946543999880305,281.51774406433105,0.08925104141235352,9,9,0
1784377327.122,True,21146,0,6.3523510002596595,3.1761755001298297,303.4963607788086,0.020102500915527344,10,9,0
1784377328.122,True,21155,0,5.162420000033308,2.581210000016654,321.9411373138428,0.05888962745666504,9,10,0
1784377329.122,True,21164,0,5.377740999847447,2.6888704999237234,340.06261825561523,0.10406255722045898,9,9,0
1784377330.122,True,21174,0,5.630906000078539,2.8154530000392697,361.76562309265137,0.038283348083496094,10,10,0
1784377331.122,True,21183,0,108.95385799994983,54.476928999974916,380.02657890319824,0.0861513614654541,9,9,0
1784377332.123,True,21193,0,108.1536810002035,54.07684050010175,401.0486602783203,0.018360137939453125,10,10,0
1784377333.121,True,21202,0,6.033147999914945,3.0165739999574726,420.5021858215332,0.05188417434692383,9,9,0
1784377334.122,True,21211,0,109.13093399994978,54.56546699997489,438.4276866912842,0.10425066947937012,9,9,0
1784377335.122,True,21221,0,5.654629000218847,2.8273145001094235,463.8838768005371,0.0216219425201416,10,10,0
1784377336.123,True,21230,0,130.75240900025165,65.37620450012582,479.20966148376465,0.049274444580078125,9,9,0
1784377337.123,True,21239,0,5.65003900010197,2.825019500050985,496.9065189361572,0.10459208488464355,9,9,0
1784377338.122,True,21249,0,5.210626999996748,2.605313499998374,517.8024768829346,0.04119586944580078,10,10,0
1784377339.122,True,21258,0,7.380455000202346,3.690227500101173,536.9174480438232,0.08533143997192383,9,9,0
1784377340.122,True,21268,0,5.706980000013573,2.8534900000067864,557.6145648956299,0.014467000961303711,10,9,0
1784377341.121,True,21277,0,5.390089000229636,2.695044500114818,576.331615447998,0.0590212345123291,9,10,0
1784377342.121,True,21286,0,5.83528600009231,2.917643000046155,596.2443351745605,0.10351777076721191,9,9,0
1784377343.122,True,21296,0,112.16349699998318,56.08174849999159,620.1291084289551,0.03032398223876953,10,10,0
1784377344.121,True,21305,0,111.32746600014798,55.66373300007399,635.746955871582,0.06893157958984375,9,9,0
1784377345.123,True,21321,0,6.4042000003610156,3.2021000001805078,34.6522331237793,0.002179861068725586,11,10,0
1784377346.122,True,21330,0,5.398861000230681,2.6994305001153407,53.346872329711914,0.04399847984313965,9,10,0
1784377347.122,True,21339,0,107.98721800028943,53.993609000144716,72.27730751037598,0.08709955215454102,9,9,0
1784377348.122,True,21349,0,7.641728999715269,3.8208644998576347,94.9101448059082,0.025246620178222656,10,10,0
1784377349.122,True,21358,0,6.410297999991599,3.2051489999957994,111.80663108825684,0.06744980812072754,9,9,0
1784377350.121,True,21367,0,6.534113999805413,3.2670569999027066,130.5088996887207,0.10523200035095215,9,9,0
1784377351.122,True,21377,0,123.52541000018391,61.762705000091955,164.42561149597168,0.024246931076049805,10,10,0
1784377352.122,True,21386,0,5.400184999871271,2.7000924999356357,171.15116119384766,0.07790207862854004,9,9,0
1784377353.122,True,21396,0,109.9927180002851,54.99635900014255,191.55192375183105,0.01691436767578125,10,9,0
1784377354.122,True,21405,0,5.719720999877609,2.8598604999388044,209.08403396606445,0.053456783294677734,9,10,0
1784377355.122,True,21414,0,6.515552000109892,3.257776000054946,228.7750244140625,0.09932327270507812,9,9,0
1784377356.122,True,21424,0,6.901670999923226,3.450835499961613,249.06086921691895,0.03725767135620117,10,10,0
1784377357.122,True,21433,0,7.809566000105406,3.904783000052703,267.49277114868164,0.07814359664916992,9,9,0
1784377358.122,True,21443,0,5.671357000210264,2.835678500105132,288.70391845703125,0.009996891021728516,10,9,0
1784377359.121,True,21452,0,107.95774299958794,53.97887149979397,307.51538276672363,0.05116534233093262,9,10,0
1784377360.122,True,21461,0,5.804771999919467,2.9023859999597335,326.14731788635254,0.09301114082336426,9,9,0
1784377361.122,True,21471,0,110.13522099983675,55.06761049991837,347.12791442871094,0.026395797729492188,10,10,0
1784377362.123,True,21480,0,8.482861999709712,4.241430999854856,365.8900260925293,0.07256436347961426,9,9,0
1784377363.122,True,21490,0,5.492552000305295,2.7462760001526476,386.19327545166016,0.010078191757202148,10,9,0
1784377364.121,True,21499,0,5.442713999855187,2.7213569999275933,405.0431251525879,0.04185771942138672,9,10,0
1784377365.122,True,21508,0,5.776699999842094,2.888349999921047,424.2591857910156,0.0867152214050293,9,9,0
1784377366.122,True,21518,0,5.805058000078134,2.902529000039067,445.0807571411133,0.02872633934020996,10,10,0
1784377367.123,True,21527,0,10.803003000091849,5.401501500045924,463.93680572509766,0.07117891311645508,9,9,0
1784377368.124,True,21537,0,9.141747999819927,4.5708739999099635,488.5215759277344,0.0060236454010009766,10,10,0
1784377369.122,True,21546,0,6.621862999963923,3.3109314999819617,503.9710998535156,0.04842686653137207,9,9,0
1784377370.122,True,21555,0,7.169969999722525,3.5849849998612626,524.3337154388428,0.09158849716186523,9,9,0
1784377371.122,True,21565,0,5.40415400018901,2.702077000094505,543.6837673187256,0.026892900466918945,10,10,0
1784377372.122,True,21574,0,114.78337700009433,57.39168850004717,562.3829364776611,0.07322192192077637,9,9,0
1784377373.122,True,21584,0,108.86404699976993,54.43202349988496,584.3002796173096,0.012448787689208984,10,9,0
1784377374.122,True,21593,0,118.8174529997923,59.40872649989615,601.9101142883301,0.04680633544921875,9,10,0
1784377375.122,True,21602,0,6.067638000331499,3.0338190001657495,620.9611892700195,0.08388972282409668,9,9,0
1784377376.123,True,21618,0,109.63128599996708,54.81564299998354,21.601438522338867,0.00721430778503418,11,10,0
1784377377.122,True,21627,0,18.728210000062973,9.364105000031486,51.99265480041504,0.034224510192871094,9,10,0
1784377378.122,True,21636,0,13.376914000218676,6.688457000109338,60.21595001220703,0.08635115623474121,9,9,0
1784377379.122,True,21646,0,107.92728399974294,53.96364199987147,79.27703857421875,0.027149200439453125,10,10,0
1784377380.122,True,21655,0,7.369098999788548,3.684549499894274,99.87759590148926,0.07114553451538086,9,9,0
1784377381.123,True,21665,0,108.31190999988394,54.15595499994197,118.74532699584961,0.0043866634368896484,10,10,0
1784377382.122,True,21674,0,6.127487999947334,3.063743999973667,137.4826431274414,0.04639911651611328,9,9,0
1784377383.122,True,21683,0,5.752679000124772,2.876339500062386,155.91740608215332,0.09335136413574219,9,9,0
1784377384.122,True,21693,0,107.94872900032715,53.974364500163574,176.97525024414062,0.03106975555419922,10,10,0
1784377385.121,True,21702,0,5.3365649996521825,2.6682824998260912,195.4190731048584,0.07016372680664062,9,9,0
1784377386.123,True,21712,0,108.70660800037513,54.35330400018756,216.91441535949707,0.004876852035522461,10,9,0
1784377387.122,True,21721,0,8.006937000118342,4.003468500059171,235.01968383789062,0.04120659828186035,9,10,0
1784377388.122,True,21730,0,8.527998000317893,4.263999000158947,253.78704071044922,0.08241105079650879,9,9,0
1784377389.123,True,21740,0,6.318639000255644,3.159319500127822,274.4286060333252,0.014526844024658203,10,9,0
1784377390.122,True,21749,0,108.17287199961356,54.08643599980678,293.9314842224121,0.060875654220581055,9,10,0
1784377391.122,True,21758,0,113.53180099968085,56.76590049984043,312.15858459472656,0.09831976890563965,9,9,0
1784377392.123,True,21768,0,128.0021040001884,64.0010520000942,351.35865211486816,0.019246578216552734,10,10,0
1784377393.122,True,21777,0,109.93653700006689,54.968268500033446,353.0583381652832,0.07919526100158691,9,9,0
1784377394.123,True,21787,0,5.638507999719877,2.8192539998599386,372.5600242614746,0.02407360076904297,10,10,0
1784377395.122,True,21796,0,6.035488999714289,3.0177444998571445,391.7818069458008,0.0670936107635498,9,9,0
1784377396.122,True,21806,0,110.0433809997412,55.0216904998706,412.81628608703613,0.004667758941650391,10,9,0
1784377397.122,True,21815,0,5.70208699991781,2.851043499958905,431.0309886932373,0.04280352592468262,9,10,0
1784377398.123,True,21824,0,9.510618000149407,4.755309000074703,450.1471519470215,0.0863800048828125,9,9,0
1784377399.122,True,21834,0,7.639911000296706,3.819955500148353,470.8225727081299,0.02567315101623535,10,10,0
1784377400.122,True,21843,0,5.609979999917414,2.804989999958707,489.8877143859863,0.06763315200805664,9,9,0
1784377401.122,True,21853,0,108.40034100010598,54.20017050005299,510.5588436126709,0.0013158321380615234,10,9,0
1784377402.122,True,21862,0,8.52426400024342,4.26213200012171,529.9983024597168,0.03304314613342285,9,10,0
1784377403.122,True,21871,0,108.78723399991941,54.393616999959704,547.9254722595215,0.07198381423950195,9,9,0
1784377404.123,True,21881,0,5.821699000080116,2.910849500040058,569.4210529327393,0.006084918975830078,10,9,0
1784377405.122,True,21890,0,5.890439000268088,2.945219500134044,588.2904529571533,0.05846595764160156,9,10,0
1784377406.122,True,21899,0,5.3461269999388605,2.6730634999694303,606.081485748291,0.0978245735168457,9,9,0
1784377407.122,True,21909,0,107.7379349999319,53.86896749996595,627.2194385528564,0.036310434341430664,10,10,0
1784377408.122,True,21924,0,6.374680000135413,3.1873400000677066,30.35426139831543,0.05195116996765137,10,10,0
1784377409.122,True,21933,0,7.680027999867889,3.8400139999339444,48.311710357666016,0.09027791023254395,9,9,0
1784377410.122,True,21943,0,110.54302200000166,55.27151100000083,69.3504810333252,0.021158456802368164,10,10,0
1784377411.122,True,21952,0,8.212202999857254,4.106101499928627,87.7847671508789,0.060477256774902344,9,9,0
1784377412.122,True,21961,0,110.00666500012812,55.00333250006406,107.47504234313965,0.0977487564086914,9,9,0
1784377413.121,True,21971,0,110.80897300007564,55.40448650003782,127.79998779296875,0.029566287994384766,10,10,0
1784377414.122,True,21980,0,109.98061300006157,54.99030650003078,146.58164978027344,0.0705869197845459,9,9,0
1784377415.123,True,21990,0,110.1410430001124,55.0705215000562,167.66667366027832,0.011879920959472656,10,9,0
1784377416.123,True,21999,0,108.61854199993104,54.30927099996552,185.37068367004395,0.05895519256591797,9,10,0
1784377417.122,True,22008,0,107.70145100013906,53.85072550006953,203.85313034057617,0.10430479049682617,9,9,0
1784377418.122,True,22018,0,108.21088899956521,54.10544449978261,224.59650039672852,0.0364232063293457,10,10,0
1784377419.122,True,22027,0,6.7898569996032165,3.3949284998016083,244.20166015625,0.08180451393127441,9,9,0
1784377420.123,True,22037,0,113.00446299992473,56.50223149996236,267.0412063598633,0.020085811614990234,10,10,0
1784377421.123,True,22046,0,8.724916999653942,4.362458499826971,282.9251289367676,0.05553078651428223,9,9,0
1784377422.122,True,22055,0,6.1152349999247235,3.0576174999623618,302.3831844329834,0.1003880500793457,9,9,0
1784377423.122,True,22065,0,107.74616400021841,53.87308200010921,322.71862030029297,0.034635305404663086,10,10,0
1784377424.122,True,22074,0,5.85217499974533,2.926087499872665,341.80760383605957,0.07191967964172363,9,9,0
1784377425.122,True,22084,0,5.849728000157484,2.924864000078742,362.83230781555176,0.009516716003417969,10,9,0
1784377426.122,True,22093,0,8.33527500026321,4.167637500131605,381.9928169250488,0.04612874984741211,9,10,0
1784377427.123,True,22102,0,110.77751599987096,55.38875799993548,400.1476764678955,0.09053587913513184,9,9,0
1784377428.122,True,22112,0,8.84351400009109,4.421757000045545,421.57649993896484,0.017198562622070312,10,10,0
1784377429.122,True,22121,0,5.730567000227893,2.8652835001139465,440.5827522277832,0.06025505065917969,9,9,0
1784377430.122,True,22130,0,110.01212400014992,55.00606200007496,459.8262310028076,0.10104012489318848,9,9,0
1784377431.123,True,22140,0,109.65248999991672,54.82624499995836,481.08601570129395,0.013236045837402344,10,9,0
1784377432.122,True,22149,0,109.95519400012199,54.977597000060996,499.90391731262207,0.05161309242248535,9,10,0
1784377433.122,True,22158,0,5.847894999988057,2.9239474999940285,518.8407897949219,0.09296965599060059,9,9,0
1784377434.123,True,22168,0,135.1583059999939,67.57915299999695,566.3518905639648,0.0034875869750976562,10,9,0
1784377435.122,True,22177,0,108.9937239999017,54.49686199995085,559.8106384277344,0.04636836051940918,9,10,0
1784377436.121,True,22186,0,109.09646099980819,54.54823049990409,577.876091003418,0.09648418426513672,9,9,0
1784377437.122,True,22196,0,6.315370999800507,3.1576854999002535,598.6158847808838,0.03553366661071777,10,10,0
1784377438.122,True,22205,0,109.3162659999507,54.65813299997535,618.5548305511475,0.08212494850158691,9,9,0
1784377439.122,True,22215,0,5.232177000380034,2.616088500190017,638.6673450469971,0.021647930145263672,10,10,0
1784377440.121,True,22230,0,5.451874999835127,2.7259374999175634,36.46349906921387,0.05043458938598633,10,10,0
1784377441.122,True,22239,0,15.355965999788168,7.677982999894084,56.42056465148926,0.07405591011047363,9,9,0
