"RelativePath","WSL_SHA256","Windows_SHA256","Match"
"shared_exit_n2_n2_exit_comm_off_trial01_attempt01/metadata.yaml","c63550f7bacf9dad594366b37b6e139fdc57844585019bf57bc47c076a1fdbae","c63550f7bacf9dad594366b37b6e139fdc57844585019bf57bc47c076a1fdbae","True"
"shared_exit_n2_n2_exit_comm_off_trial01_attempt01/shared_exit_n2_n2_exit_comm_off_trial01_attempt01_0.db3","e59bd2830ff7f0fa5f893fb336997d8e10b6a77eefbb9dbe3e12e37da15d6660","e59bd2830ff7f0fa5f893fb336997d8e10b6a77eefbb9dbe3e12e37da15d6660","True"
"shared_exit_n2_n2_exit_comm_off_trial01_attempt01_diag_logs/bag_record.log","5f578ff0c52a9ee8a042f9600144c989dd73b5762233f6483f45e90916466765","5f578ff0c52a9ee8a042f9600144c989dd73b5762233f6483f45e90916466765","True"
"shared_exit_n2_n2_exit_comm_off_trial01_attempt01_diag_logs/controller.log","17290c214ccfa9bf7d95784603b15f5f855ae60fe506cdb4d095757460743ff1","17290c214ccfa9bf7d95784603b15f5f855ae60fe506cdb4d095757460743ff1","True"
"shared_exit_n2_n2_exit_comm_off_trial01_attempt01_diag_logs/execution.log","e23484004d792dfeaa8970b051ee7f681c46ce9c6fa364d07a899af5a8e2e046","e23484004d792dfeaa8970b051ee7f681c46ce9c6fa364d07a899af5a8e2e046","True"
"shared_exit_n2_n2_exit_comm_off_trial01_attempt01_diag_logs/frozen_params.json","12069e938a8b70661ff9f4a3eb6293c88975ef1a6967b1d69d8c00a8487d59a2","12069e938a8b70661ff9f4a3eb6293c88975ef1a6967b1d69d8c00a8487d59a2","True"
"shared_exit_n2_n2_exit_comm_off_trial01_attempt01_diag_logs/frozen_params_canonical_copy.json","65c291132f3698ee4cfd5aa849a2bb7a22f4f83f51e31215f9f6eb39242d059f","65c291132f3698ee4cfd5aa849a2bb7a22f4f83f51e31215f9f6eb39242d059f","True"
"shared_exit_n2_n2_exit_comm_off_trial01_attempt01_diag_logs/goal_navigator_epuck1.log","7ccc1a26ce312882f9571e403a0eb804adb108fb8edf6ef51278319c83c9f16c","7ccc1a26ce312882f9571e403a0eb804adb108fb8edf6ef51278319c83c9f16c","True"
"shared_exit_n2_n2_exit_comm_off_trial01_attempt01_diag_logs/goal_navigator_epuck2.log","86299c53da77504799c9ef250ea2132a6e1abea515fecd4632d9afba2f2f7275","86299c53da77504799c9ef250ea2132a6e1abea515fecd4632d9afba2f2f7275","True"
"shared_exit_n2_n2_exit_comm_off_trial01_attempt01_diag_logs/monitor_verdict.json","6a69f20dff8398c638ac7feccdba942eca9c742277a0251d445bf087f4cbe418","6a69f20dff8398c638ac7feccdba942eca9c742277a0251d445bf087f4cbe418","True"
"shared_exit_n2_n2_exit_comm_off_trial01_attempt01_diag_logs/simulation.log","e40c6e8e9b42933f4c089ce7d474f105d0d0c1e91d61fb17b593c41a15520793","e40c6e8e9b42933f4c089ce7d474f105d0d0c1e91d61fb17b593c41a15520793","True"
"shared_exit_n2_n2_exit_comm_off_trial01_attempt01_diag_logs/state_epuck1.log","caeec1f7b5ffd574e39a9b45f2de354bee167668a895e08100f703bcfcbc732b","caeec1f7b5ffd574e39a9b45f2de354bee167668a895e08100f703bcfcbc732b","True"
"shared_exit_n2_n2_exit_comm_off_trial01_attempt01_diag_logs/state_epuck2.log","66dc86ff287fb3280ca896df4ea55e27ab4954b1927c7e672ee25abb8b7692a5","66dc86ff287fb3280ca896df4ea55e27ab4954b1927c7e672ee25abb8b7692a5","True"
"shared_exit_n2_n2_exit_comm_off_trial01_attempt01_diag_logs/task_completion_monitor.log","ebe01d2d66b08556dbca52d24d830a16829a761cb0151c2c9ba921c3fd7036a9","ebe01d2d66b08556dbca52d24d830a16829a761cb0151c2c9ba921c3fd7036a9","True"
"shared_exit_n2_n2_exit_comm_off_trial01_attempt01_diag_logs/trial_verdict.json","3ef7ab3aff7733df391a75a311ca38ecce19bbb54c9d68151fda9aa000109c27","3ef7ab3aff7733df391a75a311ca38ecce19bbb54c9d68151fda9aa000109c27","True"
"shared_exit_n2_n2_exit_comm_off_trial02_attempt01/metadata.yaml","0e2db3e1fca425c57f1645a4f52519d5f931e2c1d6b9cd52fe0518cdcc5dde60","0e2db3e1fca425c57f1645a4f52519d5f931e2c1d6b9cd52fe0518cdcc5dde60","True"
"shared_exit_n2_n2_exit_comm_off_trial02_attempt01/shared_exit_n2_n2_exit_comm_off_trial02_attempt01_0.db3","fcf33d66874b09ce9e1dfa57aba40bf505ad7842722c73d66603ed076d9551ed","fcf33d66874b09ce9e1dfa57aba40bf505ad7842722c73d66603ed076d9551ed","True"
"shared_exit_n2_n2_exit_comm_off_trial02_attempt01_diag_logs/bag_record.log","bcc7e39904a6427d83c70077746ae03da36cdc9e1b9a49368e36e55893346856","bcc7e39904a6427d83c70077746ae03da36cdc9e1b9a49368e36e55893346856","True"
"shared_exit_n2_n2_exit_comm_off_trial02_attempt01_diag_logs/controller.log","163d8a3a426df31bc0db4984fd371ccf53e8b0d15e1a966b89fb610ed11e0ce7","163d8a3a426df31bc0db4984fd371ccf53e8b0d15e1a966b89fb610ed11e0ce7","True"
"shared_exit_n2_n2_exit_comm_off_trial02_attempt01_diag_logs/execution.log","eb1739e58db93004d805eedb952e50b6e948418977aa5c738c4bf99d3abb4213","eb1739e58db93004d805eedb952e50b6e948418977aa5c738c4bf99d3abb4213","True"
"shared_exit_n2_n2_exit_comm_off_trial02_attempt01_diag_logs/frozen_params.json","74416de7002893cb37f5b627f306b3558c6e57340ef449d655afb1d1f48e5d9d","74416de7002893cb37f5b627f306b3558c6e57340ef449d655afb1d1f48e5d9d","True"
"shared_exit_n2_n2_exit_comm_off_trial02_attempt01_diag_logs/frozen_params_canonical_copy.json","65c291132f3698ee4cfd5aa849a2bb7a22f4f83f51e31215f9f6eb39242d059f","65c291132f3698ee4cfd5aa849a2bb7a22f4f83f51e31215f9f6eb39242d059f","True"
"shared_exit_n2_n2_exit_comm_off_trial02_attempt01_diag_logs/goal_navigator_epuck1.log","2a19baf4f5365c37b3daba76b950caa1dec7fa5044608192e588a63fba8d84a5","2a19baf4f5365c37b3daba76b950caa1dec7fa5044608192e588a63fba8d84a5","True"
"shared_exit_n2_n2_exit_comm_off_trial02_attempt01_diag_logs/goal_navigator_epuck2.log","ab943e45df3cb0fff9c0d39c9cbe0ba8e9d25e11609ad597e4176a1a9b3a6510","ab943e45df3cb0fff9c0d39c9cbe0ba8e9d25e11609ad597e4176a1a9b3a6510","True"
"shared_exit_n2_n2_exit_comm_off_trial02_attempt01_diag_logs/monitor_verdict.json","d40002e9eb0261baf0c941605de5d752441d551af9938b05b101ab99ccf2751b","d40002e9eb0261baf0c941605de5d752441d551af9938b05b101ab99ccf2751b","True"
"shared_exit_n2_n2_exit_comm_off_trial02_attempt01_diag_logs/simulation.log","e08a4d5d2d0799e0440774d917d091ea56356a2889040c4d03da9ca44324baa4","e08a4d5d2d0799e0440774d917d091ea56356a2889040c4d03da9ca44324baa4","True"
"shared_exit_n2_n2_exit_comm_off_trial02_attempt01_diag_logs/state_epuck1.log","578099dc30f3cb9136e2b42632df3cb6f63d86c4acb4641fa3bbef501b57688a","578099dc30f3cb9136e2b42632df3cb6f63d86c4acb4641fa3bbef501b57688a","True"
"shared_exit_n2_n2_exit_comm_off_trial02_attempt01_diag_logs/state_epuck2.log","c38b452b1132c366d875c116818f42efb2eb3297a13cd097e2f9248ef9bfbc7e","c38b452b1132c366d875c116818f42efb2eb3297a13cd097e2f9248ef9bfbc7e","True"
"shared_exit_n2_n2_exit_comm_off_trial02_attempt01_diag_logs/task_completion_monitor.log","bcc00250d729f8775106d82fe98fcda36ba535bdc1a51e6af74191e5d47035c7","bcc00250d729f8775106d82fe98fcda36ba535bdc1a51e6af74191e5d47035c7","True"
"shared_exit_n2_n2_exit_comm_off_trial02_attempt01_diag_logs/trial_verdict.json","46b0a035733db6697855d714a6546562483c303fdf0ab4a71c9d1602044dcb6c","46b0a035733db6697855d714a6546562483c303fdf0ab4a71c9d1602044dcb6c","True"
"shared_exit_n2_n2_exit_comm_off_trial03_attempt01/metadata.yaml","8a0c54c05fb3af2b3428eea32dbf1c8f33c448360a2df67c0114f0b1f441751d","8a0c54c05fb3af2b3428eea32dbf1c8f33c448360a2df67c0114f0b1f441751d","True"
"shared_exit_n2_n2_exit_comm_off_trial03_attempt01/shared_exit_n2_n2_exit_comm_off_trial03_attempt01_0.db3","9157730096d2cd62e60ec8727a336629958dea1f022726ce183b68439dd8aad5","9157730096d2cd62e60ec8727a336629958dea1f022726ce183b68439dd8aad5","True"
"shared_exit_n2_n2_exit_comm_off_trial03_attempt01_diag_logs/bag_record.log","f41de27197e5880c193784308078fa9eee755b037665226098d3ad2c313e2896","f41de27197e5880c193784308078fa9eee755b037665226098d3ad2c313e2896","True"
"shared_exit_n2_n2_exit_comm_off_trial03_attempt01_diag_logs/controller.log","a9dfde27b635b841448733cd61c8da39cab09ca1d2abf44fc8a38dc0ba137f2f","a9dfde27b635b841448733cd61c8da39cab09ca1d2abf44fc8a38dc0ba137f2f","True"
"shared_exit_n2_n2_exit_comm_off_trial03_attempt01_diag_logs/execution.log","479dcf5c89af8f5f5c45e2a8d8d40087fd3d8ad09b80b4c6196b6dbb3c1f6e4e","479dcf5c89af8f5f5c45e2a8d8d40087fd3d8ad09b80b4c6196b6dbb3c1f6e4e","True"
"shared_exit_n2_n2_exit_comm_off_trial03_attempt01_diag_logs/frozen_params.json","57d5a56e85124c211786ee56aa5c020ca0b13d517728ce2df2fe298358657e3c","57d5a56e85124c211786ee56aa5c020ca0b13d517728ce2df2fe298358657e3c","True"
"shared_exit_n2_n2_exit_comm_off_trial03_attempt01_diag_logs/frozen_params_canonical_copy.json","65c291132f3698ee4cfd5aa849a2bb7a22f4f83f51e31215f9f6eb39242d059f","65c291132f3698ee4cfd5aa849a2bb7a22f4f83f51e31215f9f6eb39242d059f","True"
"shared_exit_n2_n2_exit_comm_off_trial03_attempt01_diag_logs/goal_navigator_epuck1.log","9ff515d1d23cb76c12408122e0af6ae34ffdd6a479aba08bc7325cd7f45f9f52","9ff515d1d23cb76c12408122e0af6ae34ffdd6a479aba08bc7325cd7f45f9f52","True"
"shared_exit_n2_n2_exit_comm_off_trial03_attempt01_diag_logs/goal_navigator_epuck2.log","8ca1eef1b775dcc7e027785e055a821d5110f19a521a2120a43de66b1212a3bb","8ca1eef1b775dcc7e027785e055a821d5110f19a521a2120a43de66b1212a3bb","True"
"shared_exit_n2_n2_exit_comm_off_trial03_attempt01_diag_logs/monitor_verdict.json","abc02ec56f0fcdfc71e6a22b51acf95504bbf49430e875bd9824694d0ef58bf6","abc02ec56f0fcdfc71e6a22b51acf95504bbf49430e875bd9824694d0ef58bf6","True"
"shared_exit_n2_n2_exit_comm_off_trial03_attempt01_diag_logs/simulation.log","62debd4e872d292f33a7ec836eed6b18bb9f63595264e37ec563e45bd9b733a1","62debd4e872d292f33a7ec836eed6b18bb9f63595264e37ec563e45bd9b733a1","True"
"shared_exit_n2_n2_exit_comm_off_trial03_attempt01_diag_logs/state_epuck1.log","aad839657c3e61dfeb7fd1bbe55b131bdfb90093d611fb81349f761113d277a4","aad839657c3e61dfeb7fd1bbe55b131bdfb90093d611fb81349f761113d277a4","True"
"shared_exit_n2_n2_exit_comm_off_trial03_attempt01_diag_logs/state_epuck2.log","ba7097f87a250a855d80b1568ef8e61ecb20fd751720a6c4ce82da99bd02ee7c","ba7097f87a250a855d80b1568ef8e61ecb20fd751720a6c4ce82da99bd02ee7c","True"
"shared_exit_n2_n2_exit_comm_off_trial03_attempt01_diag_logs/task_completion_monitor.log","59fc438a7b41ba492f31c3f00dccf8e496e58355c74f8093b3790bde47622fc7","59fc438a7b41ba492f31c3f00dccf8e496e58355c74f8093b3790bde47622fc7","True"
"shared_exit_n2_n2_exit_comm_off_trial03_attempt01_diag_logs/trial_verdict.json","038f9b2bbf36ccc5f1474ca08c11f17d429419e4b72f10f286fce04426b81704","038f9b2bbf36ccc5f1474ca08c11f17d429419e4b72f10f286fce04426b81704","True"
"shared_exit_n2_n2_exit_comm_off_trial04_attempt01/metadata.yaml","e129e919f957530fc93b013cfec584285f90792ad31bdf0b86beeb9a000941c7","e129e919f957530fc93b013cfec584285f90792ad31bdf0b86beeb9a000941c7","True"
"shared_exit_n2_n2_exit_comm_off_trial04_attempt01/shared_exit_n2_n2_exit_comm_off_trial04_attempt01_0.db3","0cce92e5e5e3854b1ef35197567fb4073052624a46318978bf8e7c69d888e5c2","0cce92e5e5e3854b1ef35197567fb4073052624a46318978bf8e7c69d888e5c2","True"
"shared_exit_n2_n2_exit_comm_off_trial04_attempt01_diag_logs/bag_record.log","1a237dc1ceea8815d255cdbc889e4690329d19bfc244e1f43698884301e3761b","1a237dc1ceea8815d255cdbc889e4690329d19bfc244e1f43698884301e3761b","True"
"shared_exit_n2_n2_exit_comm_off_trial04_attempt01_diag_logs/controller.log","75526dc5e2a405fb73998771fafaf06ccfc76698154044a91d8f15a1d9082ac2","75526dc5e2a405fb73998771fafaf06ccfc76698154044a91d8f15a1d9082ac2","True"
"shared_exit_n2_n2_exit_comm_off_trial04_attempt01_diag_logs/execution.log","aaf4057084bc3c327b0dbcfa73139fc25d9f66b89659bedd275c91a9bd60df8a","aaf4057084bc3c327b0dbcfa73139fc25d9f66b89659bedd275c91a9bd60df8a","True"
"shared_exit_n2_n2_exit_comm_off_trial04_attempt01_diag_logs/frozen_params.json","494e0f63f68d52e1c0bad60ef694e328094739da949de8092639f9305259d914","494e0f63f68d52e1c0bad60ef694e328094739da949de8092639f9305259d914","True"
"shared_exit_n2_n2_exit_comm_off_trial04_attempt01_diag_logs/frozen_params_canonical_copy.json","65c291132f3698ee4cfd5aa849a2bb7a22f4f83f51e31215f9f6eb39242d059f","65c291132f3698ee4cfd5aa849a2bb7a22f4f83f51e31215f9f6eb39242d059f","True"
"shared_exit_n2_n2_exit_comm_off_trial04_attempt01_diag_logs/goal_navigator_epuck1.log","4785a3e394197b1e02d51cba543cdaff09edf5cbfd2857bcaafbde7d965b6574","4785a3e394197b1e02d51cba543cdaff09edf5cbfd2857bcaafbde7d965b6574","True"
"shared_exit_n2_n2_exit_comm_off_trial04_attempt01_diag_logs/goal_navigator_epuck2.log","8aaecdf010e41e2fff73128ee0b323f1019abb38b63ee4bae0ae74113da9461d","8aaecdf010e41e2fff73128ee0b323f1019abb38b63ee4bae0ae74113da9461d","True"
"shared_exit_n2_n2_exit_comm_off_trial04_attempt01_diag_logs/monitor_verdict.json","da4a3bb155eef4e0e36df4e4e7925989fe849f849973d1c0fd6b21463e604446","da4a3bb155eef4e0e36df4e4e7925989fe849f849973d1c0fd6b21463e604446","True"
"shared_exit_n2_n2_exit_comm_off_trial04_attempt01_diag_logs/simulation.log","77fdc5354887a40d09e9b85c6a2193e4bfae9a3243a9a0634edb9a08ef5982bf","77fdc5354887a40d09e9b85c6a2193e4bfae9a3243a9a0634edb9a08ef5982bf","True"
"shared_exit_n2_n2_exit_comm_off_trial04_attempt01_diag_logs/state_epuck1.log","e23c5d82608791d81bb3593462ee1391fad63d1b5b189999a6a9a577969d71ed","e23c5d82608791d81bb3593462ee1391fad63d1b5b189999a6a9a577969d71ed","True"
"shared_exit_n2_n2_exit_comm_off_trial04_attempt01_diag_logs/state_epuck2.log","d98f365b9bc7d25dec852c0d5e0effe57cbab8500c9ca8c2e09ca4077c11c0e5","d98f365b9bc7d25dec852c0d5e0effe57cbab8500c9ca8c2e09ca4077c11c0e5","True"
"shared_exit_n2_n2_exit_comm_off_trial04_attempt01_diag_logs/task_completion_monitor.log","eb4156ecd8bb021bc55b5afbe528837f64469f0512f8415b67c8dc80736e431a","eb4156ecd8bb021bc55b5afbe528837f64469f0512f8415b67c8dc80736e431a","True"
"shared_exit_n2_n2_exit_comm_off_trial04_attempt01_diag_logs/trial_verdict.json","f7d25d7ea05b15007eb42e297b9b80cb7f789edc596d44312fe146d645edf317","f7d25d7ea05b15007eb42e297b9b80cb7f789edc596d44312fe146d645edf317","True"
"shared_exit_n2_n2_exit_comm_off_trial05_attempt01/metadata.yaml","bfc080da7ca2ddece847d3f739601cc2d2cbe00eef927ac064df2bfd1c17055d","bfc080da7ca2ddece847d3f739601cc2d2cbe00eef927ac064df2bfd1c17055d","True"
"shared_exit_n2_n2_exit_comm_off_trial05_attempt01/shared_exit_n2_n2_exit_comm_off_trial05_attempt01_0.db3","a904f0e518fabd13305061889197323bfb9cfb8c7d17e357a080e39463da31d7","a904f0e518fabd13305061889197323bfb9cfb8c7d17e357a080e39463da31d7","True"
"shared_exit_n2_n2_exit_comm_off_trial05_attempt01_diag_logs/bag_record.log","575b13a45fca6bb8692e5eeeb40878ad2215aee64580fcbc5b7076f62004e10d","575b13a45fca6bb8692e5eeeb40878ad2215aee64580fcbc5b7076f62004e10d","True"
"shared_exit_n2_n2_exit_comm_off_trial05_attempt01_diag_logs/controller.log","7b1c0c59d87a5b7f3c607f08a4eaa2764d0135db86ab133bec77ee24514e2587","7b1c0c59d87a5b7f3c607f08a4eaa2764d0135db86ab133bec77ee24514e2587","True"
"shared_exit_n2_n2_exit_comm_off_trial05_attempt01_diag_logs/execution.log","c89116a804c0ed7d719e17f82b655a4b11d831078c4c595dc6a70530346165ef","c89116a804c0ed7d719e17f82b655a4b11d831078c4c595dc6a70530346165ef","True"
"shared_exit_n2_n2_exit_comm_off_trial05_attempt01_diag_logs/frozen_params.json","8da79d0d33f9043eeb8c57c3daa508e1119795f5f711b8cb0d9d7ea2c02768f3","8da79d0d33f9043eeb8c57c3daa508e1119795f5f711b8cb0d9d7ea2c02768f3","True"
"shared_exit_n2_n2_exit_comm_off_trial05_attempt01_diag_logs/frozen_params_canonical_copy.json","65c291132f3698ee4cfd5aa849a2bb7a22f4f83f51e31215f9f6eb39242d059f","65c291132f3698ee4cfd5aa849a2bb7a22f4f83f51e31215f9f6eb39242d059f","True"
"shared_exit_n2_n2_exit_comm_off_trial05_attempt01_diag_logs/goal_navigator_epuck1.log","dfd93017aa0884698d5d42611c8d21731b543c9fc41903971b9ef81dbc6b0a80","dfd93017aa0884698d5d42611c8d21731b543c9fc41903971b9ef81dbc6b0a80","True"
"shared_exit_n2_n2_exit_comm_off_trial05_attempt01_diag_logs/goal_navigator_epuck2.log","62418f7f22bf5c4e329a38efa34f6bfccffead6136c4ae091683104bbb82ae96","62418f7f22bf5c4e329a38efa34f6bfccffead6136c4ae091683104bbb82ae96","True"
"shared_exit_n2_n2_exit_comm_off_trial05_attempt01_diag_logs/monitor_verdict.json","40d55bb117123309b39cb7ecf1549aae66da93360b6a89c682fe460d499232ff","40d55bb117123309b39cb7ecf1549aae66da93360b6a89c682fe460d499232ff","True"
"shared_exit_n2_n2_exit_comm_off_trial05_attempt01_diag_logs/simulation.log","d1cebd22e6e1939a24558a462a0b69d44f1f215e2651f8cdbda8c604df3e1db2","d1cebd22e6e1939a24558a462a0b69d44f1f215e2651f8cdbda8c604df3e1db2","True"
"shared_exit_n2_n2_exit_comm_off_trial05_attempt01_diag_logs/state_epuck1.log","58ecfc8a273b9a905babc1189d8f4e2b699d550f0d9325574a9668e4e785e1fc","58ecfc8a273b9a905babc1189d8f4e2b699d550f0d9325574a9668e4e785e1fc","True"
"shared_exit_n2_n2_exit_comm_off_trial05_attempt01_diag_logs/state_epuck2.log","c56cefc1b076d084aa1b064ce40724aa087a97e4f5cd0f5c70753edcb708e59c","c56cefc1b076d084aa1b064ce40724aa087a97e4f5cd0f5c70753edcb708e59c","True"
"shared_exit_n2_n2_exit_comm_off_trial05_attempt01_diag_logs/task_completion_monitor.log","44ea25814a5ed7b3f4bc20b872a5d3c809473e23551c06d335be7ea789e4158b","44ea25814a5ed7b3f4bc20b872a5d3c809473e23551c06d335be7ea789e4158b","True"
"shared_exit_n2_n2_exit_comm_off_trial05_attempt01_diag_logs/trial_verdict.json","700c6759a3cd2a01707db7662c7e0a59753e675f7fd1f52d58bf2f856e0bc313","700c6759a3cd2a01707db7662c7e0a59753e675f7fd1f52d58bf2f856e0bc313","True"
"shared_exit_n2_n2_exit_comm_on_trial01_attempt01/metadata.yaml","617fd767b1689ebff162b99eb8c4052809a8624fdc15e41df6808eee8cb041fb","617fd767b1689ebff162b99eb8c4052809a8624fdc15e41df6808eee8cb041fb","True"
"shared_exit_n2_n2_exit_comm_on_trial01_attempt01/shared_exit_n2_n2_exit_comm_on_trial01_attempt01_0.db3","cf63d53963b7a9f38d8197b8b409c30cedcf72ebb2683fb56eef8cafb0c3547c","cf63d53963b7a9f38d8197b8b409c30cedcf72ebb2683fb56eef8cafb0c3547c","True"
"shared_exit_n2_n2_exit_comm_on_trial01_attempt01_diag_logs/bag_record.log","300e854d6210db3c36de13e43909ae385c7abb093bd447f7a3e156011b78bfd8","300e854d6210db3c36de13e43909ae385c7abb093bd447f7a3e156011b78bfd8","True"
"shared_exit_n2_n2_exit_comm_on_trial01_attempt01_diag_logs/controller.log","3f7251f19c9940462b1789232490c8b274902f68a9bbd6a446eaffd56e878653","3f7251f19c9940462b1789232490c8b274902f68a9bbd6a446eaffd56e878653","True"
"shared_exit_n2_n2_exit_comm_on_trial01_attempt01_diag_logs/epuck1_counter.json","b2d2fe148531bc1a688e626202c9f7c88303d1d1ad60d4fe72c149c6b1f9008f","b2d2fe148531bc1a688e626202c9f7c88303d1d1ad60d4fe72c149c6b1f9008f","True"
"shared_exit_n2_n2_exit_comm_on_trial01_attempt01_diag_logs/epuck1_relay.csv","6bbe64c8df313fd40e65bed0ca88195dc6054f2bd40673e6929c0161b4e9a430","6bbe64c8df313fd40e65bed0ca88195dc6054f2bd40673e6929c0161b4e9a430","True"
"shared_exit_n2_n2_exit_comm_on_trial01_attempt01_diag_logs/epuck2_counter.json","7c9007d4e748cd44533aecb972f7fdb2c203f665f4082f7de4e85f82f721d181","7c9007d4e748cd44533aecb972f7fdb2c203f665f4082f7de4e85f82f721d181","True"
"shared_exit_n2_n2_exit_comm_on_trial01_attempt01_diag_logs/epuck2_relay.csv","a0f05e1ccd44c627b6e77713fd057d84ecd0b8026464b973efc21fbe8cd21c4c","a0f05e1ccd44c627b6e77713fd057d84ecd0b8026464b973efc21fbe8cd21c4c","True"
"shared_exit_n2_n2_exit_comm_on_trial01_attempt01_diag_logs/execution.log","c62f715e8c97f440b1ed48fd6cd6537df6b2b70509a47f50fe6a7e29700abea5","c62f715e8c97f440b1ed48fd6cd6537df6b2b70509a47f50fe6a7e29700abea5","True"
"shared_exit_n2_n2_exit_comm_on_trial01_attempt01_diag_logs/frozen_params.json","00c9205b5e0751931262b39d42b90a955046a7455ffd20a3af89f8be1f004de4","00c9205b5e0751931262b39d42b90a955046a7455ffd20a3af89f8be1f004de4","True"
"shared_exit_n2_n2_exit_comm_on_trial01_attempt01_diag_logs/frozen_params_canonical_copy.json","65c291132f3698ee4cfd5aa849a2bb7a22f4f83f51e31215f9f6eb39242d059f","65c291132f3698ee4cfd5aa849a2bb7a22f4f83f51e31215f9f6eb39242d059f","True"
"shared_exit_n2_n2_exit_comm_on_trial01_attempt01_diag_logs/goal_navigator_epuck1.log","db239fb3976738a0dfd25189733b4bf22cac22aada570fc676e38953f4ccf646","db239fb3976738a0dfd25189733b4bf22cac22aada570fc676e38953f4ccf646","True"
"shared_exit_n2_n2_exit_comm_on_trial01_attempt01_diag_logs/goal_navigator_epuck2.log","d0465fbc41073fd3fbe7bbfa405202b014341b09f3f5244ee3b700563b16e8fd","d0465fbc41073fd3fbe7bbfa405202b014341b09f3f5244ee3b700563b16e8fd","True"
"shared_exit_n2_n2_exit_comm_on_trial01_attempt01_diag_logs/monitor_verdict.json","7def7c5a8814316c07b92358c0cd02e49e74e1785c5cbb1f1e0b61d60a7e27dc","7def7c5a8814316c07b92358c0cd02e49e74e1785c5cbb1f1e0b61d60a7e27dc","True"
"shared_exit_n2_n2_exit_comm_on_trial01_attempt01_diag_logs/relay_counter.log","085885bf7f3cceb27e1dcf5f05d1ee2a05ed78f65ec8746b244642db687f93c2","085885bf7f3cceb27e1dcf5f05d1ee2a05ed78f65ec8746b244642db687f93c2","True"
"shared_exit_n2_n2_exit_comm_on_trial01_attempt01_diag_logs/simulation.log","7c22c5f40febd0c6a907aa5f63c07093578dd7c93812916444008a19c60bdaf3","7c22c5f40febd0c6a907aa5f63c07093578dd7c93812916444008a19c60bdaf3","True"
"shared_exit_n2_n2_exit_comm_on_trial01_attempt01_diag_logs/state_epuck1.log","b619dbaace01e5580357ae3e365990e7547f2489eb3ef0d856476b15559f6e08","b619dbaace01e5580357ae3e365990e7547f2489eb3ef0d856476b15559f6e08","True"
"shared_exit_n2_n2_exit_comm_on_trial01_attempt01_diag_logs/state_epuck2.log","f747508b87c49da487a691b95ee879d6a50e2418c53fb7b249362523b4ad6a2e","f747508b87c49da487a691b95ee879d6a50e2418c53fb7b249362523b4ad6a2e","True"
"shared_exit_n2_n2_exit_comm_on_trial01_attempt01_diag_logs/task_completion_monitor.log","270d6c080e049e1d50325441a5e308aefc4c92f3bc35f9c957910ca75704d565","270d6c080e049e1d50325441a5e308aefc4c92f3bc35f9c957910ca75704d565","True"
"shared_exit_n2_n2_exit_comm_on_trial01_attempt01_diag_logs/trial_verdict.json","e118e6a7bfd9dac2a90f13394d18cdbb11c91d3c9f4717783a3a2a6dc9d4a1c9","e118e6a7bfd9dac2a90f13394d18cdbb11c91d3c9f4717783a3a2a6dc9d4a1c9","True"
"shared_exit_n2_n2_exit_comm_on_trial02_attempt01/metadata.yaml","2bc839094228c8d69baa981104eda662b7768664f7f40a1bf37fe2a16c4a1fd9","2bc839094228c8d69baa981104eda662b7768664f7f40a1bf37fe2a16c4a1fd9","True"
"shared_exit_n2_n2_exit_comm_on_trial02_attempt01/shared_exit_n2_n2_exit_comm_on_trial02_attempt01_0.db3","8216b7084370b7b24dc2855e9aee0fbc895a3f5d6a1ad630ec4a9999c196db1a","8216b7084370b7b24dc2855e9aee0fbc895a3f5d6a1ad630ec4a9999c196db1a","True"
"shared_exit_n2_n2_exit_comm_on_trial02_attempt01_diag_logs/bag_record.log","af9e87461e36dd89e6ea95efe6f8b18ee4100cd103ceacfec2715498cea97a84","af9e87461e36dd89e6ea95efe6f8b18ee4100cd103ceacfec2715498cea97a84","True"
"shared_exit_n2_n2_exit_comm_on_trial02_attempt01_diag_logs/controller.log","6ca733f9748a050fc0cf4832cd63db05f5d1afa1fe065072922c6348588f0229","6ca733f9748a050fc0cf4832cd63db05f5d1afa1fe065072922c6348588f0229","True"
"shared_exit_n2_n2_exit_comm_on_trial02_attempt01_diag_logs/epuck1_counter.json","d7501fa16aa472defdcc7a01f594d3e1c37e50bd14c2f7dd3d480ae964116660","d7501fa16aa472defdcc7a01f594d3e1c37e50bd14c2f7dd3d480ae964116660","True"
"shared_exit_n2_n2_exit_comm_on_trial02_attempt01_diag_logs/epuck1_relay.csv","af2ea7eb677ee8570d129a1130373b90725d2a547307acd583cd34c09356ed0a","af2ea7eb677ee8570d129a1130373b90725d2a547307acd583cd34c09356ed0a","True"
"shared_exit_n2_n2_exit_comm_on_trial02_attempt01_diag_logs/epuck2_counter.json","95086ac6dbc50ba58db8f3123d4ec416aba86a8d7965f6c451ce98c59ac7386b","95086ac6dbc50ba58db8f3123d4ec416aba86a8d7965f6c451ce98c59ac7386b","True"
"shared_exit_n2_n2_exit_comm_on_trial02_attempt01_diag_logs/epuck2_relay.csv","85e413125b6398b81cf89e4747b8c6b910c79d510deebd5732effd2646eaa541","85e413125b6398b81cf89e4747b8c6b910c79d510deebd5732effd2646eaa541","True"
"shared_exit_n2_n2_exit_comm_on_trial02_attempt01_diag_logs/execution.log","181880276350e9779be720d20da2d74a08cde878d8d564ae53c05d3e5fd1b342","181880276350e9779be720d20da2d74a08cde878d8d564ae53c05d3e5fd1b342","True"
"shared_exit_n2_n2_exit_comm_on_trial02_attempt01_diag_logs/frozen_params.json","bd29eb7ba83137ebcebab84e41d83da5a9b213efc44be67c81bf49f7a7b5ad60","bd29eb7ba83137ebcebab84e41d83da5a9b213efc44be67c81bf49f7a7b5ad60","True"
"shared_exit_n2_n2_exit_comm_on_trial02_attempt01_diag_logs/frozen_params_canonical_copy.json","65c291132f3698ee4cfd5aa849a2bb7a22f4f83f51e31215f9f6eb39242d059f","65c291132f3698ee4cfd5aa849a2bb7a22f4f83f51e31215f9f6eb39242d059f","True"
"shared_exit_n2_n2_exit_comm_on_trial02_attempt01_diag_logs/goal_navigator_epuck1.log","e9d5eb209c6882555f7ba1b22eca88d6232b9de33f306e5628a6ec23f80d3de8","e9d5eb209c6882555f7ba1b22eca88d6232b9de33f306e5628a6ec23f80d3de8","True"
"shared_exit_n2_n2_exit_comm_on_trial02_attempt01_diag_logs/goal_navigator_epuck2.log","73f22a642302f8444aaa2f8b461f9660ae86e527d89a077896ee820f4bff09c1","73f22a642302f8444aaa2f8b461f9660ae86e527d89a077896ee820f4bff09c1","True"
"shared_exit_n2_n2_exit_comm_on_trial02_attempt01_diag_logs/monitor_verdict.json","ed9614fe65fb63311f314f3f5be5c49bcb3f7a6ddb094a501c7ce8705466df04","ed9614fe65fb63311f314f3f5be5c49bcb3f7a6ddb094a501c7ce8705466df04","True"
"shared_exit_n2_n2_exit_comm_on_trial02_attempt01_diag_logs/relay_counter.log","cb21be8a0518a359097d8059ed489090b027de9c49eeaabc0c72dbf5ce6d968a","cb21be8a0518a359097d8059ed489090b027de9c49eeaabc0c72dbf5ce6d968a","True"
"shared_exit_n2_n2_exit_comm_on_trial02_attempt01_diag_logs/simulation.log","c1e9ef285ba547006da01e233ed154b29964fcd6de08cbed8b5323e2ce057dd2","c1e9ef285ba547006da01e233ed154b29964fcd6de08cbed8b5323e2ce057dd2","True"
"shared_exit_n2_n2_exit_comm_on_trial02_attempt01_diag_logs/state_epuck1.log","1432a79969e0af624a12c80e6688ad4ce613a8b53dc0562875678e95ca41515e","1432a79969e0af624a12c80e6688ad4ce613a8b53dc0562875678e95ca41515e","True"
"shared_exit_n2_n2_exit_comm_on_trial02_attempt01_diag_logs/state_epuck2.log","3f3d772a1c5a6615fa501aab916e76802b18a2a4590043c3b68a1c7a69059fec","3f3d772a1c5a6615fa501aab916e76802b18a2a4590043c3b68a1c7a69059fec","True"
"shared_exit_n2_n2_exit_comm_on_trial02_attempt01_diag_logs/task_completion_monitor.log","a780d4ed4e260bf18843f4843d41dae487e13bc112b84160bf8df1a683b56c45","a780d4ed4e260bf18843f4843d41dae487e13bc112b84160bf8df1a683b56c45","True"
"shared_exit_n2_n2_exit_comm_on_trial02_attempt01_diag_logs/trial_verdict.json","bb7bede28ce985640c0e54894b45b03867111545c0a007fb03fbcb147dff8aa4","bb7bede28ce985640c0e54894b45b03867111545c0a007fb03fbcb147dff8aa4","True"
"shared_exit_n2_n2_exit_comm_on_trial03_attempt01/metadata.yaml","a3e8614978657c3e1424bbc568b5c9f323f531db7df2ece6629225eb83cee617","a3e8614978657c3e1424bbc568b5c9f323f531db7df2ece6629225eb83cee617","True"
"shared_exit_n2_n2_exit_comm_on_trial03_attempt01/shared_exit_n2_n2_exit_comm_on_trial03_attempt01_0.db3","5dbad1efa35d793f6ecd0c746483b7041e1af028785667c96af0eeba43c8815c","5dbad1efa35d793f6ecd0c746483b7041e1af028785667c96af0eeba43c8815c","True"
"shared_exit_n2_n2_exit_comm_on_trial03_attempt01_diag_logs/bag_record.log","15ffe2507c6f762cf0c27ce9c0182f64f63da9cb9fcee58cca54b07784b0a0fd","15ffe2507c6f762cf0c27ce9c0182f64f63da9cb9fcee58cca54b07784b0a0fd","True"
"shared_exit_n2_n2_exit_comm_on_trial03_attempt01_diag_logs/controller.log","65297ec7f2b02e7bebe1822677011628bec83a3f2bdf9e03c68446953f14c31a","65297ec7f2b02e7bebe1822677011628bec83a3f2bdf9e03c68446953f14c31a","True"
"shared_exit_n2_n2_exit_comm_on_trial03_attempt01_diag_logs/epuck1_counter.json","8474e8601e7daa33eee6872f3a7f7f8925963ebc9d261d26041af7607f330421","8474e8601e7daa33eee6872f3a7f7f8925963ebc9d261d26041af7607f330421","True"
"shared_exit_n2_n2_exit_comm_on_trial03_attempt01_diag_logs/epuck1_relay.csv","8380b14731dd7ff8a751959610baaad3c7fbdd781c44cb621ad7141a14c8a172","8380b14731dd7ff8a751959610baaad3c7fbdd781c44cb621ad7141a14c8a172","True"
"shared_exit_n2_n2_exit_comm_on_trial03_attempt01_diag_logs/epuck2_counter.json","3cc08f828a1c7a26edf5564f65a56b1f28dc4d235fc37b78cd6e9966efb850c1","3cc08f828a1c7a26edf5564f65a56b1f28dc4d235fc37b78cd6e9966efb850c1","True"
"shared_exit_n2_n2_exit_comm_on_trial03_attempt01_diag_logs/epuck2_relay.csv","9cd0922b6ed1cfaa1c0c9140a2cf6009a387b1962373ef38e0778486f4fb9b33","9cd0922b6ed1cfaa1c0c9140a2cf6009a387b1962373ef38e0778486f4fb9b33","True"
"shared_exit_n2_n2_exit_comm_on_trial03_attempt01_diag_logs/execution.log","1021d1eb6d6f42c79060deb4988782e30b52bf744814bb06583ee6c69b1630cf","1021d1eb6d6f42c79060deb4988782e30b52bf744814bb06583ee6c69b1630cf","True"
"shared_exit_n2_n2_exit_comm_on_trial03_attempt01_diag_logs/frozen_params.json","3f736abf1e6fd46b8dd751d87c9ed78f77e5eb85f141f6e1656584dbeae967e7","3f736abf1e6fd46b8dd751d87c9ed78f77e5eb85f141f6e1656584dbeae967e7","True"
"shared_exit_n2_n2_exit_comm_on_trial03_attempt01_diag_logs/frozen_params_canonical_copy.json","65c291132f3698ee4cfd5aa849a2bb7a22f4f83f51e31215f9f6eb39242d059f","65c291132f3698ee4cfd5aa849a2bb7a22f4f83f51e31215f9f6eb39242d059f","True"
"shared_exit_n2_n2_exit_comm_on_trial03_attempt01_diag_logs/goal_navigator_epuck1.log","b59f68a7a604643d9e29f7dcc9c7ab32b7af5038f7795348fd21848156fa5346","b59f68a7a604643d9e29f7dcc9c7ab32b7af5038f7795348fd21848156fa5346","True"
"shared_exit_n2_n2_exit_comm_on_trial03_attempt01_diag_logs/goal_navigator_epuck2.log","ee87aefe3290c1c963d5f8b8d30253ef5d18b8ba361cf79c7cb79bc8989fd410","ee87aefe3290c1c963d5f8b8d30253ef5d18b8ba361cf79c7cb79bc8989fd410","True"
"shared_exit_n2_n2_exit_comm_on_trial03_attempt01_diag_logs/monitor_verdict.json","1618352a48bcad33d5dd1cf611f76806dc86de4cc757b0b6a72b9dfc8b1bdced","1618352a48bcad33d5dd1cf611f76806dc86de4cc757b0b6a72b9dfc8b1bdced","True"
"shared_exit_n2_n2_exit_comm_on_trial03_attempt01_diag_logs/relay_counter.log","a2a68bbaebbef6493652f61f53ca0d2bb6da7abf9d6f171b8ea9c1ccbd1b491a","a2a68bbaebbef6493652f61f53ca0d2bb6da7abf9d6f171b8ea9c1ccbd1b491a","True"
"shared_exit_n2_n2_exit_comm_on_trial03_attempt01_diag_logs/simulation.log","1d82f7d8333c38fbbcadfb7e7f1b807ba477858d35c28425e61d18854aa64a98","1d82f7d8333c38fbbcadfb7e7f1b807ba477858d35c28425e61d18854aa64a98","True"
"shared_exit_n2_n2_exit_comm_on_trial03_attempt01_diag_logs/state_epuck1.log","5c2cd2f113b58afc405fe356bf0afb1a47665ba69771e9cb6be44305c9333070","5c2cd2f113b58afc405fe356bf0afb1a47665ba69771e9cb6be44305c9333070","True"
"shared_exit_n2_n2_exit_comm_on_trial03_attempt01_diag_logs/state_epuck2.log","094bb74cc78fcf885eaaf7a011909b437b7fd0e57be787ea2cb9d0996e4cc689","094bb74cc78fcf885eaaf7a011909b437b7fd0e57be787ea2cb9d0996e4cc689","True"
"shared_exit_n2_n2_exit_comm_on_trial03_attempt01_diag_logs/task_completion_monitor.log","1b8ef18e3fb7824ea70d8b725a6c653da431c3194af89b26f90545229a3e5b77","1b8ef18e3fb7824ea70d8b725a6c653da431c3194af89b26f90545229a3e5b77","True"
"shared_exit_n2_n2_exit_comm_on_trial03_attempt01_diag_logs/trial_verdict.json","00fd031e1657bbce6cff24237ae51cefa24e27da636e9c0308c99e236f4d246f","00fd031e1657bbce6cff24237ae51cefa24e27da636e9c0308c99e236f4d246f","True"
"shared_exit_n2_n2_exit_comm_on_trial04_attempt01/metadata.yaml","b92da76600bc5a7aee4c0afd96d95a4e23b42547cfcb4d26c48c79f0a2f77b8b","b92da76600bc5a7aee4c0afd96d95a4e23b42547cfcb4d26c48c79f0a2f77b8b","True"
"shared_exit_n2_n2_exit_comm_on_trial04_attempt01/shared_exit_n2_n2_exit_comm_on_trial04_attempt01_0.db3","3343804db117851e47c1607e38a872e3384acfdf3ccd4d9e2b751fd107b1b414","3343804db117851e47c1607e38a872e3384acfdf3ccd4d9e2b751fd107b1b414","True"
"shared_exit_n2_n2_exit_comm_on_trial04_attempt01_diag_logs/bag_record.log","dccaad61b5d35a1edc6d5861ae790d47efe50176376a00a66ba6ed9ca132a81d","dccaad61b5d35a1edc6d5861ae790d47efe50176376a00a66ba6ed9ca132a81d","True"
"shared_exit_n2_n2_exit_comm_on_trial04_attempt01_diag_logs/controller.log","c6dee34bf99495b2570008f7a659e9eb8e8676d2d42c9849fe62b327d2f691bd","c6dee34bf99495b2570008f7a659e9eb8e8676d2d42c9849fe62b327d2f691bd","True"
"shared_exit_n2_n2_exit_comm_on_trial04_attempt01_diag_logs/epuck1_counter.json","f924f66c6788448d1a2733d118ae7468f31094903e816e8cccea2e42ca06dcab","f924f66c6788448d1a2733d118ae7468f31094903e816e8cccea2e42ca06dcab","True"
"shared_exit_n2_n2_exit_comm_on_trial04_attempt01_diag_logs/epuck1_relay.csv","a7cdf478eab8c0a1cdcda567aee3836cd8da1d3327bd25339979da80bcd067bc","a7cdf478eab8c0a1cdcda567aee3836cd8da1d3327bd25339979da80bcd067bc","True"
"shared_exit_n2_n2_exit_comm_on_trial04_attempt01_diag_logs/epuck2_counter.json","5c4a07aea8d7c7a863c750cd9a5807a865afaf0d025c3d3fc82806eec0b55b60","5c4a07aea8d7c7a863c750cd9a5807a865afaf0d025c3d3fc82806eec0b55b60","True"
"shared_exit_n2_n2_exit_comm_on_trial04_attempt01_diag_logs/epuck2_relay.csv","28076bf7ea066e6d410a7114dcd674b2ff065a274c8bf175166b92fa08c94dab","28076bf7ea066e6d410a7114dcd674b2ff065a274c8bf175166b92fa08c94dab","True"
"shared_exit_n2_n2_exit_comm_on_trial04_attempt01_diag_logs/execution.log","d0996caf3a4abba55c909c703ea89da33b68f2f86ed9d8f5bc34c3b99e198ab1","d0996caf3a4abba55c909c703ea89da33b68f2f86ed9d8f5bc34c3b99e198ab1","True"
"shared_exit_n2_n2_exit_comm_on_trial04_attempt01_diag_logs/frozen_params.json","7308d910d4ec7da0da4cbdf7dc9f481e21c8b6b3c10dcd623a8853cfbe8d4765","7308d910d4ec7da0da4cbdf7dc9f481e21c8b6b3c10dcd623a8853cfbe8d4765","True"
"shared_exit_n2_n2_exit_comm_on_trial04_attempt01_diag_logs/frozen_params_canonical_copy.json","65c291132f3698ee4cfd5aa849a2bb7a22f4f83f51e31215f9f6eb39242d059f","65c291132f3698ee4cfd5aa849a2bb7a22f4f83f51e31215f9f6eb39242d059f","True"
"shared_exit_n2_n2_exit_comm_on_trial04_attempt01_diag_logs/goal_navigator_epuck1.log","f968fdb5eaadbc18ba5e22dbe00ab38d9f9a0af4a88f97cf2571a73338b9fe1f","f968fdb5eaadbc18ba5e22dbe00ab38d9f9a0af4a88f97cf2571a73338b9fe1f","True"
"shared_exit_n2_n2_exit_comm_on_trial04_attempt01_diag_logs/goal_navigator_epuck2.log","055b4ab9d474ce3dd3cd2ce5d934e2be9fbfcd95ac5af27123918373226e584d","055b4ab9d474ce3dd3cd2ce5d934e2be9fbfcd95ac5af27123918373226e584d","True"
"shared_exit_n2_n2_exit_comm_on_trial04_attempt01_diag_logs/monitor_verdict.json","89bdf503a4be2afbd7bc78b9ddf205285a56f9f27f6e6d472768a8f021d74f72","89bdf503a4be2afbd7bc78b9ddf205285a56f9f27f6e6d472768a8f021d74f72","True"
"shared_exit_n2_n2_exit_comm_on_trial04_attempt01_diag_logs/relay_counter.log","29d71f17905a2331380b5c347b3b2aee39721351e9ec6ec57723017a8adf5388","29d71f17905a2331380b5c347b3b2aee39721351e9ec6ec57723017a8adf5388","True"
"shared_exit_n2_n2_exit_comm_on_trial04_attempt01_diag_logs/simulation.log","41d6f919c01b97d07943dad3c456d5d803f72979da3124eaf2b40fe10ecbcca0","41d6f919c01b97d07943dad3c456d5d803f72979da3124eaf2b40fe10ecbcca0","True"
"shared_exit_n2_n2_exit_comm_on_trial04_attempt01_diag_logs/state_epuck1.log","431a5efc7fad032fdd49fb0e9e40dad5fcc75eec505c082905978f0dd73e50e8","431a5efc7fad032fdd49fb0e9e40dad5fcc75eec505c082905978f0dd73e50e8","True"
"shared_exit_n2_n2_exit_comm_on_trial04_attempt01_diag_logs/state_epuck2.log","78c1ff87a9bb60af83ce2e53a8cf6b91214cf217d02c1731d9b608836d97e546","78c1ff87a9bb60af83ce2e53a8cf6b91214cf217d02c1731d9b608836d97e546","True"
"shared_exit_n2_n2_exit_comm_on_trial04_attempt01_diag_logs/task_completion_monitor.log","682dcd863f7176f9a16d423faa66905e235852254bbb78ce5b969b06cffe374b","682dcd863f7176f9a16d423faa66905e235852254bbb78ce5b969b06cffe374b","True"
"shared_exit_n2_n2_exit_comm_on_trial04_attempt01_diag_logs/trial_verdict.json","a48165bfaf6e205e98316daa1ac901353c5e8284a6296e85305dcc730f7d9e03","a48165bfaf6e205e98316daa1ac901353c5e8284a6296e85305dcc730f7d9e03","True"
"shared_exit_n2_n2_exit_comm_on_trial05_attempt01/metadata.yaml","fb8c4a5b7fd0434af9d3e237ba99656f960f4a9c1810e39335d5b822c60fc895","fb8c4a5b7fd0434af9d3e237ba99656f960f4a9c1810e39335d5b822c60fc895","True"
"shared_exit_n2_n2_exit_comm_on_trial05_attempt01/shared_exit_n2_n2_exit_comm_on_trial05_attempt01_0.db3","6af98f629a16f5a6386d9a33ed63f87bddf3e5be0872424f8a3b82c144322a74","6af98f629a16f5a6386d9a33ed63f87bddf3e5be0872424f8a3b82c144322a74","True"
"shared_exit_n2_n2_exit_comm_on_trial05_attempt01_diag_logs/bag_record.log","0cc3d7c3fa191caaaa1ab0a1b4c736a5b2f87b494cffedb02adf8cd00d0100d1","0cc3d7c3fa191caaaa1ab0a1b4c736a5b2f87b494cffedb02adf8cd00d0100d1","True"
"shared_exit_n2_n2_exit_comm_on_trial05_attempt01_diag_logs/controller.log","3c3035be849ba93b518562f61eec251d2932756349619ac10773985a602c1611","3c3035be849ba93b518562f61eec251d2932756349619ac10773985a602c1611","True"
"shared_exit_n2_n2_exit_comm_on_trial05_attempt01_diag_logs/epuck1_counter.json","a67c5ea27d0aacd9a4a255d336053f28c15f0f35b48e4266d4ba5a229aa6bd14","a67c5ea27d0aacd9a4a255d336053f28c15f0f35b48e4266d4ba5a229aa6bd14","True"
"shared_exit_n2_n2_exit_comm_on_trial05_attempt01_diag_logs/epuck1_relay.csv","099be8470131c55ba5bdf63dbd0d4c41e866f8ed8f7edaecc9640c3541483023","099be8470131c55ba5bdf63dbd0d4c41e866f8ed8f7edaecc9640c3541483023","True"
"shared_exit_n2_n2_exit_comm_on_trial05_attempt01_diag_logs/epuck2_counter.json","124536b06dc2624bc33860a165abf32fdb2b8945742997dd3d4d1e119851f7e6","124536b06dc2624bc33860a165abf32fdb2b8945742997dd3d4d1e119851f7e6","True"
"shared_exit_n2_n2_exit_comm_on_trial05_attempt01_diag_logs/epuck2_relay.csv","f3dbce4e136b600ad4e7c68eef9a6ea9ba0ae27da619de6a2fea67d10505b753","f3dbce4e136b600ad4e7c68eef9a6ea9ba0ae27da619de6a2fea67d10505b753","True"
"shared_exit_n2_n2_exit_comm_on_trial05_attempt01_diag_logs/execution.log","63f2e7f8042f6d534edefdd408fa55006ac2881aca954d9e23de1e5015e11d35","63f2e7f8042f6d534edefdd408fa55006ac2881aca954d9e23de1e5015e11d35","True"
"shared_exit_n2_n2_exit_comm_on_trial05_attempt01_diag_logs/frozen_params.json","8678a017e1a88717078c878a2a5e71490c5b19d792666f075332e9fd07247635","8678a017e1a88717078c878a2a5e71490c5b19d792666f075332e9fd07247635","True"
"shared_exit_n2_n2_exit_comm_on_trial05_attempt01_diag_logs/frozen_params_canonical_copy.json","65c291132f3698ee4cfd5aa849a2bb7a22f4f83f51e31215f9f6eb39242d059f","65c291132f3698ee4cfd5aa849a2bb7a22f4f83f51e31215f9f6eb39242d059f","True"
"shared_exit_n2_n2_exit_comm_on_trial05_attempt01_diag_logs/goal_navigator_epuck1.log","a4abaaeae0383ae7f27087669083b6221801a5d053ec28faeee10eb90e5b6cfe","a4abaaeae0383ae7f27087669083b6221801a5d053ec28faeee10eb90e5b6cfe","True"
"shared_exit_n2_n2_exit_comm_on_trial05_attempt01_diag_logs/goal_navigator_epuck2.log","d9a8a395a877bd8efa974f8b11c79b6a80d2346adeca4e27bf5b5999d1996e40","d9a8a395a877bd8efa974f8b11c79b6a80d2346adeca4e27bf5b5999d1996e40","True"
"shared_exit_n2_n2_exit_comm_on_trial05_attempt01_diag_logs/monitor_verdict.json","0699a3cd0e205e0ef6623286b18b283d047d3ebc9fd820a6653f9ed960b62764","0699a3cd0e205e0ef6623286b18b283d047d3ebc9fd820a6653f9ed960b62764","True"
"shared_exit_n2_n2_exit_comm_on_trial05_attempt01_diag_logs/relay_counter.log","74c9cee9199783e3926ef193b98776289944279d5a604b81b09ac571c1afd52d","74c9cee9199783e3926ef193b98776289944279d5a604b81b09ac571c1afd52d","True"
"shared_exit_n2_n2_exit_comm_on_trial05_attempt01_diag_logs/simulation.log","d0b57ca6f1f6e11a8079f235feb1639dd7a1b3d5135ae74e6d99b1665db5a93a","d0b57ca6f1f6e11a8079f235feb1639dd7a1b3d5135ae74e6d99b1665db5a93a","True"
"shared_exit_n2_n2_exit_comm_on_trial05_attempt01_diag_logs/state_epuck1.log","67f317231f3c54680a959238c9935f831fb83c9725f75a5544a9e76f0e45ea2a","67f317231f3c54680a959238c9935f831fb83c9725f75a5544a9e76f0e45ea2a","True"
"shared_exit_n2_n2_exit_comm_on_trial05_attempt01_diag_logs/state_epuck2.log","fff37c652db14df0a22d6070155cb901fcd6d56840f9e0ed41a43d8b04393fce","fff37c652db14df0a22d6070155cb901fcd6d56840f9e0ed41a43d8b04393fce","True"
"shared_exit_n2_n2_exit_comm_on_trial05_attempt01_diag_logs/task_completion_monitor.log","f95511c8e203ccc36def608d7179332ee4564c2faeab0a20ddd0ebfb01bf1d13","f95511c8e203ccc36def608d7179332ee4564c2faeab0a20ddd0ebfb01bf1d13","True"
"shared_exit_n2_n2_exit_comm_on_trial05_attempt01_diag_logs/trial_verdict.json","dc5888c808c242a3070f224c5bf93ff3a8b033f34d4087c1654598db2971bca2","dc5888c808c242a3070f224c5bf93ff3a8b033f34d4087c1654598db2971bca2","True"
