relative_path,wsl_source_sha256,windows_copy_sha256,match
"shared_exit_n3_n3_exit_comm_off_trial01_attempt02/metadata.yaml",7c568781964aec5fd2f9d5ed3f38ed47e0799af3b41fbcc906daa802dbd23927,7c568781964aec5fd2f9d5ed3f38ed47e0799af3b41fbcc906daa802dbd23927,true
"shared_exit_n3_n3_exit_comm_off_trial01_attempt02/shared_exit_n3_n3_exit_comm_off_trial01_attempt02_0.db3",a356fb3a58e25ce7aef9a6251660996ecb32b5f66b5b127b36117432b85b6ef2,a356fb3a58e25ce7aef9a6251660996ecb32b5f66b5b127b36117432b85b6ef2,true
"shared_exit_n3_n3_exit_comm_off_trial01_attempt02_diag_logs/bag_record.log",9831121b41488e0b92681ca2293868e4b3efbc00f8c9619021028f2768fc441d,9831121b41488e0b92681ca2293868e4b3efbc00f8c9619021028f2768fc441d,true
"shared_exit_n3_n3_exit_comm_off_trial01_attempt02_diag_logs/controller.log",c3e587adb4fda9157169c68d3be440b659ebd4ce93aaaa303686558574a2eba7,c3e587adb4fda9157169c68d3be440b659ebd4ce93aaaa303686558574a2eba7,true
"shared_exit_n3_n3_exit_comm_off_trial01_attempt02_diag_logs/execution.log",47adc3b90f12d2fd9f336b508dac00f5aefa009bd80bee7c2246b02490f056e8,47adc3b90f12d2fd9f336b508dac00f5aefa009bd80bee7c2246b02490f056e8,true
"shared_exit_n3_n3_exit_comm_off_trial01_attempt02_diag_logs/frozen_params_canonical_copy.json",5058e93409e50d922672fb3351f7c467a71f89821f698ce106da4449fadabb80,5058e93409e50d922672fb3351f7c467a71f89821f698ce106da4449fadabb80,true
"shared_exit_n3_n3_exit_comm_off_trial01_attempt02_diag_logs/goal_navigator_epuck1.log",83448e91939b88112978b3a1e2236dfd7c12e84341567b9e23cbd145a33972f4,83448e91939b88112978b3a1e2236dfd7c12e84341567b9e23cbd145a33972f4,true
"shared_exit_n3_n3_exit_comm_off_trial01_attempt02_diag_logs/goal_navigator_epuck2.log",b8bca61825bca88572dd8b15473824bfd195ae1d0053ab40408dac5eeb9971e8,b8bca61825bca88572dd8b15473824bfd195ae1d0053ab40408dac5eeb9971e8,true
"shared_exit_n3_n3_exit_comm_off_trial01_attempt02_diag_logs/goal_navigator_epuck3.log",92e099ace5269bf23c78a66294a022f3646c51be2f28bf63b1e1d220f9fa766c,92e099ace5269bf23c78a66294a022f3646c51be2f28bf63b1e1d220f9fa766c,true
"shared_exit_n3_n3_exit_comm_off_trial01_attempt02_diag_logs/monitor_verdict.json",8a5ac6eb2046e542803b3f8810c2c8bea4897e5e5991113981361a48e9286fba,8a5ac6eb2046e542803b3f8810c2c8bea4897e5e5991113981361a48e9286fba,true
"shared_exit_n3_n3_exit_comm_off_trial01_attempt02_diag_logs/simulation.log",f6b0f755e5b196e15022724fae910cc087d87a061b447a17b79d2aebaf75a16e,f6b0f755e5b196e15022724fae910cc087d87a061b447a17b79d2aebaf75a16e,true
"shared_exit_n3_n3_exit_comm_off_trial01_attempt02_diag_logs/state_epuck1.log",1a4c350eb1a7599e72a5d7084efb94c9f87d7aab862dd6afb070879f71b28a40,1a4c350eb1a7599e72a5d7084efb94c9f87d7aab862dd6afb070879f71b28a40,true
"shared_exit_n3_n3_exit_comm_off_trial01_attempt02_diag_logs/state_epuck2.log",94f07678979721e0d10ed9a7e5a0f0224c33afeccb7610c5c631e44274fd2725,94f07678979721e0d10ed9a7e5a0f0224c33afeccb7610c5c631e44274fd2725,true
"shared_exit_n3_n3_exit_comm_off_trial01_attempt02_diag_logs/state_epuck3.log",ba2798f28b3394c96d09a776c4ca4722d66e9b03af65c45257dba745075dba14,ba2798f28b3394c96d09a776c4ca4722d66e9b03af65c45257dba745075dba14,true
"shared_exit_n3_n3_exit_comm_off_trial01_attempt02_diag_logs/task_completion_monitor.log",2d8938f1aadb3211226565d29b4bf60ba0c1854bd666953409e7e1bd23aef517,2d8938f1aadb3211226565d29b4bf60ba0c1854bd666953409e7e1bd23aef517,true
"shared_exit_n3_n3_exit_comm_off_trial01_attempt02_diag_logs/trial_verdict.json",60a733bc96f53c2c2023785dccf33a894d6d0e89c2bd3189d787fe50145bb125,60a733bc96f53c2c2023785dccf33a894d6d0e89c2bd3189d787fe50145bb125,true
"shared_exit_n3_n3_exit_comm_off_trial02_attempt01/metadata.yaml",a90fc6210f792392d689d574963117334ccbd8057a556c7a81671bd50b6c8e8d,a90fc6210f792392d689d574963117334ccbd8057a556c7a81671bd50b6c8e8d,true
"shared_exit_n3_n3_exit_comm_off_trial02_attempt01/shared_exit_n3_n3_exit_comm_off_trial02_attempt01_0.db3",43bfcf80bdf82778924407644d836be1b3a891af3e0a205178c2bf8c068b48a8,43bfcf80bdf82778924407644d836be1b3a891af3e0a205178c2bf8c068b48a8,true
"shared_exit_n3_n3_exit_comm_off_trial02_attempt01_diag_logs/bag_record.log",f4c92c380a6aa849c6f49136c6d74cf364e0f213baa8ea03843733c625e0bab3,f4c92c380a6aa849c6f49136c6d74cf364e0f213baa8ea03843733c625e0bab3,true
"shared_exit_n3_n3_exit_comm_off_trial02_attempt01_diag_logs/controller.log",3207864e7228592d823607a2807511e0e93212862cadaa8faef9b7dd9538347c,3207864e7228592d823607a2807511e0e93212862cadaa8faef9b7dd9538347c,true
"shared_exit_n3_n3_exit_comm_off_trial02_attempt01_diag_logs/execution.log",d5cc3ab22f384e46e846600805ab4c23530546b9accc33a1f73ea8b9af544ceb,d5cc3ab22f384e46e846600805ab4c23530546b9accc33a1f73ea8b9af544ceb,true
"shared_exit_n3_n3_exit_comm_off_trial02_attempt01_diag_logs/frozen_params_canonical_copy.json",5058e93409e50d922672fb3351f7c467a71f89821f698ce106da4449fadabb80,5058e93409e50d922672fb3351f7c467a71f89821f698ce106da4449fadabb80,true
"shared_exit_n3_n3_exit_comm_off_trial02_attempt01_diag_logs/goal_navigator_epuck1.log",bb5e2b0cfa34fa2a96da130f91dd1fdb4b7e8772c8b8839755a415bbf0e529e9,bb5e2b0cfa34fa2a96da130f91dd1fdb4b7e8772c8b8839755a415bbf0e529e9,true
"shared_exit_n3_n3_exit_comm_off_trial02_attempt01_diag_logs/goal_navigator_epuck2.log",9a7336cbb6db9e245169f7ef6256e4529d33a099bb965c5d9dcc1b02e92d1741,9a7336cbb6db9e245169f7ef6256e4529d33a099bb965c5d9dcc1b02e92d1741,true
"shared_exit_n3_n3_exit_comm_off_trial02_attempt01_diag_logs/goal_navigator_epuck3.log",780bf856ee5fd65ab152eef913ca4fa257a8b6239e99543ccdbcf202cf4c0ed7,780bf856ee5fd65ab152eef913ca4fa257a8b6239e99543ccdbcf202cf4c0ed7,true
"shared_exit_n3_n3_exit_comm_off_trial02_attempt01_diag_logs/monitor_verdict.json",75a9748f39845a7130a381f893583791c0af35ecdbb9ec12f5162a36e2cf5f8d,75a9748f39845a7130a381f893583791c0af35ecdbb9ec12f5162a36e2cf5f8d,true
"shared_exit_n3_n3_exit_comm_off_trial02_attempt01_diag_logs/simulation.log",1bf49f6a2f8f63693f533afd12dae4773ff88ecae4f868a93ee5e49094f29000,1bf49f6a2f8f63693f533afd12dae4773ff88ecae4f868a93ee5e49094f29000,true
"shared_exit_n3_n3_exit_comm_off_trial02_attempt01_diag_logs/state_epuck1.log",c67c4dae847b40a39a4476b964523207071452b6a417e466146dc56cad1583aa,c67c4dae847b40a39a4476b964523207071452b6a417e466146dc56cad1583aa,true
"shared_exit_n3_n3_exit_comm_off_trial02_attempt01_diag_logs/state_epuck2.log",80929954656125c29817661b9035ca60fd4bda584cd6ce8a12dcea4017dbdc6b,80929954656125c29817661b9035ca60fd4bda584cd6ce8a12dcea4017dbdc6b,true
"shared_exit_n3_n3_exit_comm_off_trial02_attempt01_diag_logs/state_epuck3.log",effe7e0d9b560d396afd3ce33cf1cf90ece6816f9e66917c2920e128a7e2d7c1,effe7e0d9b560d396afd3ce33cf1cf90ece6816f9e66917c2920e128a7e2d7c1,true
"shared_exit_n3_n3_exit_comm_off_trial02_attempt01_diag_logs/task_completion_monitor.log",f165c0b3664ed2bc5009a6b4e2ce2e9a28399d83ee409c1bf625a9d2b0c15de8,f165c0b3664ed2bc5009a6b4e2ce2e9a28399d83ee409c1bf625a9d2b0c15de8,true
"shared_exit_n3_n3_exit_comm_off_trial02_attempt01_diag_logs/trial_verdict.json",3247cd36207f1d077ce127339600d6b07b9967e693209b2733c8a5647a8fe21e,3247cd36207f1d077ce127339600d6b07b9967e693209b2733c8a5647a8fe21e,true
"shared_exit_n3_n3_exit_comm_off_trial03_attempt01/metadata.yaml",4f032250348b48250f4e4a241c84aea057a3cf68fa7f0c38d32188baf6b52bdc,4f032250348b48250f4e4a241c84aea057a3cf68fa7f0c38d32188baf6b52bdc,true
"shared_exit_n3_n3_exit_comm_off_trial03_attempt01/shared_exit_n3_n3_exit_comm_off_trial03_attempt01_0.db3",2477c07cd57287e4f7a1e52794c78c144a07d50b6d8908456d1260dec44480fe,2477c07cd57287e4f7a1e52794c78c144a07d50b6d8908456d1260dec44480fe,true
"shared_exit_n3_n3_exit_comm_off_trial03_attempt01_diag_logs/bag_record.log",4e1a150be5c8cdc3023a6ecc106215285a6ea7005bcac5deefc609ed5ec83c26,4e1a150be5c8cdc3023a6ecc106215285a6ea7005bcac5deefc609ed5ec83c26,true
"shared_exit_n3_n3_exit_comm_off_trial03_attempt01_diag_logs/controller.log",4b10000b2142b201b1ef45d4043d9827c2228590cf1ec4fe7c26d0d53377ecb5,4b10000b2142b201b1ef45d4043d9827c2228590cf1ec4fe7c26d0d53377ecb5,true
"shared_exit_n3_n3_exit_comm_off_trial03_attempt01_diag_logs/execution.log",8ffc0d72dcb7c43d610d9b303342bf81e0dfbbee089fd20ac045c93cbc963162,8ffc0d72dcb7c43d610d9b303342bf81e0dfbbee089fd20ac045c93cbc963162,true
"shared_exit_n3_n3_exit_comm_off_trial03_attempt01_diag_logs/frozen_params_canonical_copy.json",5058e93409e50d922672fb3351f7c467a71f89821f698ce106da4449fadabb80,5058e93409e50d922672fb3351f7c467a71f89821f698ce106da4449fadabb80,true
"shared_exit_n3_n3_exit_comm_off_trial03_attempt01_diag_logs/goal_navigator_epuck1.log",ca495b9ab1db05db65db5d7a96141c689024dd77eaf04666eaf429a5496993a1,ca495b9ab1db05db65db5d7a96141c689024dd77eaf04666eaf429a5496993a1,true
"shared_exit_n3_n3_exit_comm_off_trial03_attempt01_diag_logs/goal_navigator_epuck2.log",7391c1892d61a6f402aa30c0f39e3b6ad8f620358b57626e63f527aaec4feca3,7391c1892d61a6f402aa30c0f39e3b6ad8f620358b57626e63f527aaec4feca3,true
"shared_exit_n3_n3_exit_comm_off_trial03_attempt01_diag_logs/goal_navigator_epuck3.log",89a729920539a18fd253ba194ced414dbd0df50c1d2045ab65aa673fe52dde68,89a729920539a18fd253ba194ced414dbd0df50c1d2045ab65aa673fe52dde68,true
"shared_exit_n3_n3_exit_comm_off_trial03_attempt01_diag_logs/monitor_verdict.json",e14407844a07844ed4ad59e2d9955239e056833e87b816a6fada574a51cce989,e14407844a07844ed4ad59e2d9955239e056833e87b816a6fada574a51cce989,true
"shared_exit_n3_n3_exit_comm_off_trial03_attempt01_diag_logs/simulation.log",195eb5f47aa3a1b07e2ecb8ad85e27a9701db886793d2acf1863c62b530061e6,195eb5f47aa3a1b07e2ecb8ad85e27a9701db886793d2acf1863c62b530061e6,true
"shared_exit_n3_n3_exit_comm_off_trial03_attempt01_diag_logs/state_epuck1.log",9692da944d9a0a79b03b4fa756fd05b8275c82bc44172cea1247f91b8b6dd470,9692da944d9a0a79b03b4fa756fd05b8275c82bc44172cea1247f91b8b6dd470,true
"shared_exit_n3_n3_exit_comm_off_trial03_attempt01_diag_logs/state_epuck2.log",a36a01a38e6012f49b6096e28e8602d44475c9b739b8a5e1cde4e0315abb4261,a36a01a38e6012f49b6096e28e8602d44475c9b739b8a5e1cde4e0315abb4261,true
"shared_exit_n3_n3_exit_comm_off_trial03_attempt01_diag_logs/state_epuck3.log",1faf6ea14b387f46dc35826d9835852eaf32ddb83cbb914d2c62d153c23e871b,1faf6ea14b387f46dc35826d9835852eaf32ddb83cbb914d2c62d153c23e871b,true
"shared_exit_n3_n3_exit_comm_off_trial03_attempt01_diag_logs/task_completion_monitor.log",15069186f6558608c06e795ea03f08901f245253757538278519f5700a3e37ce,15069186f6558608c06e795ea03f08901f245253757538278519f5700a3e37ce,true
"shared_exit_n3_n3_exit_comm_off_trial03_attempt01_diag_logs/trial_verdict.json",e82af60f2f09cfd92fbcec3f6c42b3f65b04abd7a7e817b245b7d00fb3b0465d,e82af60f2f09cfd92fbcec3f6c42b3f65b04abd7a7e817b245b7d00fb3b0465d,true
"shared_exit_n3_n3_exit_comm_off_trial04_attempt03/metadata.yaml",ebf05b71e68284f958367d9d97aef2d8d1c2001b497ccc3b75d0fc199759d2f8,ebf05b71e68284f958367d9d97aef2d8d1c2001b497ccc3b75d0fc199759d2f8,true
"shared_exit_n3_n3_exit_comm_off_trial04_attempt03/shared_exit_n3_n3_exit_comm_off_trial04_attempt03_0.db3",dadb5b68205218b50bc4ea1386dd34019fbb11ee7a49dbd3a3fd065b507a46ea,dadb5b68205218b50bc4ea1386dd34019fbb11ee7a49dbd3a3fd065b507a46ea,true
"shared_exit_n3_n3_exit_comm_off_trial04_attempt03_diag_logs/bag_record.log",aa80a4abf5edcc219e9520e481fa609a46bad339839330a3e7b9ef347c7282ce,aa80a4abf5edcc219e9520e481fa609a46bad339839330a3e7b9ef347c7282ce,true
"shared_exit_n3_n3_exit_comm_off_trial04_attempt03_diag_logs/controller.log",0477429d965af0ac828e9ef7fd22705e51bd1ab4a23d850f2b378b4ad7c3a4e4,0477429d965af0ac828e9ef7fd22705e51bd1ab4a23d850f2b378b4ad7c3a4e4,true
"shared_exit_n3_n3_exit_comm_off_trial04_attempt03_diag_logs/execution.log",82401761a7f32f18adc37e35050fffe3abba94c70e97524eab2c9cc534e78992,82401761a7f32f18adc37e35050fffe3abba94c70e97524eab2c9cc534e78992,true
"shared_exit_n3_n3_exit_comm_off_trial04_attempt03_diag_logs/frozen_params_canonical_copy.json",5058e93409e50d922672fb3351f7c467a71f89821f698ce106da4449fadabb80,5058e93409e50d922672fb3351f7c467a71f89821f698ce106da4449fadabb80,true
"shared_exit_n3_n3_exit_comm_off_trial04_attempt03_diag_logs/goal_navigator_epuck1.log",88104635b10df122b6762d6792cbf1ab2b7f21c472039af1564a53280b85afc9,88104635b10df122b6762d6792cbf1ab2b7f21c472039af1564a53280b85afc9,true
"shared_exit_n3_n3_exit_comm_off_trial04_attempt03_diag_logs/goal_navigator_epuck2.log",2a4de0b49ca8ad5111e9a49b26a24247ee57228c22c6d5a734f157f344da7c07,2a4de0b49ca8ad5111e9a49b26a24247ee57228c22c6d5a734f157f344da7c07,true
"shared_exit_n3_n3_exit_comm_off_trial04_attempt03_diag_logs/goal_navigator_epuck3.log",b354114e9da280159cb4905b932129161b3558422e63fa921631b48aeab79c92,b354114e9da280159cb4905b932129161b3558422e63fa921631b48aeab79c92,true
"shared_exit_n3_n3_exit_comm_off_trial04_attempt03_diag_logs/monitor_verdict.json",1712ab2af923d2496ee6a4af6cfbea18c2389f2583cf5a56af61fd493cf4fac9,1712ab2af923d2496ee6a4af6cfbea18c2389f2583cf5a56af61fd493cf4fac9,true
"shared_exit_n3_n3_exit_comm_off_trial04_attempt03_diag_logs/simulation.log",d58aa6f885e231fce3b795b2b9aea9643254730f514e660e890b7a29c9121460,d58aa6f885e231fce3b795b2b9aea9643254730f514e660e890b7a29c9121460,true
"shared_exit_n3_n3_exit_comm_off_trial04_attempt03_diag_logs/state_epuck1.log",85623d8c1915f001dbaf0ab3dd0b34d0c1cc4f487e2712f23f7f7c999997c1da,85623d8c1915f001dbaf0ab3dd0b34d0c1cc4f487e2712f23f7f7c999997c1da,true
"shared_exit_n3_n3_exit_comm_off_trial04_attempt03_diag_logs/state_epuck2.log",28b396fe67576894a3fe60fa74a7a6686a610ee7f33704e836ab7b83eed317f2,28b396fe67576894a3fe60fa74a7a6686a610ee7f33704e836ab7b83eed317f2,true
"shared_exit_n3_n3_exit_comm_off_trial04_attempt03_diag_logs/state_epuck3.log",4ff7628a44465b9a391b16345f919268cfde9440be91882173fe2068e9e04295,4ff7628a44465b9a391b16345f919268cfde9440be91882173fe2068e9e04295,true
"shared_exit_n3_n3_exit_comm_off_trial04_attempt03_diag_logs/task_completion_monitor.log",829a6e86612c9ae9a65173afd4760ad7dfe0d7af9c08f0327b0a8ad55ea5c73e,829a6e86612c9ae9a65173afd4760ad7dfe0d7af9c08f0327b0a8ad55ea5c73e,true
"shared_exit_n3_n3_exit_comm_off_trial04_attempt03_diag_logs/trial_verdict.json",39bc9b08bee38da28be9655a3c3550f46507ce2fb35f46a9d0592cae6ee5b5c7,39bc9b08bee38da28be9655a3c3550f46507ce2fb35f46a9d0592cae6ee5b5c7,true
"shared_exit_n3_n3_exit_comm_off_trial05_attempt01/metadata.yaml",501bcaa2d4861912804f5d3b07edf6567158050b7f6d116cbd558c480a023eb0,501bcaa2d4861912804f5d3b07edf6567158050b7f6d116cbd558c480a023eb0,true
"shared_exit_n3_n3_exit_comm_off_trial05_attempt01/shared_exit_n3_n3_exit_comm_off_trial05_attempt01_0.db3",f4a0b303f771f3169d752271d7bda13699e6cc6e588127afb05a2c37cb0e68c5,f4a0b303f771f3169d752271d7bda13699e6cc6e588127afb05a2c37cb0e68c5,true
"shared_exit_n3_n3_exit_comm_off_trial05_attempt01_diag_logs/bag_record.log",796a0d8c3fcaee6dc32d7fec01246b319e65437819e8e920f35017cdca7e1327,796a0d8c3fcaee6dc32d7fec01246b319e65437819e8e920f35017cdca7e1327,true
"shared_exit_n3_n3_exit_comm_off_trial05_attempt01_diag_logs/controller.log",e1b9a9d474a90127d66e1e06125665c73be52cb9370ae3abecba731fde63c55e,e1b9a9d474a90127d66e1e06125665c73be52cb9370ae3abecba731fde63c55e,true
"shared_exit_n3_n3_exit_comm_off_trial05_attempt01_diag_logs/execution.log",abfd60fc3541818c7f4af3c524f81db81bb0704eaeb14e07f539a9f8435dc07c,abfd60fc3541818c7f4af3c524f81db81bb0704eaeb14e07f539a9f8435dc07c,true
"shared_exit_n3_n3_exit_comm_off_trial05_attempt01_diag_logs/frozen_params_canonical_copy.json",5058e93409e50d922672fb3351f7c467a71f89821f698ce106da4449fadabb80,5058e93409e50d922672fb3351f7c467a71f89821f698ce106da4449fadabb80,true
"shared_exit_n3_n3_exit_comm_off_trial05_attempt01_diag_logs/goal_navigator_epuck1.log",0f4d29df486194b51602d22d76834ec017ff9c2bd62272b4a45d8b8b5198b0cd,0f4d29df486194b51602d22d76834ec017ff9c2bd62272b4a45d8b8b5198b0cd,true
"shared_exit_n3_n3_exit_comm_off_trial05_attempt01_diag_logs/goal_navigator_epuck2.log",0701aa44483d75994e560d1843e1953f2a7193d2d08a10ecb82e01efa46e86bc,0701aa44483d75994e560d1843e1953f2a7193d2d08a10ecb82e01efa46e86bc,true
"shared_exit_n3_n3_exit_comm_off_trial05_attempt01_diag_logs/goal_navigator_epuck3.log",1bbebd5a4f6bb3fa7c76d7c0446175a178e6b4d2391410caa5133f14a645ae40,1bbebd5a4f6bb3fa7c76d7c0446175a178e6b4d2391410caa5133f14a645ae40,true
"shared_exit_n3_n3_exit_comm_off_trial05_attempt01_diag_logs/monitor_verdict.json",d0f77fed1808a7db2c5ace68b82b42be1d5a20a36d2edb4d0b187667cca43462,d0f77fed1808a7db2c5ace68b82b42be1d5a20a36d2edb4d0b187667cca43462,true
"shared_exit_n3_n3_exit_comm_off_trial05_attempt01_diag_logs/simulation.log",aade2c6cc8afdc8e903e9ad5ad67eb2462c586ad3696ac6d93d08f491a65baeb,aade2c6cc8afdc8e903e9ad5ad67eb2462c586ad3696ac6d93d08f491a65baeb,true
"shared_exit_n3_n3_exit_comm_off_trial05_attempt01_diag_logs/state_epuck1.log",b3f97687e6307ba65582c91a1112a33813813e9980397787418849508ab75c57,b3f97687e6307ba65582c91a1112a33813813e9980397787418849508ab75c57,true
"shared_exit_n3_n3_exit_comm_off_trial05_attempt01_diag_logs/state_epuck2.log",b7dfe811626015892cf50d46ee2d167dbeee09d370c1e72620bb43fdf821270b,b7dfe811626015892cf50d46ee2d167dbeee09d370c1e72620bb43fdf821270b,true
"shared_exit_n3_n3_exit_comm_off_trial05_attempt01_diag_logs/state_epuck3.log",622c5530fc4e37e565e4519cb7334065486e96dcfa498cacabf28cb9f632a280,622c5530fc4e37e565e4519cb7334065486e96dcfa498cacabf28cb9f632a280,true
"shared_exit_n3_n3_exit_comm_off_trial05_attempt01_diag_logs/task_completion_monitor.log",dd3764f40ffd52db445800ea5bf2da7b329cf757c5d96760c93f641f5b64990f,dd3764f40ffd52db445800ea5bf2da7b329cf757c5d96760c93f641f5b64990f,true
"shared_exit_n3_n3_exit_comm_off_trial05_attempt01_diag_logs/trial_verdict.json",a63bfec47d7b9089beadbde0b44c72d915a0580b6120ad82fd31f2c6b423ee70,a63bfec47d7b9089beadbde0b44c72d915a0580b6120ad82fd31f2c6b423ee70,true
"shared_exit_n3_n3_exit_comm_on_trial01_attempt02/metadata.yaml",609d5623d2b568ecb376692265c96ba88e952cc1787ad1b062d490723b22559a,609d5623d2b568ecb376692265c96ba88e952cc1787ad1b062d490723b22559a,true
"shared_exit_n3_n3_exit_comm_on_trial01_attempt02/shared_exit_n3_n3_exit_comm_on_trial01_attempt02_0.db3",451bd24dc26013610a3a819b3275cd2c4ea5c97627a097d4f13761c3834e7394,451bd24dc26013610a3a819b3275cd2c4ea5c97627a097d4f13761c3834e7394,true
"shared_exit_n3_n3_exit_comm_on_trial01_attempt02_diag_logs/bag_record.log",5dcd60b820a62026ee4500eaf6d7bc4f26f7b825356f9a60ae2dfeaaef0bdda9,5dcd60b820a62026ee4500eaf6d7bc4f26f7b825356f9a60ae2dfeaaef0bdda9,true
"shared_exit_n3_n3_exit_comm_on_trial01_attempt02_diag_logs/controller.log",5c77fa936d9129c595b77d4581183207b171d4270d1228af4ae5daeca467df0b,5c77fa936d9129c595b77d4581183207b171d4270d1228af4ae5daeca467df0b,true
"shared_exit_n3_n3_exit_comm_on_trial01_attempt02_diag_logs/execution.log",948873cfb420cf37764d7ef6499b3e96eb7d6152e9e688c4daa90ddb1ece69ca,948873cfb420cf37764d7ef6499b3e96eb7d6152e9e688c4daa90ddb1ece69ca,true
"shared_exit_n3_n3_exit_comm_on_trial01_attempt02_diag_logs/frozen_params_canonical_copy.json",5058e93409e50d922672fb3351f7c467a71f89821f698ce106da4449fadabb80,5058e93409e50d922672fb3351f7c467a71f89821f698ce106da4449fadabb80,true
"shared_exit_n3_n3_exit_comm_on_trial01_attempt02_diag_logs/goal_navigator_epuck1.log",5f9dd9173b6e79175007230ba7fa5bc6d8643d93333ecf329e0dfa40e08cfa6d,5f9dd9173b6e79175007230ba7fa5bc6d8643d93333ecf329e0dfa40e08cfa6d,true
"shared_exit_n3_n3_exit_comm_on_trial01_attempt02_diag_logs/goal_navigator_epuck2.log",a6380e0675d32ea1494a1e9e8e0e9cf05d49a9620a3585338229f18ebd98c7fa,a6380e0675d32ea1494a1e9e8e0e9cf05d49a9620a3585338229f18ebd98c7fa,true
"shared_exit_n3_n3_exit_comm_on_trial01_attempt02_diag_logs/goal_navigator_epuck3.log",b31b4a5916a41c77e96d5d2628fd43362a3f9409a28effed568f075c391fbd3b,b31b4a5916a41c77e96d5d2628fd43362a3f9409a28effed568f075c391fbd3b,true
"shared_exit_n3_n3_exit_comm_on_trial01_attempt02_diag_logs/monitor_verdict.json",1290221eab210e00d9dd707c42deb8c85a81ead11342fc9699c16727170d9478,1290221eab210e00d9dd707c42deb8c85a81ead11342fc9699c16727170d9478,true
"shared_exit_n3_n3_exit_comm_on_trial01_attempt02_diag_logs/selector_epuck1.log",276f203f1f2059ce918ee4590aa24fc3d0620c6620c9707f85e8ed4a43c69af1,276f203f1f2059ce918ee4590aa24fc3d0620c6620c9707f85e8ed4a43c69af1,true
"shared_exit_n3_n3_exit_comm_on_trial01_attempt02_diag_logs/selector_epuck2.log",9ab2d62f413e4c35dc4f7f6ce0ebc990352fa8342096af5e724aa39375a6e931,9ab2d62f413e4c35dc4f7f6ce0ebc990352fa8342096af5e724aa39375a6e931,true
"shared_exit_n3_n3_exit_comm_on_trial01_attempt02_diag_logs/selector_epuck3.log",13a66060b968ff31df20927542a5a1442f280d2038a7742eaf702a6abcc74b10,13a66060b968ff31df20927542a5a1442f280d2038a7742eaf702a6abcc74b10,true
"shared_exit_n3_n3_exit_comm_on_trial01_attempt02_diag_logs/simulation.log",f67e594fc2d13bf8817b5ec0506a1e48d487a6a0388e1c5da1e2e8a8fe491793,f67e594fc2d13bf8817b5ec0506a1e48d487a6a0388e1c5da1e2e8a8fe491793,true
"shared_exit_n3_n3_exit_comm_on_trial01_attempt02_diag_logs/state_epuck1.log",44cbeb019114a294e8c159d50b9af6d5f043df8d2e2f8e426059768d184fffd9,44cbeb019114a294e8c159d50b9af6d5f043df8d2e2f8e426059768d184fffd9,true
"shared_exit_n3_n3_exit_comm_on_trial01_attempt02_diag_logs/state_epuck2.log",4f6ca6f20a2328e9e00f1020f6a4e18911f54a96cd9e7a78c69c399346a94189,4f6ca6f20a2328e9e00f1020f6a4e18911f54a96cd9e7a78c69c399346a94189,true
"shared_exit_n3_n3_exit_comm_on_trial01_attempt02_diag_logs/state_epuck3.log",6536923946630e3459f512a7ddf41bdcf41503afa399b944cc9a325956e18bb0,6536923946630e3459f512a7ddf41bdcf41503afa399b944cc9a325956e18bb0,true
"shared_exit_n3_n3_exit_comm_on_trial01_attempt02_diag_logs/task_completion_monitor.log",b4575fbeb1a5cfe1ceccb75c96b89b45c45285de628a43718f69b05054f31cb4,b4575fbeb1a5cfe1ceccb75c96b89b45c45285de628a43718f69b05054f31cb4,true
"shared_exit_n3_n3_exit_comm_on_trial01_attempt02_diag_logs/trial_verdict.json",3629af1d6a5f998a2d846a6fd4647f1bb18137af2306f6135a7f4e6c1aef18c3,3629af1d6a5f998a2d846a6fd4647f1bb18137af2306f6135a7f4e6c1aef18c3,true
"shared_exit_n3_n3_exit_comm_on_trial02_attempt01/metadata.yaml",2701471a653c6dee0ee4c2430f5486f8c7d6d1b1676550030d927289351c9b35,2701471a653c6dee0ee4c2430f5486f8c7d6d1b1676550030d927289351c9b35,true
"shared_exit_n3_n3_exit_comm_on_trial02_attempt01/shared_exit_n3_n3_exit_comm_on_trial02_attempt01_0.db3",92ee68a34502f59277ce55b68215252295a39fdcf2aa1ffab9b94c1d36e68b96,92ee68a34502f59277ce55b68215252295a39fdcf2aa1ffab9b94c1d36e68b96,true
"shared_exit_n3_n3_exit_comm_on_trial02_attempt01_diag_logs/bag_record.log",9405deb2103447ce902ad1a3fc6827f68a298a907a297602cfc470deafdcf9b7,9405deb2103447ce902ad1a3fc6827f68a298a907a297602cfc470deafdcf9b7,true
"shared_exit_n3_n3_exit_comm_on_trial02_attempt01_diag_logs/controller.log",0c725221fd20ff4535c25ea66c3dc9aedd6ee38d91f344407b27a711da957b7b,0c725221fd20ff4535c25ea66c3dc9aedd6ee38d91f344407b27a711da957b7b,true
"shared_exit_n3_n3_exit_comm_on_trial02_attempt01_diag_logs/execution.log",807fec701ce3f1211b47f3f2c64669a1dca0fbd9a62c2d1a98d0388f92e3f11a,807fec701ce3f1211b47f3f2c64669a1dca0fbd9a62c2d1a98d0388f92e3f11a,true
"shared_exit_n3_n3_exit_comm_on_trial02_attempt01_diag_logs/frozen_params_canonical_copy.json",5058e93409e50d922672fb3351f7c467a71f89821f698ce106da4449fadabb80,5058e93409e50d922672fb3351f7c467a71f89821f698ce106da4449fadabb80,true
"shared_exit_n3_n3_exit_comm_on_trial02_attempt01_diag_logs/goal_navigator_epuck1.log",60c8705d6046130507496d447d14a69f30d437d11edf68f12b2d9efd8cb282bf,60c8705d6046130507496d447d14a69f30d437d11edf68f12b2d9efd8cb282bf,true
"shared_exit_n3_n3_exit_comm_on_trial02_attempt01_diag_logs/goal_navigator_epuck2.log",56df56f240aecef7ca7598eb81cc7d2d8feb62726457c360f64d34f6a3e954f4,56df56f240aecef7ca7598eb81cc7d2d8feb62726457c360f64d34f6a3e954f4,true
"shared_exit_n3_n3_exit_comm_on_trial02_attempt01_diag_logs/goal_navigator_epuck3.log",58ba0184eb2828428474a5614f8e03931c8fbd83c3277173f594bdc170ca941d,58ba0184eb2828428474a5614f8e03931c8fbd83c3277173f594bdc170ca941d,true
"shared_exit_n3_n3_exit_comm_on_trial02_attempt01_diag_logs/monitor_verdict.json",7e113d088efb1991f3ddd119b034e6c10650c33e2e6558d08afa329261bcd9e9,7e113d088efb1991f3ddd119b034e6c10650c33e2e6558d08afa329261bcd9e9,true
"shared_exit_n3_n3_exit_comm_on_trial02_attempt01_diag_logs/selector_epuck1.log",267214a82d96703c7cb09af3fa19ba1a0621846a29d439bbb55deaf2452c539b,267214a82d96703c7cb09af3fa19ba1a0621846a29d439bbb55deaf2452c539b,true
"shared_exit_n3_n3_exit_comm_on_trial02_attempt01_diag_logs/selector_epuck2.log",1204bcfc21f5c6e22837ac508b6089efbf6e1952c3103460aa85891d7fd31dd9,1204bcfc21f5c6e22837ac508b6089efbf6e1952c3103460aa85891d7fd31dd9,true
"shared_exit_n3_n3_exit_comm_on_trial02_attempt01_diag_logs/selector_epuck3.log",3d97085ec68b10a81656e14f3f0d6d15e716ea54d0aed4bc511e0c13abfeb8bf,3d97085ec68b10a81656e14f3f0d6d15e716ea54d0aed4bc511e0c13abfeb8bf,true
"shared_exit_n3_n3_exit_comm_on_trial02_attempt01_diag_logs/simulation.log",31b68d4339eeba3f23b51217ef42466ae6426df587108e283ce840bfb8da9652,31b68d4339eeba3f23b51217ef42466ae6426df587108e283ce840bfb8da9652,true
"shared_exit_n3_n3_exit_comm_on_trial02_attempt01_diag_logs/state_epuck1.log",dcb9bb04caa204df40c6b1e520219b0a52c72ac8b009298104eb6a46f4e5f6b0,dcb9bb04caa204df40c6b1e520219b0a52c72ac8b009298104eb6a46f4e5f6b0,true
"shared_exit_n3_n3_exit_comm_on_trial02_attempt01_diag_logs/state_epuck2.log",1bbc8659b09062341b288264b1bcdeb889ea196bb22b35a9519e1deeb85c2877,1bbc8659b09062341b288264b1bcdeb889ea196bb22b35a9519e1deeb85c2877,true
"shared_exit_n3_n3_exit_comm_on_trial02_attempt01_diag_logs/state_epuck3.log",4225e79c3e29f1b889cc006b05cc2017bf94aaceabc06bf1f5ae9a730d7fb80f,4225e79c3e29f1b889cc006b05cc2017bf94aaceabc06bf1f5ae9a730d7fb80f,true
"shared_exit_n3_n3_exit_comm_on_trial02_attempt01_diag_logs/task_completion_monitor.log",5def39b1225623aee6d5295650ad0049dedfe0b29d0a0713b267e55c91a21734,5def39b1225623aee6d5295650ad0049dedfe0b29d0a0713b267e55c91a21734,true
"shared_exit_n3_n3_exit_comm_on_trial02_attempt01_diag_logs/trial_verdict.json",e26cf218f84d528b4983d7caba0b0c032f2a6bde29de42f6da409a40316af1b2,e26cf218f84d528b4983d7caba0b0c032f2a6bde29de42f6da409a40316af1b2,true
"shared_exit_n3_n3_exit_comm_on_trial03_attempt01/metadata.yaml",4db12aba0f4c67dd814ff73314bd79f5d38300daeb5a93c818103553fd632285,4db12aba0f4c67dd814ff73314bd79f5d38300daeb5a93c818103553fd632285,true
"shared_exit_n3_n3_exit_comm_on_trial03_attempt01/shared_exit_n3_n3_exit_comm_on_trial03_attempt01_0.db3",f9a369870338b2583ef51e4e3ad5a9cea7a496d49765ea4b3cc453aa69e39de6,f9a369870338b2583ef51e4e3ad5a9cea7a496d49765ea4b3cc453aa69e39de6,true
"shared_exit_n3_n3_exit_comm_on_trial03_attempt01_diag_logs/bag_record.log",2ed6697897658619b082bd20366ad409f1ddaede33cbc4b6633457f7c51e08e6,2ed6697897658619b082bd20366ad409f1ddaede33cbc4b6633457f7c51e08e6,true
"shared_exit_n3_n3_exit_comm_on_trial03_attempt01_diag_logs/controller.log",6ce1cc5e67f318faa8908dd34410737f5dc742b8708614e063ed433e874c1d47,6ce1cc5e67f318faa8908dd34410737f5dc742b8708614e063ed433e874c1d47,true
"shared_exit_n3_n3_exit_comm_on_trial03_attempt01_diag_logs/execution.log",c8e9bb3ff7e359e3e0dee480739e94867d965cc9127bcb021b9996e604005494,c8e9bb3ff7e359e3e0dee480739e94867d965cc9127bcb021b9996e604005494,true
"shared_exit_n3_n3_exit_comm_on_trial03_attempt01_diag_logs/frozen_params_canonical_copy.json",5058e93409e50d922672fb3351f7c467a71f89821f698ce106da4449fadabb80,5058e93409e50d922672fb3351f7c467a71f89821f698ce106da4449fadabb80,true
"shared_exit_n3_n3_exit_comm_on_trial03_attempt01_diag_logs/goal_navigator_epuck1.log",87fe57f02261e3cea6dbc162649516e8d4a9dd51cbb7d3c4d8a24688a69fbf9c,87fe57f02261e3cea6dbc162649516e8d4a9dd51cbb7d3c4d8a24688a69fbf9c,true
"shared_exit_n3_n3_exit_comm_on_trial03_attempt01_diag_logs/goal_navigator_epuck2.log",f061fb4443c5e435672070d3b1dd838b870af7820c3150fcab55914ba06eb13b,f061fb4443c5e435672070d3b1dd838b870af7820c3150fcab55914ba06eb13b,true
"shared_exit_n3_n3_exit_comm_on_trial03_attempt01_diag_logs/goal_navigator_epuck3.log",3b507fc5a21bd39cb36cdcf0301bf04b4b247142a55fcc91a4ac92d0b9a37dc5,3b507fc5a21bd39cb36cdcf0301bf04b4b247142a55fcc91a4ac92d0b9a37dc5,true
"shared_exit_n3_n3_exit_comm_on_trial03_attempt01_diag_logs/monitor_verdict.json",de43c1f5bdd80acfb22a5002fe5b1cde494d62658aa375b05455376eb6ca0989,de43c1f5bdd80acfb22a5002fe5b1cde494d62658aa375b05455376eb6ca0989,true
"shared_exit_n3_n3_exit_comm_on_trial03_attempt01_diag_logs/selector_epuck1.log",904c7bb28ff4ed359406bbc592ce03a0329281e7049475780f297ff730bc50d0,904c7bb28ff4ed359406bbc592ce03a0329281e7049475780f297ff730bc50d0,true
"shared_exit_n3_n3_exit_comm_on_trial03_attempt01_diag_logs/selector_epuck2.log",f21da166dc1f3ecac276741c7b7e122e6b796620eb355f8651186f15538f1fb2,f21da166dc1f3ecac276741c7b7e122e6b796620eb355f8651186f15538f1fb2,true
"shared_exit_n3_n3_exit_comm_on_trial03_attempt01_diag_logs/selector_epuck3.log",80e1b9407103e9e626c2bea0d71aa7d8709d9b45f8f769fa97eac781f6eb8218,80e1b9407103e9e626c2bea0d71aa7d8709d9b45f8f769fa97eac781f6eb8218,true
"shared_exit_n3_n3_exit_comm_on_trial03_attempt01_diag_logs/simulation.log",0d8728e5c6eb28a5353e728e6a3e697f3cf9a21a53614ff3c43f65cd1f24dd70,0d8728e5c6eb28a5353e728e6a3e697f3cf9a21a53614ff3c43f65cd1f24dd70,true
"shared_exit_n3_n3_exit_comm_on_trial03_attempt01_diag_logs/state_epuck1.log",a76cb5e05c5022b0f2910f34a290716f8e8ce97ba20a5d599e50d28b00bf8f49,a76cb5e05c5022b0f2910f34a290716f8e8ce97ba20a5d599e50d28b00bf8f49,true
"shared_exit_n3_n3_exit_comm_on_trial03_attempt01_diag_logs/state_epuck2.log",cec6a0f82d90d9ae06e265ce539bc498169c88e4ec53abc9b0d23d3ddfbb5cbe,cec6a0f82d90d9ae06e265ce539bc498169c88e4ec53abc9b0d23d3ddfbb5cbe,true
"shared_exit_n3_n3_exit_comm_on_trial03_attempt01_diag_logs/state_epuck3.log",82aaab37002db7a91297e3edaea19919756308c6af031fe956b9baad65d7e523,82aaab37002db7a91297e3edaea19919756308c6af031fe956b9baad65d7e523,true
"shared_exit_n3_n3_exit_comm_on_trial03_attempt01_diag_logs/task_completion_monitor.log",32c0be8d7ec18b896488518a12d237090ea530ed0f6a372394570dcdf499976e,32c0be8d7ec18b896488518a12d237090ea530ed0f6a372394570dcdf499976e,true
"shared_exit_n3_n3_exit_comm_on_trial03_attempt01_diag_logs/trial_verdict.json",54cf181ace1f4f3203000a3cf7cf887171ca9cba3a1f463655091252c5dd587e,54cf181ace1f4f3203000a3cf7cf887171ca9cba3a1f463655091252c5dd587e,true
"shared_exit_n3_n3_exit_comm_on_trial04_attempt03/metadata.yaml",bf360d5d6969bdbc533c893db055f9c9a83242b169dc4aff15b2db27ce63831d,bf360d5d6969bdbc533c893db055f9c9a83242b169dc4aff15b2db27ce63831d,true
"shared_exit_n3_n3_exit_comm_on_trial04_attempt03/shared_exit_n3_n3_exit_comm_on_trial04_attempt03_0.db3",f96e9a7cfb8c55dbe8b7d972795b86377f9829e59978b7cd8790b96069b565f7,f96e9a7cfb8c55dbe8b7d972795b86377f9829e59978b7cd8790b96069b565f7,true
"shared_exit_n3_n3_exit_comm_on_trial04_attempt03_diag_logs/bag_record.log",a4dc268851356bd5f423f204f4c2c35a464d17b8985b59e51893c85c08bb0b52,a4dc268851356bd5f423f204f4c2c35a464d17b8985b59e51893c85c08bb0b52,true
"shared_exit_n3_n3_exit_comm_on_trial04_attempt03_diag_logs/controller.log",d675bd8c50c4c7787773c3a85cc564d17fb15e085bdc57f13c1a8bc2a5e3eaf1,d675bd8c50c4c7787773c3a85cc564d17fb15e085bdc57f13c1a8bc2a5e3eaf1,true
"shared_exit_n3_n3_exit_comm_on_trial04_attempt03_diag_logs/execution.log",a1a9ddff784cd36f1f071402f7769b51d6c06dbc5ba4ec5bb6d1d62034e23add,a1a9ddff784cd36f1f071402f7769b51d6c06dbc5ba4ec5bb6d1d62034e23add,true
"shared_exit_n3_n3_exit_comm_on_trial04_attempt03_diag_logs/frozen_params_canonical_copy.json",5058e93409e50d922672fb3351f7c467a71f89821f698ce106da4449fadabb80,5058e93409e50d922672fb3351f7c467a71f89821f698ce106da4449fadabb80,true
"shared_exit_n3_n3_exit_comm_on_trial04_attempt03_diag_logs/goal_navigator_epuck1.log",7aea3d3696c91215d2fec52383757a8c7d63a3128be1dec047064a4bc0f85770,7aea3d3696c91215d2fec52383757a8c7d63a3128be1dec047064a4bc0f85770,true
"shared_exit_n3_n3_exit_comm_on_trial04_attempt03_diag_logs/goal_navigator_epuck2.log",5c9bdcbc4b6c9fad0908a8e5a332c26c637d432f9ae991f755aef5adc0a83558,5c9bdcbc4b6c9fad0908a8e5a332c26c637d432f9ae991f755aef5adc0a83558,true
"shared_exit_n3_n3_exit_comm_on_trial04_attempt03_diag_logs/goal_navigator_epuck3.log",2aeeaf3f9590080049b0f76325dbd2e9377c3025a200d399fa8125473e6367fc,2aeeaf3f9590080049b0f76325dbd2e9377c3025a200d399fa8125473e6367fc,true
"shared_exit_n3_n3_exit_comm_on_trial04_attempt03_diag_logs/monitor_verdict.json",2553a70ebf5db97e32577a6484d6c8940160cdb990d06c6273d3a1c640ad0a3e,2553a70ebf5db97e32577a6484d6c8940160cdb990d06c6273d3a1c640ad0a3e,true
"shared_exit_n3_n3_exit_comm_on_trial04_attempt03_diag_logs/selector_epuck1.log",9bb6be7d68152b5c1d9043d2bf491c79c8d82392ef5f1f4b0ee73ef0ae82c38f,9bb6be7d68152b5c1d9043d2bf491c79c8d82392ef5f1f4b0ee73ef0ae82c38f,true
"shared_exit_n3_n3_exit_comm_on_trial04_attempt03_diag_logs/selector_epuck2.log",5a53b2609203cc1ae23e77f00ceab2c7ad0efd2507167e4f26b7432a4d662523,5a53b2609203cc1ae23e77f00ceab2c7ad0efd2507167e4f26b7432a4d662523,true
"shared_exit_n3_n3_exit_comm_on_trial04_attempt03_diag_logs/selector_epuck3.log",995ccdbf8bfca013224970bd78483273a9b89457fb2ed81b742344166b00cd6e,995ccdbf8bfca013224970bd78483273a9b89457fb2ed81b742344166b00cd6e,true
"shared_exit_n3_n3_exit_comm_on_trial04_attempt03_diag_logs/simulation.log",92c44a951cd653668bab8077a79e2d579875037578cdaed3dd8d0347a34e5d8d,92c44a951cd653668bab8077a79e2d579875037578cdaed3dd8d0347a34e5d8d,true
"shared_exit_n3_n3_exit_comm_on_trial04_attempt03_diag_logs/state_epuck1.log",39f3e3e792bb6361262c78bf8be8733ca1d6e3744cdd359fd31d7c4fcdfb8456,39f3e3e792bb6361262c78bf8be8733ca1d6e3744cdd359fd31d7c4fcdfb8456,true
"shared_exit_n3_n3_exit_comm_on_trial04_attempt03_diag_logs/state_epuck2.log",8f8f8b527c303d713337949608a2e952445d5b640b016e34f68176d471b65dd9,8f8f8b527c303d713337949608a2e952445d5b640b016e34f68176d471b65dd9,true
"shared_exit_n3_n3_exit_comm_on_trial04_attempt03_diag_logs/state_epuck3.log",4e076c7b7e7216005e9c4269bb7ddcd16f6e945e18bc07d25d18fb17861750c6,4e076c7b7e7216005e9c4269bb7ddcd16f6e945e18bc07d25d18fb17861750c6,true
"shared_exit_n3_n3_exit_comm_on_trial04_attempt03_diag_logs/task_completion_monitor.log",af36a8f09f1de466b5c61afcb8b984dea36c1259f4e28589497195cba5756005,af36a8f09f1de466b5c61afcb8b984dea36c1259f4e28589497195cba5756005,true
"shared_exit_n3_n3_exit_comm_on_trial04_attempt03_diag_logs/trial_verdict.json",9bb153f24938341a9bf6fa90ca510098cee902412dc3ff48107b753ab8b210c3,9bb153f24938341a9bf6fa90ca510098cee902412dc3ff48107b753ab8b210c3,true
"shared_exit_n3_n3_exit_comm_on_trial05_attempt01/metadata.yaml",c696b69d7486360d91aa4bb0a9a06798ca32fe1ea3ed44c8f8dc409d24f2a2a3,c696b69d7486360d91aa4bb0a9a06798ca32fe1ea3ed44c8f8dc409d24f2a2a3,true
"shared_exit_n3_n3_exit_comm_on_trial05_attempt01/shared_exit_n3_n3_exit_comm_on_trial05_attempt01_0.db3",218b8de8e1ee90e8358c61c033799bc25bd3b28a9c06f5cc97b33ef8253ae9e6,218b8de8e1ee90e8358c61c033799bc25bd3b28a9c06f5cc97b33ef8253ae9e6,true
"shared_exit_n3_n3_exit_comm_on_trial05_attempt01_diag_logs/bag_record.log",bff07652a5fd52148709441f4099c008920665a26bbd36c5ab5d22eb86246fe9,bff07652a5fd52148709441f4099c008920665a26bbd36c5ab5d22eb86246fe9,true
"shared_exit_n3_n3_exit_comm_on_trial05_attempt01_diag_logs/controller.log",97bbf19d6db7c7914993c50fa9593a8bc5c98e749afdf6620dc903028f3a2a50,97bbf19d6db7c7914993c50fa9593a8bc5c98e749afdf6620dc903028f3a2a50,true
"shared_exit_n3_n3_exit_comm_on_trial05_attempt01_diag_logs/execution.log",d898b9f63ed7dc1037b4518a70d39f7ecafeea3a9df5f9af8940642d9bad3d4c,d898b9f63ed7dc1037b4518a70d39f7ecafeea3a9df5f9af8940642d9bad3d4c,true
"shared_exit_n3_n3_exit_comm_on_trial05_attempt01_diag_logs/frozen_params_canonical_copy.json",5058e93409e50d922672fb3351f7c467a71f89821f698ce106da4449fadabb80,5058e93409e50d922672fb3351f7c467a71f89821f698ce106da4449fadabb80,true
"shared_exit_n3_n3_exit_comm_on_trial05_attempt01_diag_logs/goal_navigator_epuck1.log",d452778991c865d8c90a06e95511995ddaddc0cf6c0f75ef863ca6d2ddb2b7d8,d452778991c865d8c90a06e95511995ddaddc0cf6c0f75ef863ca6d2ddb2b7d8,true
"shared_exit_n3_n3_exit_comm_on_trial05_attempt01_diag_logs/goal_navigator_epuck2.log",631f7d1af3b42275a4823499ae2bf07e75a808b2de08a7d3882f778493b98843,631f7d1af3b42275a4823499ae2bf07e75a808b2de08a7d3882f778493b98843,true
"shared_exit_n3_n3_exit_comm_on_trial05_attempt01_diag_logs/goal_navigator_epuck3.log",987544abc8841d6328ef043ba80a5f3d95843c827608072040a9074c7656c85e,987544abc8841d6328ef043ba80a5f3d95843c827608072040a9074c7656c85e,true
"shared_exit_n3_n3_exit_comm_on_trial05_attempt01_diag_logs/monitor_verdict.json",0e448a0148aefa15d0cb06fe34ad92141a8451650a38d856ac6219bb0a1e01c9,0e448a0148aefa15d0cb06fe34ad92141a8451650a38d856ac6219bb0a1e01c9,true
"shared_exit_n3_n3_exit_comm_on_trial05_attempt01_diag_logs/selector_epuck1.log",0585d55b6fe889eddfc9402f3cda3780e971b61921a47f41fd9fb008e3fef70b,0585d55b6fe889eddfc9402f3cda3780e971b61921a47f41fd9fb008e3fef70b,true
"shared_exit_n3_n3_exit_comm_on_trial05_attempt01_diag_logs/selector_epuck2.log",7c30bc8215da44107f40a5159e69bb598755bac0317406c3ded5caa10bb47a2c,7c30bc8215da44107f40a5159e69bb598755bac0317406c3ded5caa10bb47a2c,true
"shared_exit_n3_n3_exit_comm_on_trial05_attempt01_diag_logs/selector_epuck3.log",f8d1d062fc0f9ec2313409080f51e4ea67d490760261dd896b2167c6eb77b564,f8d1d062fc0f9ec2313409080f51e4ea67d490760261dd896b2167c6eb77b564,true
"shared_exit_n3_n3_exit_comm_on_trial05_attempt01_diag_logs/simulation.log",c27219787d13b09c418fde2373b5a07b85decd6278b6c59c047d22e2d19630bc,c27219787d13b09c418fde2373b5a07b85decd6278b6c59c047d22e2d19630bc,true
"shared_exit_n3_n3_exit_comm_on_trial05_attempt01_diag_logs/state_epuck1.log",ecdb183d50880f5cafef5edee944fbf4a9553571fb245c6010a3f60c868de7c5,ecdb183d50880f5cafef5edee944fbf4a9553571fb245c6010a3f60c868de7c5,true
"shared_exit_n3_n3_exit_comm_on_trial05_attempt01_diag_logs/state_epuck2.log",fcafb718574499e30d3b0fb1cec5b77f4184cd81d7383ae9e7e09e6ee127d4eb,fcafb718574499e30d3b0fb1cec5b77f4184cd81d7383ae9e7e09e6ee127d4eb,true
"shared_exit_n3_n3_exit_comm_on_trial05_attempt01_diag_logs/state_epuck3.log",de8e4ece0d25ae72f56feac76c1ec1b41534be6dc7bcbc54da3524d8419c4431,de8e4ece0d25ae72f56feac76c1ec1b41534be6dc7bcbc54da3524d8419c4431,true
"shared_exit_n3_n3_exit_comm_on_trial05_attempt01_diag_logs/task_completion_monitor.log",c8be1644e7670e36b529fbb84499c7c16356b044286491bed95306de9caf1294,c8be1644e7670e36b529fbb84499c7c16356b044286491bed95306de9caf1294,true
"shared_exit_n3_n3_exit_comm_on_trial05_attempt01_diag_logs/trial_verdict.json",66aa493f362073ca76c9e369820738541921c9221615c5e7bf7f3f6a1ef2d63e,66aa493f362073ca76c9e369820738541921c9221615c5e7bf7f3f6a1ef2d63e,true
