trial_index,relative_path,source_sha256,windows_sha256,match
1,objective5_impairment_matrix_v1_condition_G_trial01_attempt01/metadata.yaml,5352cbb9087b872e5f7f8dc366cec29f34b9642b7111c3f341859cb55fb8f77e,5352cbb9087b872e5f7f8dc366cec29f34b9642b7111c3f341859cb55fb8f77e,True
1,objective5_impairment_matrix_v1_condition_G_trial01_attempt01/objective5_impairment_matrix_v1_condition_G_trial01_attempt01_0.db3,86f450a4044e5e6cb682d360cfa32a0403cd31feb8db47a6cb801f0382a4449b,86f450a4044e5e6cb682d360cfa32a0403cd31feb8db47a6cb801f0382a4449b,True
1,objective5_impairment_matrix_v1_condition_G_trial01_attempt01_diag_logs/bag_record.log,0125e5c8dc502924f5f842ae0f63601b1bbabf047bebbeb5a611f15311b87af8,0125e5c8dc502924f5f842ae0f63601b1bbabf047bebbeb5a611f15311b87af8,True
1,objective5_impairment_matrix_v1_condition_G_trial01_attempt01_diag_logs/controller.log,9e77c663243e1cf1a29a36a864ce8e3572d628ba075952f15bae64d22139205f,9e77c663243e1cf1a29a36a864ce8e3572d628ba075952f15bae64d22139205f,True
1,objective5_impairment_matrix_v1_condition_G_trial01_attempt01_diag_logs/epuck1_counter.json,055aa338ef1f887e337e8dbbc780385eda83f0a24071924bb337671941a64bc3,055aa338ef1f887e337e8dbbc780385eda83f0a24071924bb337671941a64bc3,True
1,objective5_impairment_matrix_v1_condition_G_trial01_attempt01_diag_logs/epuck1_relay.csv,11c4f94afed4fc297406179af9e90600a59d180955dfbc35ded1d045001b9872,11c4f94afed4fc297406179af9e90600a59d180955dfbc35ded1d045001b9872,True
1,objective5_impairment_matrix_v1_condition_G_trial01_attempt01_diag_logs/epuck2_counter.json,5280d49db6f152872f3851293128faee12617f61353964158f24c75fedf26543,5280d49db6f152872f3851293128faee12617f61353964158f24c75fedf26543,True
1,objective5_impairment_matrix_v1_condition_G_trial01_attempt01_diag_logs/epuck2_relay.csv,143bd1012cad233087b8d52a44595dd44fc43f22b5815f416b6c4c7f331eac2d,143bd1012cad233087b8d52a44595dd44fc43f22b5815f416b6c4c7f331eac2d,True
1,objective5_impairment_matrix_v1_condition_G_trial01_attempt01_diag_logs/execution.log,bf2005f32a836f9ce621696fd74728beaab7b8296174d7a41142caf0ea406766,bf2005f32a836f9ce621696fd74728beaab7b8296174d7a41142caf0ea406766,True
1,objective5_impairment_matrix_v1_condition_G_trial01_attempt01_diag_logs/frozen_params.json,1ee5d82d0f74bd906983c9777375971b1628bb80ca7670cb226cafc2ca24ce87,1ee5d82d0f74bd906983c9777375971b1628bb80ca7670cb226cafc2ca24ce87,True
1,objective5_impairment_matrix_v1_condition_G_trial01_attempt01_diag_logs/relay_counter.log,dcbd88af055bef4a62c9fdb9b0c6049655827a401983ce4ce89e357ef4a436d3,dcbd88af055bef4a62c9fdb9b0c6049655827a401983ce4ce89e357ef4a436d3,True
1,objective5_impairment_matrix_v1_condition_G_trial01_attempt01_diag_logs/simulation.log,149ff88d61b83227b301b08cd62d36a92a0707d88581e9f91025386138782e53,149ff88d61b83227b301b08cd62d36a92a0707d88581e9f91025386138782e53,True
1,objective5_impairment_matrix_v1_condition_G_trial01_attempt01_diag_logs/state_epuck1.log,8bf4b6bdf4d05e63a157119d18f7ea4b86325b727f6603b198498328fd726358,8bf4b6bdf4d05e63a157119d18f7ea4b86325b727f6603b198498328fd726358,True
1,objective5_impairment_matrix_v1_condition_G_trial01_attempt01_diag_logs/state_epuck2.log,46769791ab69ab21c57e25f6d0d26854144103f37d3701009560ec83d4e27dfa,46769791ab69ab21c57e25f6d0d26854144103f37d3701009560ec83d4e27dfa,True
2,objective5_impairment_matrix_v1_condition_G_trial02_attempt01/metadata.yaml,438f0f3b5b8ef732f8adfe04f9d7ea67be7dcb92068c851c42231558a75bf636,438f0f3b5b8ef732f8adfe04f9d7ea67be7dcb92068c851c42231558a75bf636,True
2,objective5_impairment_matrix_v1_condition_G_trial02_attempt01/objective5_impairment_matrix_v1_condition_G_trial02_attempt01_0.db3,b7ac774a6de9ae7cd3b42024db601e5e896e76e077cd572f6aabbedd7da27f21,b7ac774a6de9ae7cd3b42024db601e5e896e76e077cd572f6aabbedd7da27f21,True
2,objective5_impairment_matrix_v1_condition_G_trial02_attempt01_diag_logs/bag_record.log,2853e8267ffce0b659cf344b0943b799898e209bbdecb88c88bb28c9c97cefe1,2853e8267ffce0b659cf344b0943b799898e209bbdecb88c88bb28c9c97cefe1,True
2,objective5_impairment_matrix_v1_condition_G_trial02_attempt01_diag_logs/controller.log,ee92b2bc8cb74fefafbf2474f461e8e97cc4d3414f9984c922b266729c971362,ee92b2bc8cb74fefafbf2474f461e8e97cc4d3414f9984c922b266729c971362,True
2,objective5_impairment_matrix_v1_condition_G_trial02_attempt01_diag_logs/epuck1_counter.json,ee826e635afb61cc41e450458fe70c9159be902db875642d086075f70dc5f9eb,ee826e635afb61cc41e450458fe70c9159be902db875642d086075f70dc5f9eb,True
2,objective5_impairment_matrix_v1_condition_G_trial02_attempt01_diag_logs/epuck1_relay.csv,aebad0941f39b54895c0ebcbea69f4ac6b1b4a3fbcda72802d8ba40fe36a6fca,aebad0941f39b54895c0ebcbea69f4ac6b1b4a3fbcda72802d8ba40fe36a6fca,True
2,objective5_impairment_matrix_v1_condition_G_trial02_attempt01_diag_logs/epuck2_counter.json,08bfee4a2cc51cc7ef710657f10d6913407b5111cda04ff38db6e77c19689c70,08bfee4a2cc51cc7ef710657f10d6913407b5111cda04ff38db6e77c19689c70,True
2,objective5_impairment_matrix_v1_condition_G_trial02_attempt01_diag_logs/epuck2_relay.csv,cea926fc91b6befece99d6c252c226c575c7d531d039d0c1ecc3698783231594,cea926fc91b6befece99d6c252c226c575c7d531d039d0c1ecc3698783231594,True
2,objective5_impairment_matrix_v1_condition_G_trial02_attempt01_diag_logs/execution.log,3dc498319e17bb31e1da9f7ac9ed2a0ca6d521c1aebea1e153665cfa9621369c,3dc498319e17bb31e1da9f7ac9ed2a0ca6d521c1aebea1e153665cfa9621369c,True
2,objective5_impairment_matrix_v1_condition_G_trial02_attempt01_diag_logs/frozen_params.json,ebac634c38250b1b34571579e0a6233c38ad922ac479d301ffaa5aafa67f9e40,ebac634c38250b1b34571579e0a6233c38ad922ac479d301ffaa5aafa67f9e40,True
2,objective5_impairment_matrix_v1_condition_G_trial02_attempt01_diag_logs/relay_counter.log,42f6662a8ad045ace3dbd10985699ad30155cd1f3d536595ce6957e3f7bec30d,42f6662a8ad045ace3dbd10985699ad30155cd1f3d536595ce6957e3f7bec30d,True
2,objective5_impairment_matrix_v1_condition_G_trial02_attempt01_diag_logs/simulation.log,9ef848934d4fd4f097cc4c19ae9719067ded23b01c45c8d15d36d3594ef8c296,9ef848934d4fd4f097cc4c19ae9719067ded23b01c45c8d15d36d3594ef8c296,True
2,objective5_impairment_matrix_v1_condition_G_trial02_attempt01_diag_logs/state_epuck1.log,477bd3be04a83003b8cd9356e45dbf0552ed9b277a1427fad11cca1c8918bd1b,477bd3be04a83003b8cd9356e45dbf0552ed9b277a1427fad11cca1c8918bd1b,True
2,objective5_impairment_matrix_v1_condition_G_trial02_attempt01_diag_logs/state_epuck2.log,426664546bda00871c4ea825cf2db7a727db8078a9996325f97ff3e3392c1661,426664546bda00871c4ea825cf2db7a727db8078a9996325f97ff3e3392c1661,True
3,objective5_impairment_matrix_v1_condition_G_trial03_attempt01/metadata.yaml,f5706d13275bc101f478e6391bf02aa3ea90f8e5bfdb3ea812664d4089753d13,f5706d13275bc101f478e6391bf02aa3ea90f8e5bfdb3ea812664d4089753d13,True
3,objective5_impairment_matrix_v1_condition_G_trial03_attempt01/objective5_impairment_matrix_v1_condition_G_trial03_attempt01_0.db3,045b7b004530466b541636abac3b72f489d2a38b45fb9dcf77d8daec581de13e,045b7b004530466b541636abac3b72f489d2a38b45fb9dcf77d8daec581de13e,True
3,objective5_impairment_matrix_v1_condition_G_trial03_attempt01_diag_logs/bag_record.log,934b754d1f9a80c1e65e12aff200999a4cdde64a21d2296ae2e5bb1a805a45df,934b754d1f9a80c1e65e12aff200999a4cdde64a21d2296ae2e5bb1a805a45df,True
3,objective5_impairment_matrix_v1_condition_G_trial03_attempt01_diag_logs/controller.log,6b74a812db1d1183cf4dff97d5da2b28126932bdc23511f20a7cacc9c1dfbfc8,6b74a812db1d1183cf4dff97d5da2b28126932bdc23511f20a7cacc9c1dfbfc8,True
3,objective5_impairment_matrix_v1_condition_G_trial03_attempt01_diag_logs/epuck1_counter.json,89ccc995a151a3dda160f4865aa908d513345da0091a69e3cf554a31eacd3902,89ccc995a151a3dda160f4865aa908d513345da0091a69e3cf554a31eacd3902,True
3,objective5_impairment_matrix_v1_condition_G_trial03_attempt01_diag_logs/epuck1_relay.csv,4bb5cb5852187c81b685212162a2bdbe5f849aa71d3b867ae9d30302faba5c1c,4bb5cb5852187c81b685212162a2bdbe5f849aa71d3b867ae9d30302faba5c1c,True
3,objective5_impairment_matrix_v1_condition_G_trial03_attempt01_diag_logs/epuck2_counter.json,119a6264c3edae767ef709f3abf2db8f7a1a31f99a4e6d3be99e0def4fe19eb9,119a6264c3edae767ef709f3abf2db8f7a1a31f99a4e6d3be99e0def4fe19eb9,True
3,objective5_impairment_matrix_v1_condition_G_trial03_attempt01_diag_logs/epuck2_relay.csv,68a0e52fb384973af7ca7409bcbc1a25b09164b3a4a4fd3c9e529e847a647c0d,68a0e52fb384973af7ca7409bcbc1a25b09164b3a4a4fd3c9e529e847a647c0d,True
3,objective5_impairment_matrix_v1_condition_G_trial03_attempt01_diag_logs/execution.log,c3175ecea36abcb28041643fb8aa61977df81b2e1a6fdefa267dcada34bb508e,c3175ecea36abcb28041643fb8aa61977df81b2e1a6fdefa267dcada34bb508e,True
3,objective5_impairment_matrix_v1_condition_G_trial03_attempt01_diag_logs/frozen_params.json,4ba7b518add3a2608cea7c6a182c16ec9ce20c1478959431796dbf83e8a6e474,4ba7b518add3a2608cea7c6a182c16ec9ce20c1478959431796dbf83e8a6e474,True
3,objective5_impairment_matrix_v1_condition_G_trial03_attempt01_diag_logs/relay_counter.log,ce191b925064116344bbabd9fd0dfb83c4004fc5f1f114470b3bb7d374dc4071,ce191b925064116344bbabd9fd0dfb83c4004fc5f1f114470b3bb7d374dc4071,True
3,objective5_impairment_matrix_v1_condition_G_trial03_attempt01_diag_logs/simulation.log,beb871b0e59ade90155cd2fd8e88d708d9c30764b17ca43a075d56dcb1afbc0c,beb871b0e59ade90155cd2fd8e88d708d9c30764b17ca43a075d56dcb1afbc0c,True
3,objective5_impairment_matrix_v1_condition_G_trial03_attempt01_diag_logs/state_epuck1.log,6411e00cc50d23a5301c4ba2d9abe05589b86c7ed41293b086c89f7cb6580166,6411e00cc50d23a5301c4ba2d9abe05589b86c7ed41293b086c89f7cb6580166,True
3,objective5_impairment_matrix_v1_condition_G_trial03_attempt01_diag_logs/state_epuck2.log,aa27b9102b3e74798fb7f4380511ea587140083c1734adf332e46e284f2987df,aa27b9102b3e74798fb7f4380511ea587140083c1734adf332e46e284f2987df,True
4,objective5_impairment_matrix_v1_condition_G_trial04_attempt01/metadata.yaml,e73a312dd77553393b3dcf1991c6b9342f10e3313cce7e3c73f14a4b9d5db27f,e73a312dd77553393b3dcf1991c6b9342f10e3313cce7e3c73f14a4b9d5db27f,True
4,objective5_impairment_matrix_v1_condition_G_trial04_attempt01/objective5_impairment_matrix_v1_condition_G_trial04_attempt01_0.db3,e29b1756efc05ce40b29af711b4b2e2294b77bddef93e066e87001477c9dddac,e29b1756efc05ce40b29af711b4b2e2294b77bddef93e066e87001477c9dddac,True
4,objective5_impairment_matrix_v1_condition_G_trial04_attempt01_diag_logs/bag_record.log,a29a82d919b5f2a52a62ef7b0569f6278900989ef56a7bbda0c5ccf438d325dc,a29a82d919b5f2a52a62ef7b0569f6278900989ef56a7bbda0c5ccf438d325dc,True
4,objective5_impairment_matrix_v1_condition_G_trial04_attempt01_diag_logs/controller.log,3b0b0bf3edecddd33f097b20e4b46bcb1c831629d42cd486f11865a48af088f5,3b0b0bf3edecddd33f097b20e4b46bcb1c831629d42cd486f11865a48af088f5,True
4,objective5_impairment_matrix_v1_condition_G_trial04_attempt01_diag_logs/epuck1_counter.json,d176b22faa236203b4d2df19bc4b9705dffba813e5f61dc569df6eea9551d927,d176b22faa236203b4d2df19bc4b9705dffba813e5f61dc569df6eea9551d927,True
4,objective5_impairment_matrix_v1_condition_G_trial04_attempt01_diag_logs/epuck1_relay.csv,8eb9d85ab1c79ef3a9b613da14c30320fd76ab2264f41e872b1ff9701b563780,8eb9d85ab1c79ef3a9b613da14c30320fd76ab2264f41e872b1ff9701b563780,True
4,objective5_impairment_matrix_v1_condition_G_trial04_attempt01_diag_logs/epuck2_counter.json,dea5598a062833a27453c0b4c4b2eefcf9397555e4983b7f49ec5bd85ee66f43,dea5598a062833a27453c0b4c4b2eefcf9397555e4983b7f49ec5bd85ee66f43,True
4,objective5_impairment_matrix_v1_condition_G_trial04_attempt01_diag_logs/epuck2_relay.csv,bfa2a2db8f4280e31b855e96d5c4f57a206e80d53548e598f46443dc9ba34cfa,bfa2a2db8f4280e31b855e96d5c4f57a206e80d53548e598f46443dc9ba34cfa,True
4,objective5_impairment_matrix_v1_condition_G_trial04_attempt01_diag_logs/execution.log,870968fbccff631bad14d741330a6dd91cf67bd2fdc341ea70419eac16839243,870968fbccff631bad14d741330a6dd91cf67bd2fdc341ea70419eac16839243,True
4,objective5_impairment_matrix_v1_condition_G_trial04_attempt01_diag_logs/frozen_params.json,b38461b9b072640a49c33ec3889bf4d97998af15f8806947811453f41ecc2fba,b38461b9b072640a49c33ec3889bf4d97998af15f8806947811453f41ecc2fba,True
4,objective5_impairment_matrix_v1_condition_G_trial04_attempt01_diag_logs/relay_counter.log,e8ed7178ffb7270a842f9f024c59a546df52db877f6f635a65f81d2d5076e6f9,e8ed7178ffb7270a842f9f024c59a546df52db877f6f635a65f81d2d5076e6f9,True
4,objective5_impairment_matrix_v1_condition_G_trial04_attempt01_diag_logs/simulation.log,e18a9e268c035e7912cefdda3c36a04a38250549b09a28c84170bc6a6a0c81e4,e18a9e268c035e7912cefdda3c36a04a38250549b09a28c84170bc6a6a0c81e4,True
4,objective5_impairment_matrix_v1_condition_G_trial04_attempt01_diag_logs/state_epuck1.log,68d55dbbc29f9616ae79812b03aaac2027e1e57dfcdbf2941a067abcac894a7a,68d55dbbc29f9616ae79812b03aaac2027e1e57dfcdbf2941a067abcac894a7a,True
4,objective5_impairment_matrix_v1_condition_G_trial04_attempt01_diag_logs/state_epuck2.log,8dc9a99c80cd638c8e34b35f862c980c9d81a87cdbba177170a3829337f6d04a,8dc9a99c80cd638c8e34b35f862c980c9d81a87cdbba177170a3829337f6d04a,True
5,objective5_impairment_matrix_v1_condition_G_trial05_attempt01/metadata.yaml,04f55b6c9c46373daff464106e4dd310e4aef7de78f7d62256aa9174b773141d,04f55b6c9c46373daff464106e4dd310e4aef7de78f7d62256aa9174b773141d,True
5,objective5_impairment_matrix_v1_condition_G_trial05_attempt01/objective5_impairment_matrix_v1_condition_G_trial05_attempt01_0.db3,87425a355a40f6f2dd81db1c519acfe1788407a35a65a60843e30ad9899ade34,87425a355a40f6f2dd81db1c519acfe1788407a35a65a60843e30ad9899ade34,True
5,objective5_impairment_matrix_v1_condition_G_trial05_attempt01_diag_logs/bag_record.log,1170590f0be1aeba4b3d90d7c48074168abfbb2265871f39dd16708d95b827a4,1170590f0be1aeba4b3d90d7c48074168abfbb2265871f39dd16708d95b827a4,True
5,objective5_impairment_matrix_v1_condition_G_trial05_attempt01_diag_logs/controller.log,3894aa264a90ffda7d43cf3e3b3b45d9aaf2e6eca0ce5d7d1194ca09c70e0d15,3894aa264a90ffda7d43cf3e3b3b45d9aaf2e6eca0ce5d7d1194ca09c70e0d15,True
5,objective5_impairment_matrix_v1_condition_G_trial05_attempt01_diag_logs/epuck1_counter.json,e2ae37e0c999516e70cb99756788fa9dc25e1d730f0dd2244b3bf167495295a0,e2ae37e0c999516e70cb99756788fa9dc25e1d730f0dd2244b3bf167495295a0,True
5,objective5_impairment_matrix_v1_condition_G_trial05_attempt01_diag_logs/epuck1_relay.csv,683d898c299ad6853af8ff4511d97a9fb41336c2a5733dd2c9609fc0c7a243ac,683d898c299ad6853af8ff4511d97a9fb41336c2a5733dd2c9609fc0c7a243ac,True
5,objective5_impairment_matrix_v1_condition_G_trial05_attempt01_diag_logs/epuck2_counter.json,42f925833709c53fa88c660007c16f8c24ce1f867ba94fb822bf267eb40c9d90,42f925833709c53fa88c660007c16f8c24ce1f867ba94fb822bf267eb40c9d90,True
5,objective5_impairment_matrix_v1_condition_G_trial05_attempt01_diag_logs/epuck2_relay.csv,e1b2085aba32a67b1763a7fa82d29fb63539b9661a5375ac24d2e3d493bdc64d,e1b2085aba32a67b1763a7fa82d29fb63539b9661a5375ac24d2e3d493bdc64d,True
5,objective5_impairment_matrix_v1_condition_G_trial05_attempt01_diag_logs/execution.log,d8dd6e5d9de8db283a0bb8788d93b06a82943381a3daa18d209529ed6d775f37,d8dd6e5d9de8db283a0bb8788d93b06a82943381a3daa18d209529ed6d775f37,True
5,objective5_impairment_matrix_v1_condition_G_trial05_attempt01_diag_logs/frozen_params.json,6ea419bace90832b2dc896f939cb1a7e7b802742219384a641e2bf37e7372a56,6ea419bace90832b2dc896f939cb1a7e7b802742219384a641e2bf37e7372a56,True
5,objective5_impairment_matrix_v1_condition_G_trial05_attempt01_diag_logs/relay_counter.log,ff8ff553c86698efb368b77213d1cb10d3c4c4af5eb23236400441d93a5055fd,ff8ff553c86698efb368b77213d1cb10d3c4c4af5eb23236400441d93a5055fd,True
5,objective5_impairment_matrix_v1_condition_G_trial05_attempt01_diag_logs/simulation.log,32c4ec49bcb7fadd7badaed670db1d9bffc464189ab29715f4fe5a76732b2e58,32c4ec49bcb7fadd7badaed670db1d9bffc464189ab29715f4fe5a76732b2e58,True
5,objective5_impairment_matrix_v1_condition_G_trial05_attempt01_diag_logs/state_epuck1.log,f4886055bf3179681e9b078dc3bd26bb90a7be3de11ee62fa2e383c8513b7bdd,f4886055bf3179681e9b078dc3bd26bb90a7be3de11ee62fa2e383c8513b7bdd,True
5,objective5_impairment_matrix_v1_condition_G_trial05_attempt01_diag_logs/state_epuck2.log,ee450986b18cef32c520b044b06f4c07035b2536e11a9af6cb349eff71000c0d,ee450986b18cef32c520b044b06f4c07035b2536e11a9af6cb349eff71000c0d,True
