path,sha256
../objective5_impairment_matrix_v1_condition_A_trial01_attempt01_analysis/frozen_params.json,0bb7bc74759c78b0ed6444dd04477c40b7ad8e1b8dfe21f77a630844c038bc69
../objective5_impairment_matrix_v1_condition_A_trial01_attempt01_analysis/trial_verdict.json,6bf0d8273d1e2fa8f4006832e35b73507dbdfab3526a641747c88f42efb038d6
../objective5_impairment_matrix_v1_condition_A_trial01_attempt01_analysis/matrix_analysis.json,755c0d1c8117b2852ecf9b025babbf844d989312ae8578508637dfa035292a5e
../objective5_impairment_matrix_v1_condition_A_trial02_attempt01_analysis/frozen_params.json,65320c857da507c7ed231262f407a9dff3e83f055f4018b3b8702fb9f2f33f4e
../objective5_impairment_matrix_v1_condition_A_trial02_attempt01_analysis/trial_verdict.json,4408d4449c5d99a18240354991574d74f4c99cf92119896b46770f2c6fa26ab5
../objective5_impairment_matrix_v1_condition_A_trial02_attempt01_analysis/matrix_analysis.json,efa0ccd30c62e23cff580c71570cc3ceabcb37796c585d72fa322a9bf6d2d2bf
../objective5_impairment_matrix_v1_condition_A_trial03_attempt01_analysis/frozen_params.json,c65bb7716082fa8715c54a04886b23eeabdb77fb5ea81a5ad7cddca1f941cf8e
../objective5_impairment_matrix_v1_condition_A_trial03_attempt01_analysis/trial_verdict.json,a707d6ed49fc41647a18c20182339c9d6df84fd3cbbfb45dd52cf599e15bde84
../objective5_impairment_matrix_v1_condition_A_trial03_attempt01_analysis/matrix_analysis.json,2e29580e331edf1168f5fdb7dd090488752f4ac9cadb508aee0544ed4b4c6769
../objective5_impairment_matrix_v1_condition_A_trial04_attempt01_analysis/frozen_params.json,f31278f901daddc3c677bc59c852cf42dec1512c4c7a9cd5db9b2dacb3b6879e
../objective5_impairment_matrix_v1_condition_A_trial04_attempt01_analysis/trial_verdict.json,6f8b45d76d2701c34c93a35d9288cb0dd1a019147c52d52ebd3183ff7ff4e50a
../objective5_impairment_matrix_v1_condition_A_trial04_attempt01_analysis/matrix_analysis.json,5fb078fe552d76891f5c2cb9cbb4f439bec90f74dc3411f8e51306f3fd52d27a
../objective5_impairment_matrix_v1_condition_A_trial05_attempt01_analysis/frozen_params.json,00d3264e6bd42c67683f6f740012af4adb1b46af124a6c1850c920c832ecdc4a
../objective5_impairment_matrix_v1_condition_A_trial05_attempt01_analysis/trial_verdict.json,16b588554675167d93e48594022ae18fedd1c3de4ce5e8a5947e246efc422588
../objective5_impairment_matrix_v1_condition_A_trial05_attempt01_analysis/matrix_analysis.json,11f09391c2255610149744a50c666e1def19087e0073920e40c2ecd540b418ad
../objective5_impairment_matrix_v1_condition_A_formal_batch_summary.json,8ccd288ef2efad442aca65799f368ffef5cbdf20e81409e4bc39ab6bb3b5fac2
../objective5_impairment_matrix_v1_condition_B_trial01_attempt01_analysis/frozen_params.json,ff3737821d1018e1d20c52223ab2d389afb04689ae39e04c64e593f66d3d2323
../objective5_impairment_matrix_v1_condition_B_trial01_attempt01_analysis/trial_verdict.json,ee0ae00c6b8ef1cf55d5099d73cc256a2184897a8839fe5498aa8822872ceaf6
../objective5_impairment_matrix_v1_condition_B_trial01_attempt01_analysis/matrix_analysis.json,386882a8308bfbc70b94c95c1ab29bf18b3c734e594026443324264e732a7fb8
../objective5_impairment_matrix_v1_condition_B_trial02_attempt01_analysis/frozen_params.json,b5fd1dfd97eeb570a262494fb0d290699b3fbe7258cb16129b5ed04bf310babd
../objective5_impairment_matrix_v1_condition_B_trial02_attempt01_analysis/trial_verdict.json,db7149a5dcf5cd3da533f7c541aa65c561abf8eb3fdd54d8b18751cdffc59d3a
../objective5_impairment_matrix_v1_condition_B_trial02_attempt01_analysis/matrix_analysis.json,bfcac9f91ead9a0c8b1c0b074002cda3b5c600cf0f70d6157e86d14ebd75b297
../objective5_impairment_matrix_v1_condition_B_trial03_attempt01_analysis/frozen_params.json,63fadede635c72687dbe9cd6d64649d6820629c1c9f390a3da52997f3af37aef
../objective5_impairment_matrix_v1_condition_B_trial03_attempt01_analysis/trial_verdict.json,7de9424ff63493c4bacbdfd49fdbbb70163f143cab0128a554df3798d9887994
../objective5_impairment_matrix_v1_condition_B_trial03_attempt01_analysis/matrix_analysis.json,dc0fa6238e8a1eff14de31a239d14d8bf76fe127d21077922a36318ce339097b
../objective5_impairment_matrix_v1_condition_B_trial04_attempt01_analysis/frozen_params.json,c45cdbd02ba80cf867236784dd87cb864bdfd87a3b78533265acb8708a52f08e
../objective5_impairment_matrix_v1_condition_B_trial04_attempt01_analysis/trial_verdict.json,7d0da6ccd079dbba508c6d04b4729dfbf7abf5c7dc4383a8fb4d58410548b1bb
../objective5_impairment_matrix_v1_condition_B_trial04_attempt01_analysis/matrix_analysis.json,950476951965aba61103ee53bca83c6bcdbdb2aeb39722ae6c5c74617851ec25
../objective5_impairment_matrix_v1_condition_B_trial05_attempt01_analysis/frozen_params.json,e71e104468618830a9c96b93de3eacb283f307f22a1142aa069255a2c3c94e1a
../objective5_impairment_matrix_v1_condition_B_trial05_attempt01_analysis/trial_verdict.json,7ba6bf254c24e14bb53adec23caed64b57d6d8a2879acd24f33b572a704c153b
../objective5_impairment_matrix_v1_condition_B_trial05_attempt01_analysis/matrix_analysis.json,7f70ff67cb273717169c8d0ebba7dc84d9ef5e5effcbd4be86d4c99bb3139a03
../objective5_impairment_matrix_v1_condition_B_formal_batch_summary.json,ded741a9ba75d21a58b1dea10e9e3d48b4cc6cb9450a20b371a3febb59999345
../objective5_impairment_matrix_v1_condition_C_trial01_attempt01_analysis/frozen_params.json,0eb9b26c8016e21ec9e781e5897326f7473db263cc2070a397a3c1d52e5b5aba
../objective5_impairment_matrix_v1_condition_C_trial01_attempt01_analysis/trial_verdict.json,f679395b69dcbb19913170812b2c6aee6b498f0a0404c8d996b5c7225ce7f6c0
../objective5_impairment_matrix_v1_condition_C_trial01_attempt01_analysis/matrix_analysis.json,7969514d765903c3f53cdfdb4d09a8378ffd8573355f5aa45e1af5777ddd564b
../objective5_impairment_matrix_v1_condition_C_trial02_attempt01_analysis/frozen_params.json,89d4d749fe1fc0dbee0d6f66b598eee73b1de8a9402120b7d61c94743cdd2d78
../objective5_impairment_matrix_v1_condition_C_trial02_attempt01_analysis/trial_verdict.json,51c9ac81aae1b249e085bd082cba7e6582fe8b841536f917f29f7b6afd8566fe
../objective5_impairment_matrix_v1_condition_C_trial02_attempt01_analysis/matrix_analysis.json,dbb57962e18f46793bdf8125348a9302e3fd08dc6a6fd1e4daa745d2309dee3a
../objective5_impairment_matrix_v1_condition_C_trial03_attempt01_analysis/frozen_params.json,ff8da4c9cd0f31b3c0a13988c77660c75dcd101aa7eb007a1f68a9609b33cd4b
../objective5_impairment_matrix_v1_condition_C_trial03_attempt01_analysis/trial_verdict.json,7911556759b959803c984a1351a007aef0fb2e167f6ba5b44c1f6fc78ba8d959
../objective5_impairment_matrix_v1_condition_C_trial03_attempt01_analysis/matrix_analysis.json,97feafeaf1248aa4097b875b0b33081744cc55fc403fa7cae9ce3adfa645572d
../objective5_impairment_matrix_v1_condition_C_trial04_attempt01_analysis/frozen_params.json,1e918a5269a288688e0c50f66244c09405b61a093ba3b53072e0aa38a427274b
../objective5_impairment_matrix_v1_condition_C_trial04_attempt01_analysis/trial_verdict.json,3321ba93107679ccbe94d1a411415e5ec62ec6d5cd30695e89b1895784d9ff67
../objective5_impairment_matrix_v1_condition_C_trial04_attempt01_analysis/matrix_analysis.json,fa933e1dd2497a1ff89c09a78a714a9287cffef4b42c140b86a1d984794934b8
../objective5_impairment_matrix_v1_condition_C_trial05_attempt01_analysis/frozen_params.json,b40162c3fd230e5445b22b99c2fdbbdb613b718e4ba9630c3320cd2837c504a2
../objective5_impairment_matrix_v1_condition_C_trial05_attempt01_analysis/trial_verdict.json,a912e7bcbcc3a8d9517898dcdd7cd92730d741bee320f03af9f7323066a7897b
../objective5_impairment_matrix_v1_condition_C_trial05_attempt01_analysis/matrix_analysis.json,5bf294f49bda3f9af31f84e96581c5078fa9057f55e56b5de7bd5c9783c37ab0
../objective5_impairment_matrix_v1_condition_C_formal_batch_summary.json,367ee4cf6c8604e857c2236f1fd5b342a86da02998df127901c1f53d81896fc4
../objective5_impairment_matrix_v1_condition_D_trial01_attempt01_analysis/frozen_params.json,08364aea8b856102441cd12a0822e507b097cd09db0f1bce9b3cafa374496df5
../objective5_impairment_matrix_v1_condition_D_trial01_attempt01_analysis/trial_verdict.json,b6b721381727ca3af3448a65e001fb413d65c967e5cbceaf611c9439ab300b3e
../objective5_impairment_matrix_v1_condition_D_trial01_attempt01_analysis/matrix_analysis.json,e3dae011dd7939c76ba7da4eda9e41f58ca6b4825bf4faab0a165036f4a4fbc9
../objective5_impairment_matrix_v1_condition_D_trial02_attempt01_analysis/frozen_params.json,a1b71ed597295f0b6a6f145674e3b188943909438acdfc4436ff241db01d2a00
../objective5_impairment_matrix_v1_condition_D_trial02_attempt01_analysis/trial_verdict.json,c2b288edd11c22bb0e3ad754e3b6bf64528de7edd76094881442a5e3e0c36673
../objective5_impairment_matrix_v1_condition_D_trial02_attempt01_analysis/matrix_analysis.json,387ed5070f6e91f1d0a78a887098cf64364b929b8e872c3542940d0a24837fd1
../objective5_impairment_matrix_v1_condition_D_trial03_attempt01_analysis/frozen_params.json,fda3b91efcfc7041231e558c580ca6c956cef9750ca66703b20a94cb90c3d182
../objective5_impairment_matrix_v1_condition_D_trial03_attempt01_analysis/trial_verdict.json,271251767bdafc93b4cba00e3fe7f334af99e162051bd2171f3e61bc580dcc65
../objective5_impairment_matrix_v1_condition_D_trial03_attempt01_analysis/matrix_analysis.json,a4f86c2697c1d84102440416aea7e6c770438cf0155b2485dad63abf636cb543
../objective5_impairment_matrix_v1_condition_D_trial05_attempt01_analysis/frozen_params.json,f7588029d48b3f24cdeb98ab6d0c33fdb4038c7c51f452856fbc068c47ddd9f6
../objective5_impairment_matrix_v1_condition_D_trial05_attempt01_analysis/trial_verdict.json,b3d588d22e528de2f49e9f5aac5a5036a411adfde7186cc722879dfa57a36f14
../objective5_impairment_matrix_v1_condition_D_trial05_attempt01_analysis/matrix_analysis.json,6a18c38dc8bb9dc268a0d24909ce150c5710fa9295cd1a5956dd040ca6b5c171
../objective5_impairment_matrix_v1_condition_D_trial06_attempt01_analysis/frozen_params.json,8d0056a96fb16df795ed0725043f5b827b7407d3f53d67653d0fa233a1a31189
../objective5_impairment_matrix_v1_condition_D_trial06_attempt01_analysis/trial_verdict.json,2fb88b75565ca1f79f3f1599f05335408ac4e97716e1d2f1a41e8ae7e5f020bb
../objective5_impairment_matrix_v1_condition_D_trial06_attempt01_analysis/matrix_analysis.json,9b1e4336189c4a41006be61aeed2e8dbc59f7d6338872871d4060d3a9151bc04
../objective5_impairment_matrix_v1_condition_D_formal_batch_summary.json,ceeaf95b4fa1b84702cfe2cf81e0d3111711cef5c81dbd7a70341194b802971b
../objective5_impairment_matrix_v1_condition_E_trial01_attempt01_analysis/frozen_params.json,02bdc5e5abbbfdf5e4a1eeeace87e5f3b0b10175ad73801d15c2fce40a0e1883
../objective5_impairment_matrix_v1_condition_E_trial01_attempt01_analysis/trial_verdict.json,ea0c1a81c80feed292e456a9c5d4ba5ffe0949c477df843507f4d5f2b684b133
../objective5_impairment_matrix_v1_condition_E_trial01_attempt01_analysis/matrix_analysis.json,04e68a9a1ad7b0f65889d4a2fd26162daaf6683fd35bf57bea11cc85775e908d
../objective5_impairment_matrix_v1_condition_E_trial02_attempt01_analysis/frozen_params.json,ffe4cd7db552bd81643bf9f9ef71551de1616238082d49fd3c6381337046c8d6
../objective5_impairment_matrix_v1_condition_E_trial02_attempt01_analysis/trial_verdict.json,10b3d3b0f6c602a4f40fe2b967efff45bc6b5fc4d0fbf455be783fe99281e804
../objective5_impairment_matrix_v1_condition_E_trial02_attempt01_analysis/matrix_analysis.json,3cd10f26ac12ef11380c7c7d08dc9b758c6811f567cd4f3392e82475991c4eec
../objective5_impairment_matrix_v1_condition_E_trial03_attempt01_analysis/frozen_params.json,b1be7e9a52baffd1b7754a607a069e1077b393a27ff243dcd3b807e2204b511d
../objective5_impairment_matrix_v1_condition_E_trial03_attempt01_analysis/trial_verdict.json,af0d84bc06c925208db2eaee86eeddb7cec5d12e03dfe89960b783685cedd4bd
../objective5_impairment_matrix_v1_condition_E_trial03_attempt01_analysis/matrix_analysis.json,1696b99fb745bd1c68d57d5daad8ef4003cee90aa85128eac39ed5cfea93d865
../objective5_impairment_matrix_v1_condition_E_trial04_attempt01_analysis/frozen_params.json,f5dec2ec422195eef73d702a00f9968b5784e362bf1de970c8f87d50fc463591
../objective5_impairment_matrix_v1_condition_E_trial04_attempt01_analysis/trial_verdict.json,c9725777a106c5b18493c02de6f62939ec63de44095f8ab01c39faa6d9954e8e
../objective5_impairment_matrix_v1_condition_E_trial04_attempt01_analysis/matrix_analysis.json,3cbbf54fd53acdfd8c781695533a5458f566d094cac0088f19d19714e3292f03
../objective5_impairment_matrix_v1_condition_E_trial05_attempt01_analysis/frozen_params.json,177c57073231d9e4fb2bb7fb6d3aeb8186cb670066c7f233a6f19d8a3f670f5e
../objective5_impairment_matrix_v1_condition_E_trial05_attempt01_analysis/trial_verdict.json,f87ffb4abc50cf1d253182e983a1f255b6945d34dc68d7b4201c02ecdb2de5a6
../objective5_impairment_matrix_v1_condition_E_trial05_attempt01_analysis/matrix_analysis.json,5baf52c72186621556193b967229b093800bea06fbe493affabb15260d242bb5
../objective5_condition_E_formal_batch_summary.json,633de4c9a2e13a297e713f48f4ba10a7ba7d5ce7615e7f320c8f4ba547dfad57
../objective5_impairment_matrix_v1_condition_F_trial01_attempt01_analysis/frozen_params.json,748125190c7bede04458f781e9414af3ce7abbaf1a4ab482d227d6ffe997814b
../objective5_impairment_matrix_v1_condition_F_trial01_attempt01_analysis/trial_verdict.json,3de3f86d7ef45e12a15c6b4c9247edf09adb10d12156871dea882090bc07ceb5
../objective5_impairment_matrix_v1_condition_F_trial01_attempt01_analysis/matrix_analysis.json,5a4b07bfd46a3be9f680495be93141fb1c332d89cbe3fccd4aca5ea4ffdcc251
../objective5_impairment_matrix_v1_condition_F_trial01_attempt01_analysis/outage_recovery_audit.json,08d3a8ce43a8b0944bc3c401d929c839e6d27f6af572acc11cf9bca98e188c20
../objective5_impairment_matrix_v1_condition_F_trial02_attempt01_analysis/frozen_params.json,0434e835f6bcfad266ac940322882a537787dc148a81fdbaeed4f07ae2fd5535
../objective5_impairment_matrix_v1_condition_F_trial02_attempt01_analysis/trial_verdict.json,418801b89675d03a686b202715740664d26e91a23e2fa081c91224ae6a1b8e10
../objective5_impairment_matrix_v1_condition_F_trial02_attempt01_analysis/matrix_analysis.json,607aba6c15c485c47b75fe8cb6487954d98e94c43cef0ffe8a0179ae03eae9f0
../objective5_impairment_matrix_v1_condition_F_trial02_attempt01_analysis/outage_recovery_audit.json,98c9a02cb7a9d1e3a4935be0e5a2fb604e3a727e680f4eb4ae14d7d2de29b93c
../objective5_impairment_matrix_v1_condition_F_trial03_attempt01_analysis/frozen_params.json,b2887f375f797379108400a8c522a4e748a3f3d6e3427c22c983ce849deecb8d
../objective5_impairment_matrix_v1_condition_F_trial03_attempt01_analysis/trial_verdict.json,f8bfe9bb24d31ea0a9ebda818317980871a8e551bc852bb64058875906120b78
../objective5_impairment_matrix_v1_condition_F_trial03_attempt01_analysis/matrix_analysis.json,8ad6fd608db890fe8c9f6433c95d8f59e08d4f399c4fedec8a75c3292b56eefe
../objective5_impairment_matrix_v1_condition_F_trial03_attempt01_analysis/outage_recovery_audit.json,867900bf6362cc23491a05703f4761d87105e6046e3b28e3a140d08ae7755b8c
../objective5_impairment_matrix_v1_condition_F_trial04_attempt01_analysis/frozen_params.json,a8b9a96861303a52848a7d73cc28f380d20504fa868b0e76a449de9746eb4cb2
../objective5_impairment_matrix_v1_condition_F_trial04_attempt01_analysis/trial_verdict.json,81a89b538342775ea7e09bb30045085e16971885f537e7ff6bd733643528ef4a
../objective5_impairment_matrix_v1_condition_F_trial04_attempt01_analysis/matrix_analysis.json,eb3cbeee579a5ec3afebe3383bf8e04889d02b5142ca977aeb6d7539f102fd89
../objective5_impairment_matrix_v1_condition_F_trial04_attempt01_analysis/outage_recovery_audit.json,d18502b108f4e7b576a5dcf2b550c34f407237b15526d4305789f5b43631e0ac
../objective5_impairment_matrix_v1_condition_F_trial05_attempt01_analysis/frozen_params.json,6d85bbe5e8c7a237194faf2aa38be96da37ea49d95f05d3dc63d64f30bdfa881
../objective5_impairment_matrix_v1_condition_F_trial05_attempt01_analysis/trial_verdict.json,a6f78b68c9d053f3d1ab79a66294cc50798f56d2c687f1bc819a83fea2682f1d
../objective5_impairment_matrix_v1_condition_F_trial05_attempt01_analysis/matrix_analysis.json,6ddbad0f22363c7eb9752e4e06646f23bc75735b1c68761a3fcb4e875ecc391a
../objective5_impairment_matrix_v1_condition_F_trial05_attempt01_analysis/outage_recovery_audit.json,00631e8898ad5d65da3b3d78d48d061c341f324f6e4889e2b14734cb9701dbbb
../objective5_condition_F_formal_batch_summary.json,9e1cf305ba33e1822a8419e326d489c974e4ce04e480ccc99bf60a000fcdc2d8
../objective5_impairment_matrix_v1_condition_G_trial01_attempt01_analysis/frozen_params.json,1ee5d82d0f74bd906983c9777375971b1628bb80ca7670cb226cafc2ca24ce87
../objective5_impairment_matrix_v1_condition_G_trial01_attempt01_analysis/trial_verdict.json,1bc71a5d36ffee3faf7ac357c6f08e12f0eb2b98569f65e10eecce6c7ad96293
../objective5_impairment_matrix_v1_condition_G_trial01_attempt01_analysis/matrix_analysis.json,375917d1963f42f21adae852be36601599dbc0de18c3a45db74fa38e01a18c6a
../objective5_impairment_matrix_v1_condition_G_trial02_attempt01_analysis/frozen_params.json,ebac634c38250b1b34571579e0a6233c38ad922ac479d301ffaa5aafa67f9e40
../objective5_impairment_matrix_v1_condition_G_trial02_attempt01_analysis/trial_verdict.json,13fb62ae686b4dcc2988ad586189630d24baf844f95d65c915f5d9866fa32f6f
../objective5_impairment_matrix_v1_condition_G_trial02_attempt01_analysis/matrix_analysis.json,3a054406f930a54dbed24bab0b96f66c15ae72d6e9e1351ac26a53c9ab30091e
../objective5_impairment_matrix_v1_condition_G_trial03_attempt01_analysis/frozen_params.json,4ba7b518add3a2608cea7c6a182c16ec9ce20c1478959431796dbf83e8a6e474
../objective5_impairment_matrix_v1_condition_G_trial03_attempt01_analysis/trial_verdict.json,0905fedab7b64996c274efdc7b7326519b1941f32b5e92d58b2a138501c1546d
../objective5_impairment_matrix_v1_condition_G_trial03_attempt01_analysis/matrix_analysis.json,01ca0090353e9c33088146cf649a37f0600930e363ede968ab8e40e2311065ee
../objective5_impairment_matrix_v1_condition_G_trial04_attempt01_analysis/frozen_params.json,b38461b9b072640a49c33ec3889bf4d97998af15f8806947811453f41ecc2fba
../objective5_impairment_matrix_v1_condition_G_trial04_attempt01_analysis/trial_verdict.json,8cae63587e0dfb5a88663c153a62952dbf34a954e7d7f40d7ca3325c6dc91313
../objective5_impairment_matrix_v1_condition_G_trial04_attempt01_analysis/matrix_analysis.json,c3b924f93aa9cc97e691abce126b7f0de9b4bf5c509530c07f972446e4e150ca
../objective5_impairment_matrix_v1_condition_G_trial05_attempt01_analysis/frozen_params.json,6ea419bace90832b2dc896f939cb1a7e7b802742219384a641e2bf37e7372a56
../objective5_impairment_matrix_v1_condition_G_trial05_attempt01_analysis/trial_verdict.json,92ed48fc81c2ee793f4a800cd9422b36de6a8408d8d4844a7f842c96a31d227f
../objective5_impairment_matrix_v1_condition_G_trial05_attempt01_analysis/matrix_analysis.json,03fd0b7daeb32d68d7f4866401b803f662148feb0ab66e2ba131c1890166415f
../objective5_condition_G_formal_batch_summary.json,2c5d44cf803bb204dc1d42a5b609a0626e70496a905985be4798c2f61dc3e253
