condition_id,trial_id,attempt_id,data_validity,task_outcome,delay_s,jitter_s,drop_probability,outage_period_s,outage_duration_s,outage_phase_s,seed_epuck1_to_epuck2,seed_epuck2_to_epuck1,minimum_interrobot_distance_m,safety_margin_m,completion_count,task_completion_time_s,stale_stop_duration_s,recovery_time_s,controller_crashed,configured_drop_probability,authoritative_drop_count_epuck1_to_epuck2,authoritative_drop_count_epuck2_to_epuck1,authoritative_drop_fraction_epuck1_to_epuck2,authoritative_drop_fraction_epuck2_to_epuck1,drop_mechanism,measured_message_age_mean_epuck1_to_epuck2,measured_message_age_mean_epuck2_to_epuck1,measured_message_age_p95_epuck1_to_epuck2,measured_message_age_p95_epuck2_to_epuck1,reordered_count_epuck1_to_epuck2,reordered_count_epuck2_to_epuck1,duplicate_count_epuck1_to_epuck2,duplicate_count_epuck2_to_epuck1,queue_drained,stale_state_episode_count,in_task_stale_episode_count,peer_timeout_events,bag_metadata_valid_proxy,analyzer_ok,evidence_hash_status,source_frozen_params_path,source_trial_verdict_path,source_matrix_analysis_path
A,objective5_impairment_matrix_v1_condition_A_trial01_attempt01,1,VALID,SUCCESS,0.0,0.0,0.0,0.0,0.0,0.0,0,0,0.1430942842844398,0.00309428428443978,2,NOT_AVAILABLE,NOT_AVAILABLE,NOT_AVAILABLE,False,0.0,0,0,0.0,0.0,NONE,4.8192771084336324e-05,0.0001843317972350232,0.0,0.0,0,0,0,0,True,NOT_AVAILABLE,NOT_AVAILABLE,NOT_AVAILABLE,VALID,True,CODE_IDENTITY_ONLY,../objective5_impairment_matrix_v1_condition_A_trial01_attempt01_analysis/frozen_params.json,../objective5_impairment_matrix_v1_condition_A_trial01_attempt01_analysis/trial_verdict.json,../objective5_impairment_matrix_v1_condition_A_trial01_attempt01_analysis/matrix_analysis.json
A,objective5_impairment_matrix_v1_condition_A_trial02_attempt01,1,VALID,SUCCESS,0.0,0.0,0.0,0.0,0.0,0.0,0,0,0.15064050840214138,0.010640508402141369,2,NOT_AVAILABLE,NOT_AVAILABLE,NOT_AVAILABLE,False,0.0,0,0,0.0,0.0,NONE,4.514672686230152e-05,0.0,0.0,0.0,0,0,0,0,True,NOT_AVAILABLE,NOT_AVAILABLE,NOT_AVAILABLE,VALID,True,CODE_IDENTITY_ONLY,../objective5_impairment_matrix_v1_condition_A_trial02_attempt01_analysis/frozen_params.json,../objective5_impairment_matrix_v1_condition_A_trial02_attempt01_analysis/trial_verdict.json,../objective5_impairment_matrix_v1_condition_A_trial02_attempt01_analysis/matrix_analysis.json
A,objective5_impairment_matrix_v1_condition_A_trial03_attempt01,1,VALID,SUCCESS,0.0,0.0,0.0,0.0,0.0,0.0,0,0,0.14781142476139542,0.007811424761395402,2,NOT_AVAILABLE,NOT_AVAILABLE,NOT_AVAILABLE,False,0.0,0,0,0.0,0.0,NONE,0.0,4.524886877827958e-05,0.0,0.0,0,0,0,0,True,NOT_AVAILABLE,NOT_AVAILABLE,NOT_AVAILABLE,VALID,True,CODE_IDENTITY_ONLY,../objective5_impairment_matrix_v1_condition_A_trial03_attempt01_analysis/frozen_params.json,../objective5_impairment_matrix_v1_condition_A_trial03_attempt01_analysis/trial_verdict.json,../objective5_impairment_matrix_v1_condition_A_trial03_attempt01_analysis/matrix_analysis.json
A,objective5_impairment_matrix_v1_condition_A_trial04_attempt01,1,VALID,SUCCESS,0.0,0.0,0.0,0.0,0.0,0.0,0,0,0.15030077874985828,0.01030077874985827,2,NOT_AVAILABLE,NOT_AVAILABLE,NOT_AVAILABLE,False,0.0,0,0,0.0,0.0,NONE,0.0,0.0,0.0,0.0,0,0,0,0,True,NOT_AVAILABLE,NOT_AVAILABLE,NOT_AVAILABLE,VALID,True,CODE_IDENTITY_ONLY,../objective5_impairment_matrix_v1_condition_A_trial04_attempt01_analysis/frozen_params.json,../objective5_impairment_matrix_v1_condition_A_trial04_attempt01_analysis/trial_verdict.json,../objective5_impairment_matrix_v1_condition_A_trial04_attempt01_analysis/matrix_analysis.json
A,objective5_impairment_matrix_v1_condition_A_trial05_attempt01,1,VALID,SUCCESS,0.0,0.0,0.0,0.0,0.0,0.0,0,0,0.14178534915907265,0.0017853491590726356,2,NOT_AVAILABLE,NOT_AVAILABLE,NOT_AVAILABLE,False,0.0,0,0,0.0,0.0,NONE,0.0,0.0,0.0,0.0,0,0,0,0,True,NOT_AVAILABLE,NOT_AVAILABLE,NOT_AVAILABLE,VALID,True,CODE_IDENTITY_ONLY,../objective5_impairment_matrix_v1_condition_A_trial05_attempt01_analysis/frozen_params.json,../objective5_impairment_matrix_v1_condition_A_trial05_attempt01_analysis/trial_verdict.json,../objective5_impairment_matrix_v1_condition_A_trial05_attempt01_analysis/matrix_analysis.json
B,objective5_impairment_matrix_v1_condition_B_trial01_attempt01,1,VALID,SUCCESS,0.2,0.0,0.0,0.0,0.0,0.0,0,0,0.14777153762172363,0.007771537621723612,2,NOT_AVAILABLE,NOT_AVAILABLE,NOT_AVAILABLE,False,0.0,0,0,0.0,0.0,NONE,0.20864864865090083,0.20916478555530468,0.21999999999999886,0.21999999999999886,0,0,0,0,True,NOT_AVAILABLE,NOT_AVAILABLE,NOT_AVAILABLE,VALID,True,CODE_IDENTITY_ONLY,../objective5_impairment_matrix_v1_condition_B_trial01_attempt01_analysis/frozen_params.json,../objective5_impairment_matrix_v1_condition_B_trial01_attempt01_analysis/trial_verdict.json,../objective5_impairment_matrix_v1_condition_B_trial01_attempt01_analysis/matrix_analysis.json
B,objective5_impairment_matrix_v1_condition_B_trial02_attempt01,1,VALID,SUCCESS,0.2,0.0,0.0,0.0,0.0,0.0,0,0,0.14483920109118267,0.00483920109118266,2,NOT_AVAILABLE,NOT_AVAILABLE,NOT_AVAILABLE,False,0.0,0,0,0.0,0.0,NONE,0.20890410958904104,0.20914942528735628,0.21999999999999886,0.21999999999999886,0,0,0,0,True,NOT_AVAILABLE,NOT_AVAILABLE,NOT_AVAILABLE,VALID,True,CODE_IDENTITY_ONLY,../objective5_impairment_matrix_v1_condition_B_trial02_attempt01_analysis/frozen_params.json,../objective5_impairment_matrix_v1_condition_B_trial02_attempt01_analysis/trial_verdict.json,../objective5_impairment_matrix_v1_condition_B_trial02_attempt01_analysis/matrix_analysis.json
B,objective5_impairment_matrix_v1_condition_B_trial03_attempt01,1,VALID,SUCCESS,0.2,0.0,0.0,0.0,0.0,0.0,0,0,0.1464050217802145,0.006405021780214487,2,NOT_AVAILABLE,NOT_AVAILABLE,NOT_AVAILABLE,False,0.0,0,0,0.0,0.0,NONE,0.2086301369885844,0.2090134529170403,0.21999999999999886,0.21999999999999886,0,0,0,0,True,NOT_AVAILABLE,NOT_AVAILABLE,NOT_AVAILABLE,VALID,True,CODE_IDENTITY_ONLY,../objective5_impairment_matrix_v1_condition_B_trial03_attempt01_analysis/frozen_params.json,../objective5_impairment_matrix_v1_condition_B_trial03_attempt01_analysis/trial_verdict.json,../objective5_impairment_matrix_v1_condition_B_trial03_attempt01_analysis/matrix_analysis.json
B,objective5_impairment_matrix_v1_condition_B_trial04_attempt01,1,VALID,SUCCESS,0.2,0.0,0.0,0.0,0.0,0.0,0,0,0.1423689662964818,0.0023689662964817837,2,NOT_AVAILABLE,NOT_AVAILABLE,NOT_AVAILABLE,False,0.0,0,0,0.0,0.0,NONE,0.2090867579908675,0.2091891891891891,0.21999999999999886,0.21999999999999886,0,0,0,0,True,NOT_AVAILABLE,NOT_AVAILABLE,NOT_AVAILABLE,VALID,True,CODE_IDENTITY_ONLY,../objective5_impairment_matrix_v1_condition_B_trial04_attempt01_analysis/frozen_params.json,../objective5_impairment_matrix_v1_condition_B_trial04_attempt01_analysis/trial_verdict.json,../objective5_impairment_matrix_v1_condition_B_trial04_attempt01_analysis/matrix_analysis.json
B,objective5_impairment_matrix_v1_condition_B_trial05_attempt01,1,VALID,SUCCESS,0.2,0.0,0.0,0.0,0.0,0.0,0,0,0.1418936528990241,0.001893652899024073,2,NOT_AVAILABLE,NOT_AVAILABLE,NOT_AVAILABLE,False,0.0,0,0,0.0,0.0,NONE,0.2097663551401868,0.2099999999999999,0.21999999999999886,0.21999999999999886,0,0,0,0,True,NOT_AVAILABLE,NOT_AVAILABLE,NOT_AVAILABLE,VALID,True,CODE_IDENTITY_ONLY,../objective5_impairment_matrix_v1_condition_B_trial05_attempt01_analysis/frozen_params.json,../objective5_impairment_matrix_v1_condition_B_trial05_attempt01_analysis/trial_verdict.json,../objective5_impairment_matrix_v1_condition_B_trial05_attempt01_analysis/matrix_analysis.json
C,objective5_impairment_matrix_v1_condition_C_trial01_attempt01,1,VALID,SUCCESS,1.0,0.0,0.0,0.0,0.0,0.0,0,0,0.1413368685333981,0.0013368685333980945,2,NOT_AVAILABLE,NOT_AVAILABLE,NOT_AVAILABLE,False,0.0,0,0,0.0,0.0,NONE,1.0001793721973093,1.000221238938053,1.0,1.0,0,0,0,0,True,NOT_AVAILABLE,NOT_AVAILABLE,NOT_AVAILABLE,VALID,True,CODE_IDENTITY_ONLY,../objective5_impairment_matrix_v1_condition_C_trial01_attempt01_analysis/frozen_params.json,../objective5_impairment_matrix_v1_condition_C_trial01_attempt01_analysis/trial_verdict.json,../objective5_impairment_matrix_v1_condition_C_trial01_attempt01_analysis/matrix_analysis.json
C,objective5_impairment_matrix_v1_condition_C_trial02_attempt01,1,VALID,SUCCESS,1.0,0.0,0.0,0.0,0.0,0.0,0,0,0.14811357904635797,0.008113579046357955,2,NOT_AVAILABLE,NOT_AVAILABLE,NOT_AVAILABLE,False,0.0,0,0,0.0,0.0,NONE,0.9997752808988761,1.0002660753880264,1.0,1.0,0,0,0,0,True,NOT_AVAILABLE,NOT_AVAILABLE,NOT_AVAILABLE,VALID,True,CODE_IDENTITY_ONLY,../objective5_impairment_matrix_v1_condition_C_trial02_attempt01_analysis/frozen_params.json,../objective5_impairment_matrix_v1_condition_C_trial02_attempt01_analysis/trial_verdict.json,../objective5_impairment_matrix_v1_condition_C_trial02_attempt01_analysis/matrix_analysis.json
C,objective5_impairment_matrix_v1_condition_C_trial03_attempt01,1,VALID,SUCCESS,1.0,0.0,0.0,0.0,0.0,0.0,0,0,0.14942341444857474,0.009423414448574724,2,NOT_AVAILABLE,NOT_AVAILABLE,NOT_AVAILABLE,False,0.0,0,0,0.0,0.0,NONE,1.000175824175824,0.999954751133484,1.0,1.0,0,0,0,0,True,NOT_AVAILABLE,NOT_AVAILABLE,NOT_AVAILABLE,VALID,True,CODE_IDENTITY_ONLY,../objective5_impairment_matrix_v1_condition_C_trial03_attempt01_analysis/frozen_params.json,../objective5_impairment_matrix_v1_condition_C_trial03_attempt01_analysis/trial_verdict.json,../objective5_impairment_matrix_v1_condition_C_trial03_attempt01_analysis/matrix_analysis.json
C,objective5_impairment_matrix_v1_condition_C_trial04_attempt01,1,VALID,SUCCESS,1.0,0.0,0.0,0.0,0.0,0.0,0,0,0.14088588504310082,0.0008858850431008036,2,NOT_AVAILABLE,NOT_AVAILABLE,NOT_AVAILABLE,False,0.0,0,0,0.0,0.0,NONE,1.0001327433650442,1.0070588235315903,1.0,1.0,0,0,0,0,True,NOT_AVAILABLE,NOT_AVAILABLE,NOT_AVAILABLE,VALID,True,CODE_IDENTITY_ONLY,../objective5_impairment_matrix_v1_condition_C_trial04_attempt01_analysis/frozen_params.json,../objective5_impairment_matrix_v1_condition_C_trial04_attempt01_analysis/trial_verdict.json,../objective5_impairment_matrix_v1_condition_C_trial04_attempt01_analysis/matrix_analysis.json
C,objective5_impairment_matrix_v1_condition_C_trial05_attempt01,1,VALID,UNSAFE_FAILURE,1.0,0.0,0.0,0.0,0.0,0.0,0,0,0.13890857361707953,-0.0010914263829204796,2,NOT_AVAILABLE,NOT_AVAILABLE,NOT_AVAILABLE,False,0.0,0,0,0.0,0.0,NONE,1.000176600441501,1.0001333333333333,1.0,1.0,0,0,0,0,True,NOT_AVAILABLE,NOT_AVAILABLE,NOT_AVAILABLE,VALID,True,CODE_IDENTITY_ONLY,../objective5_impairment_matrix_v1_condition_C_trial05_attempt01_analysis/frozen_params.json,../objective5_impairment_matrix_v1_condition_C_trial05_attempt01_analysis/trial_verdict.json,../objective5_impairment_matrix_v1_condition_C_trial05_attempt01_analysis/matrix_analysis.json
D,objective5_impairment_matrix_v1_condition_D_trial01_attempt01,1,VALID,SUCCESS,0.15,0.3,0.0,0.0,0.0,0.0,4001,14001,0.1444723957613864,0.0044723957613863885,2,NOT_AVAILABLE,NOT_AVAILABLE,NOT_AVAILABLE,False,0.0,0,0,0.0,0.0,NONE,0.16350230413824737,0.15855813953255696,0.29999999999999716,0.29999999999999716,89,92,0,0,True,NOT_AVAILABLE,NOT_AVAILABLE,NOT_AVAILABLE,VALID,True,CODE_IDENTITY_ONLY,../objective5_impairment_matrix_v1_condition_D_trial01_attempt01_analysis/frozen_params.json,../objective5_impairment_matrix_v1_condition_D_trial01_attempt01_analysis/trial_verdict.json,../objective5_impairment_matrix_v1_condition_D_trial01_attempt01_analysis/matrix_analysis.json
D,objective5_impairment_matrix_v1_condition_D_trial02_attempt01,1,VALID,SUCCESS,0.15,0.3,0.0,0.0,0.0,0.0,4002,14002,0.1516223239385512,0.011622323938551199,2,NOT_AVAILABLE,NOT_AVAILABLE,NOT_AVAILABLE,False,0.0,0,0,0.0,0.0,NONE,0.1620930232441849,0.1578997613341276,0.29999999999999716,0.29999999999999716,91,83,0,0,True,NOT_AVAILABLE,NOT_AVAILABLE,NOT_AVAILABLE,VALID,True,CODE_IDENTITY_ONLY,../objective5_impairment_matrix_v1_condition_D_trial02_attempt01_analysis/frozen_params.json,../objective5_impairment_matrix_v1_condition_D_trial02_attempt01_analysis/trial_verdict.json,../objective5_impairment_matrix_v1_condition_D_trial02_attempt01_analysis/matrix_analysis.json
D,objective5_impairment_matrix_v1_condition_D_trial03_attempt01,1,VALID,SUCCESS,0.15,0.3,0.0,0.0,0.0,0.0,4003,14003,0.14016992055075728,0.0001699205507572632,2,NOT_AVAILABLE,NOT_AVAILABLE,NOT_AVAILABLE,False,0.0,0,0,0.0,0.0,NONE,0.16577367204849763,0.16468181816818056,0.29999999999999716,0.29999999999999716,80,78,0,0,True,NOT_AVAILABLE,NOT_AVAILABLE,NOT_AVAILABLE,VALID,True,CODE_IDENTITY_ONLY,../objective5_impairment_matrix_v1_condition_D_trial03_attempt01_analysis/frozen_params.json,../objective5_impairment_matrix_v1_condition_D_trial03_attempt01_analysis/trial_verdict.json,../objective5_impairment_matrix_v1_condition_D_trial03_attempt01_analysis/matrix_analysis.json
D,objective5_impairment_matrix_v1_condition_D_trial05_attempt01,1,VALID,SUCCESS,0.15,0.3,0.0,0.0,0.0,0.0,4005,14005,0.14919158786608294,0.009191587866082929,2,NOT_AVAILABLE,NOT_AVAILABLE,NOT_AVAILABLE,False,0.0,0,0,0.0,0.0,NONE,0.15287671232191657,0.1611235954988751,0.29999999999999716,0.29999999999999716,103,94,0,0,True,NOT_AVAILABLE,NOT_AVAILABLE,NOT_AVAILABLE,VALID,True,CODE_IDENTITY_ONLY,../objective5_impairment_matrix_v1_condition_D_trial05_attempt01_analysis/frozen_params.json,../objective5_impairment_matrix_v1_condition_D_trial05_attempt01_analysis/trial_verdict.json,../objective5_impairment_matrix_v1_condition_D_trial05_attempt01_analysis/matrix_analysis.json
D,objective5_impairment_matrix_v1_condition_D_trial06_attempt01,1,VALID,SUCCESS,0.15,0.3,0.0,0.0,0.0,0.0,4006,14006,0.14431858718680218,0.00431858718680217,2,NOT_AVAILABLE,NOT_AVAILABLE,NOT_AVAILABLE,False,0.0,0,0,0.0,0.0,NONE,0.1632634032564088,0.15972477063761362,0.29999999999999716,0.29999999999999716,96,94,0,0,True,NOT_AVAILABLE,NOT_AVAILABLE,NOT_AVAILABLE,VALID,True,CODE_IDENTITY_ONLY,../objective5_impairment_matrix_v1_condition_D_trial06_attempt01_analysis/frozen_params.json,../objective5_impairment_matrix_v1_condition_D_trial06_attempt01_analysis/trial_verdict.json,../objective5_impairment_matrix_v1_condition_D_trial06_attempt01_analysis/matrix_analysis.json
E,objective5_impairment_matrix_v1_condition_E_trial01_attempt01,1,VALID,SUCCESS,0.0,0.0,0.15,0.0,0.0,0.0,4001,14001,0.14662650300062452,0.006626503000624506,2,NOT_AVAILABLE,NOT_AVAILABLE,NOT_AVAILABLE,False,0.15,64,75,0.14780600461893764,0.17045454545454544,INDEPENDENT_BERNOULLI,0.01826558264498499,0.016876712317806828,0.020000000000003126,0.020000000000003126,0,0,0,0,True,NOT_AVAILABLE,NOT_AVAILABLE,NOT_AVAILABLE,VALID,True,REPORTED_VERIFIED_NO_STANDALONE_MANIFEST,../objective5_impairment_matrix_v1_condition_E_trial01_attempt01_analysis/frozen_params.json,../objective5_impairment_matrix_v1_condition_E_trial01_attempt01_analysis/trial_verdict.json,../objective5_impairment_matrix_v1_condition_E_trial01_attempt01_analysis/matrix_analysis.json
E,objective5_impairment_matrix_v1_condition_E_trial02_attempt01,1,VALID,SUCCESS,0.0,0.0,0.15,0.0,0.0,0.0,4002,14002,0.1476825875632454,0.0076825875632453855,2,NOT_AVAILABLE,NOT_AVAILABLE,NOT_AVAILABLE,False,0.15,66,74,0.14699331848552338,0.16192560175054704,INDEPENDENT_BERNOULLI,0.01634464750652616,0.017597911214097865,0.020000000000003126,0.020000000000003126,0,0,0,0,True,NOT_AVAILABLE,NOT_AVAILABLE,NOT_AVAILABLE,VALID,True,REPORTED_VERIFIED_NO_STANDALONE_MANIFEST,../objective5_impairment_matrix_v1_condition_E_trial02_attempt01_analysis/frozen_params.json,../objective5_impairment_matrix_v1_condition_E_trial02_attempt01_analysis/trial_verdict.json,../objective5_impairment_matrix_v1_condition_E_trial02_attempt01_analysis/matrix_analysis.json
E,objective5_impairment_matrix_v1_condition_E_trial03_attempt01,1,VALID,SUCCESS,0.0,0.0,0.15,0.0,0.0,0.0,4003,14003,0.14953894800279266,0.009538948002792647,2,NOT_AVAILABLE,NOT_AVAILABLE,NOT_AVAILABLE,False,0.15,54,48,0.1291866028708134,0.1103448275862069,INDEPENDENT_BERNOULLI,0.01697802196977886,0.018759689906975296,0.020000000000003126,0.020000000000003126,0,0,0,0,True,NOT_AVAILABLE,NOT_AVAILABLE,NOT_AVAILABLE,VALID,True,REPORTED_VERIFIED_NO_STANDALONE_MANIFEST,../objective5_impairment_matrix_v1_condition_E_trial03_attempt01_analysis/frozen_params.json,../objective5_impairment_matrix_v1_condition_E_trial03_attempt01_analysis/trial_verdict.json,../objective5_impairment_matrix_v1_condition_E_trial03_attempt01_analysis/matrix_analysis.json
E,objective5_impairment_matrix_v1_condition_E_trial04_attempt01,1,VALID,SUCCESS,0.0,0.0,0.15,0.0,0.0,0.0,4004,14004,0.14769971325561143,0.007699713255611418,2,NOT_AVAILABLE,NOT_AVAILABLE,NOT_AVAILABLE,False,0.15,68,60,0.15777262180974477,0.1366742596810934,INDEPENDENT_BERNOULLI,0.017961432501376044,0.018100263841687135,0.020000000000003126,0.020000000000003126,0,0,0,0,True,NOT_AVAILABLE,NOT_AVAILABLE,NOT_AVAILABLE,VALID,True,REPORTED_VERIFIED_NO_STANDALONE_MANIFEST,../objective5_impairment_matrix_v1_condition_E_trial04_attempt01_analysis/frozen_params.json,../objective5_impairment_matrix_v1_condition_E_trial04_attempt01_analysis/trial_verdict.json,../objective5_impairment_matrix_v1_condition_E_trial04_attempt01_analysis/matrix_analysis.json
E,objective5_impairment_matrix_v1_condition_E_trial05_attempt01,1,VALID,SUCCESS,0.0,0.0,0.15,0.0,0.0,0.0,4005,14005,0.14473378798227735,0.004733787982277332,2,NOT_AVAILABLE,NOT_AVAILABLE,NOT_AVAILABLE,False,0.15,75,70,0.17647058823529413,0.16129032258064516,INDEPENDENT_BERNOULLI,0.01799999999142693,0.018791208780218227,0.020000000000003126,0.020000000000003126,0,0,0,0,True,NOT_AVAILABLE,NOT_AVAILABLE,NOT_AVAILABLE,VALID,True,REPORTED_VERIFIED_NO_STANDALONE_MANIFEST,../objective5_impairment_matrix_v1_condition_E_trial05_attempt01_analysis/frozen_params.json,../objective5_impairment_matrix_v1_condition_E_trial05_attempt01_analysis/trial_verdict.json,../objective5_impairment_matrix_v1_condition_E_trial05_attempt01_analysis/matrix_analysis.json
F,objective5_impairment_matrix_v1_condition_F_trial01_attempt01,1,VALID,SUCCESS,0.0,0.0,0.0,15.0,0.7,10.0,4001,14001,0.1435979511442254,0.0035979511442253975,2,NOT_AVAILABLE,0.2839999999999982,NOT_AVAILABLE,False,0.0,24,26,0.0375,0.0401854714064915,SCHEDULED_OUTAGE,0.017564935060064304,0.0174557165797096,0.020000000000010232,0.020000000000010232,0,0,0,0,True,10,NOT_AVAILABLE,NOT_AVAILABLE,VALID,True,VERIFIED_WITH_STANDALONE_MANIFEST,../objective5_impairment_matrix_v1_condition_F_trial01_attempt01_analysis/frozen_params.json,../objective5_impairment_matrix_v1_condition_F_trial01_attempt01_analysis/trial_verdict.json,../objective5_impairment_matrix_v1_condition_F_trial01_attempt01_analysis/matrix_analysis.json
F,objective5_impairment_matrix_v1_condition_F_trial02_attempt01,1,VALID,SUCCESS,0.0,0.0,0.0,15.0,0.7,10.0,4002,14002,0.1519485791126714,0.011948579112671387,2,NOT_AVAILABLE,0.2319999999999986,NOT_AVAILABLE,False,0.0,24,24,0.03732503888024884,0.037037037037037035,SCHEDULED_OUTAGE,0.016575121156703714,0.017660256405448074,0.020000000000010232,0.020000000000010232,0,0,0,0,True,10,NOT_AVAILABLE,NOT_AVAILABLE,VALID,True,VERIFIED_WITH_STANDALONE_MANIFEST,../objective5_impairment_matrix_v1_condition_F_trial02_attempt01_analysis/frozen_params.json,../objective5_impairment_matrix_v1_condition_F_trial02_attempt01_analysis/trial_verdict.json,../objective5_impairment_matrix_v1_condition_F_trial02_attempt01_analysis/matrix_analysis.json
F,objective5_impairment_matrix_v1_condition_F_trial03_attempt01,1,VALID,SUCCESS,0.0,0.0,0.0,15.0,0.7,10.0,4003,14003,0.14662546676383612,0.006625466763836102,2,NOT_AVAILABLE,0.2566666666666668,NOT_AVAILABLE,False,0.0,20,22,0.044543429844097995,0.04835164835164835,SCHEDULED_OUTAGE,0.018041958027970845,0.017829099293301363,0.020000000000003126,0.020000000000003126,0,0,0,0,True,6,NOT_AVAILABLE,NOT_AVAILABLE,VALID,True,VERIFIED_WITH_STANDALONE_MANIFEST,../objective5_impairment_matrix_v1_condition_F_trial03_attempt01_analysis/frozen_params.json,../objective5_impairment_matrix_v1_condition_F_trial03_attempt01_analysis/trial_verdict.json,../objective5_impairment_matrix_v1_condition_F_trial03_attempt01_analysis/matrix_analysis.json
F,objective5_impairment_matrix_v1_condition_F_trial04_attempt01,1,VALID,SUCCESS,0.0,0.0,0.0,15.0,0.7,10.0,4004,14004,0.15101714185223786,0.011017141852237844,2,NOT_AVAILABLE,0.22199999999999848,NOT_AVAILABLE,False,0.0,30,30,0.046801872074883,0.04636785162287481,SCHEDULED_OUTAGE,0.017152209489360807,0.01721231765640106,0.020000000000003126,0.020000000000010232,0,0,0,0,True,10,NOT_AVAILABLE,NOT_AVAILABLE,VALID,True,VERIFIED_WITH_STANDALONE_MANIFEST,../objective5_impairment_matrix_v1_condition_F_trial04_attempt01_analysis/frozen_params.json,../objective5_impairment_matrix_v1_condition_F_trial04_attempt01_analysis/trial_verdict.json,../objective5_impairment_matrix_v1_condition_F_trial04_attempt01_analysis/matrix_analysis.json
F,objective5_impairment_matrix_v1_condition_F_trial05_attempt01,1,VALID,SUCCESS,0.0,0.0,0.0,15.0,0.7,10.0,4005,14005,0.14728944626764628,0.007289446267646271,2,NOT_AVAILABLE,0.2799999999999985,NOT_AVAILABLE,False,0.0,30,30,0.04672897196261682,0.046875,SCHEDULED_OUTAGE,0.01852941175326694,0.017836065565572812,0.020000000000006325,0.020000000000010232,0,0,0,0,True,10,NOT_AVAILABLE,NOT_AVAILABLE,VALID,True,VERIFIED_WITH_STANDALONE_MANIFEST,../objective5_impairment_matrix_v1_condition_F_trial05_attempt01_analysis/frozen_params.json,../objective5_impairment_matrix_v1_condition_F_trial05_attempt01_analysis/trial_verdict.json,../objective5_impairment_matrix_v1_condition_F_trial05_attempt01_analysis/matrix_analysis.json
G,objective5_impairment_matrix_v1_condition_G_trial01_attempt01,1,VALID,SUCCESS,0.2,0.2,0.1,0.0,0.0,0.0,4001,14001,0.1431967129721379,0.0031967129721378884,2,NOT_AVAILABLE,NOT_AVAILABLE,NOT_AVAILABLE,False,0.1,41,56,0.08836206896551724,0.11864406779661017,INDEPENDENT_BERNOULLI,0.21229314419621623,0.214278846134614,0.29999999999999716,0.29999999999999716,43,30,0,0,True,2,NOT_AVAILABLE,NOT_AVAILABLE,VALID,True,VERIFIED_WITH_STANDALONE_MANIFEST,../objective5_impairment_matrix_v1_condition_G_trial01_attempt01_analysis/frozen_params.json,../objective5_impairment_matrix_v1_condition_G_trial01_attempt01_analysis/trial_verdict.json,../objective5_impairment_matrix_v1_condition_G_trial01_attempt01_analysis/matrix_analysis.json
G,objective5_impairment_matrix_v1_condition_G_trial02_attempt01,1,VALID,UNSAFE_FAILURE,0.2,0.2,0.1,0.0,0.0,0.0,4002,14002,0.1396690407705024,-0.00033095922949760714,2,NOT_AVAILABLE,NOT_AVAILABLE,NOT_AVAILABLE,False,0.1,44,50,0.10352941176470588,0.11574074074074074,INDEPENDENT_BERNOULLI,0.21154855641994638,0.2075916230314123,0.29999999999999716,0.29999999999999716,31,37,0,0,True,2,NOT_AVAILABLE,NOT_AVAILABLE,VALID,True,VERIFIED_WITH_STANDALONE_MANIFEST,../objective5_impairment_matrix_v1_condition_G_trial02_attempt01_analysis/frozen_params.json,../objective5_impairment_matrix_v1_condition_G_trial02_attempt01_analysis/trial_verdict.json,../objective5_impairment_matrix_v1_condition_G_trial02_attempt01_analysis/matrix_analysis.json
G,objective5_impairment_matrix_v1_condition_G_trial03_attempt01,1,VALID,SUCCESS,0.2,0.2,0.1,0.0,0.0,0.0,4003,14003,0.1498907028615544,0.009890702861554385,2,NOT_AVAILABLE,NOT_AVAILABLE,NOT_AVAILABLE,False,0.1,40,32,0.09259259259259259,0.07289293849658314,INDEPENDENT_BERNOULLI,0.20831632651275384,0.20766584766093238,0.29999999999999716,0.29999999999999716,41,42,0,0,True,2,NOT_AVAILABLE,NOT_AVAILABLE,VALID,True,VERIFIED_WITH_STANDALONE_MANIFEST,../objective5_impairment_matrix_v1_condition_G_trial03_attempt01_analysis/frozen_params.json,../objective5_impairment_matrix_v1_condition_G_trial03_attempt01_analysis/trial_verdict.json,../objective5_impairment_matrix_v1_condition_G_trial03_attempt01_analysis/matrix_analysis.json
G,objective5_impairment_matrix_v1_condition_G_trial04_attempt01,1,VALID,SUCCESS,0.2,0.2,0.1,0.0,0.0,0.0,4004,14004,0.1430484304569504,0.003048430456950385,2,NOT_AVAILABLE,NOT_AVAILABLE,NOT_AVAILABLE,False,0.1,53,43,0.11648351648351649,0.09706546275395034,INDEPENDENT_BERNOULLI,0.21149253730099363,0.20809999998749862,0.29999999999999716,0.29999999999999716,44,32,0,0,True,2,NOT_AVAILABLE,NOT_AVAILABLE,VALID,True,VERIFIED_WITH_STANDALONE_MANIFEST,../objective5_impairment_matrix_v1_condition_G_trial04_attempt01_analysis/frozen_params.json,../objective5_impairment_matrix_v1_condition_G_trial04_attempt01_analysis/trial_verdict.json,../objective5_impairment_matrix_v1_condition_G_trial04_attempt01_analysis/matrix_analysis.json
G,objective5_impairment_matrix_v1_condition_G_trial05_attempt01,1,VALID,SUCCESS,0.2,0.2,0.1,0.0,0.0,0.0,4005,14005,0.1429028107215421,0.0029028107215420818,2,NOT_AVAILABLE,NOT_AVAILABLE,NOT_AVAILABLE,False,0.1,41,51,0.09601873536299765,0.11778290993071594,INDEPENDENT_BERNOULLI,0.20616580310362567,0.2084293193586376,0.29999999999999716,0.29999999999999716,27,33,0,0,True,2,NOT_AVAILABLE,NOT_AVAILABLE,VALID,True,VERIFIED_WITH_STANDALONE_MANIFEST,../objective5_impairment_matrix_v1_condition_G_trial05_attempt01_analysis/frozen_params.json,../objective5_impairment_matrix_v1_condition_G_trial05_attempt01_analysis/trial_verdict.json,../objective5_impairment_matrix_v1_condition_G_trial05_attempt01_analysis/matrix_analysis.json
