experiment_id,category,phase_or_objective,scenario,status,evidence_level,formal_or_diagnostic,controller_version,protocol_version,git_commit,date,trial_count,pass_count,failed_count,world_or_hardware,impairment_condition,bag_path,log_path,analysis_path,summary_path,config_path,realtime_factor,trigger_reason,included_in_paper,exclusion_reason,known_limitations,notes,verification_status,verification_basis
epuck2_comm_unit_tests,01_protocol_and_unit_tests,Objective2/3,protocol+library unit tests,PASS,UNIT_TEST,formal,controller_v4_timebase_fix_20260717,PROTOCOL_VERSION=1,03ce36c,2026-07-17,126,126,0,N/A,none,N/A,N/A,N/A,N/A,src/epuck2_comm/test/,N/A,N/A,YES,,run via colcon test; 126/126 confirmed in rebuilt workspace,pytest test count grew across session (91->96->100->108->121->126) as features were added,DIRECTLY_VERIFIED,colcon test-result output read directly this session (126 tests 0 errors 0 failures)
epuck_state_msg_protocol_freeze,01_protocol_and_unit_tests,Objective2,EpuckState.msg PROTOCOL_VERSION=1,SEALED,DERIVED_ANALYSIS,formal,N/A,PROTOCOL_VERSION=1,b5a0351,2026-07-17,N/A,N/A,N/A,N/A,none,N/A,N/A,N/A,N/A,src/epuck2_comm_interfaces/PROTOCOL_FREEZE_20260717.md,N/A,N/A,YES,,,SHA-256 a7ec4184dec52b157a87beea20b44fb2dff5c6dee199d0c76b7c347c26abe15b; no field may be added/removed/reordered without a new PROTOCOL_VERSION,DIRECTLY_VERIFIED,PROTOCOL_FREEZE_20260717.md path read directly; SHA-256 computed directly this session
controller_v2_static_box_pilot_a,02_controller_regression,controller_v2_dev,static wooden box local avoidance,FAIL,PILOT,diagnostic,controller_v2_local_latch_20260717,pre-freeze,922a580,2026-07-17,1,0,1,Webots,none,experiments/controller_v2_local_latch_20260717/bags/controller_v2_local_latch_20260717_static_box_pilot_a,experiments/controller_v2_local_latch_20260717/logs/,experiments/controller_v2_local_latch_20260717/bags/controller_v2_local_latch_20260717_static_box_pilot_a/analysis/,N/A,experiments/controller_v2_local_latch_20260717/config/static_box_v2/,unknown,N/A,NO,controller-development diagnostic,not re-verified this indexing pass; verdict from prior-session record,controller_v2 development evidence; not formal comm-performance statistics,UNVERIFIED,仅依据历史会话记录; analysis/ files exist per directory scan but their content (summary.json etc.) was not re-read this pass
controller_v2_static_box_pilot_a2,02_controller_regression,controller_v2_dev,static wooden box local avoidance,PASS,PILOT,diagnostic,controller_v2_local_latch_20260717,pre-freeze,922a580,2026-07-17,1,1,0,Webots,none,experiments/controller_v2_local_latch_20260717/bags/controller_v2_local_latch_20260717_static_box_pilot_a2,experiments/controller_v2_local_latch_20260717/logs/,experiments/controller_v2_local_latch_20260717/bags/controller_v2_local_latch_20260717_static_box_pilot_a2/analysis/,N/A,experiments/controller_v2_local_latch_20260717/config/static_box_v2/,unknown,N/A,NO,controller-development diagnostic,not re-verified this indexing pass; verdict from prior-session record,controller_v2 development evidence; superseded by controller_v3/v4,UNVERIFIED,仅依据历史会话记录; analysis/ files exist per directory scan but their content was not re-read this pass
controller_v3_static_box_a3,02_controller_regression,controller_v3_dev,static wooden box local avoidance,PARTIAL,PILOT,diagnostic,controller_v3_unified_encounter_20260717,pre-freeze,d2ef811,2026-07-17,1,0,1,Webots,none,experiments/controller_v3_unified_encounter_20260717/bags/controller_v3_unified_encounter_20260717_static_box_a3,experiments/controller_v3_unified_encounter_20260717/logs/,experiments/controller_v3_unified_encounter_20260717/bags/controller_v3_unified_encounter_20260717_static_box_a3/analysis/,N/A,experiments/controller_v3_unified_encounter_20260717/config/static_box_v3/,unknown,N/A,NO,controller-development diagnostic; forensic evidence for v4 design,not re-verified this indexing pass; verdict from prior-session record,pilot_a3 forensic diagnostic that directly motivated controller_v4's turn-ledger redesign,UNVERIFIED,仅依据历史会话记录; analysis/ files exist per directory scan but their content was not re-read this pass
v4_pilot_a_static_box_a,02_controller_regression,controller_v4_dev,static box local avoidance pilot_v4_a attempt1,FAIL,PILOT,diagnostic,controller_v4_full_sensor_bypass_20260717,pre-freeze,9e4e941,2026-07-17,1,0,1,Webots,none,experiments/controller_v4_full_sensor_bypass_20260717/bags/controller_v4_full_sensor_bypass_20260717_static_box_a,experiments/controller_v4_full_sensor_bypass_20260717/logs/,.../static_box_a/analysis/,N/A,experiments/controller_v4_full_sensor_bypass_20260717/config/static_box_v4/,unknown,N/A,NO,controller-development diagnostic,SIDE_TRACK permanent stall defect found and fixed (commit 8d3b54a),pilot_v4_a attempt #1,SUMMARY_VERIFIED,git commit message at 8d3b54a describes the SIDE_TRACK stall this trial exhibited; verdict.json not re-read this pass
v4_pilot_a_static_box_b,02_controller_regression,controller_v4_dev,static box local avoidance pilot_v4_a attempt2,FAIL,PILOT,diagnostic,controller_v4_full_sensor_bypass_20260717,pre-freeze,37e7c77,2026-07-17,1,0,1,Webots,none,experiments/controller_v4_full_sensor_bypass_20260717/bags/controller_v4_full_sensor_bypass_20260717_static_box_b,experiments/controller_v4_full_sensor_bypass_20260717/logs/,.../static_box_b/analysis/,N/A,experiments/controller_v4_full_sensor_bypass_20260717/config/static_box_v4/,unknown,N/A,NO,controller-development diagnostic,no collision but no progress; all zone sensors stayed inf; fixed via c84c791,pilot_v4_a attempt #2,SUMMARY_VERIFIED,"git commit message at 37e7c77 states no collision, no progress, all zone sensors stayed inf directly; verdict.json not re-read this pass"
v4_pilot_a_static_box_c,02_controller_regression,controller_v4_dev,static box local avoidance pilot_v4_a attempt3,FAIL,PILOT,diagnostic,controller_v4_full_sensor_bypass_20260717,pre-freeze,bc8572a,2026-07-17,1,0,1,Webots,none,experiments/controller_v4_full_sensor_bypass_20260717/bags/controller_v4_full_sensor_bypass_20260717_static_box_c,experiments/controller_v4_full_sensor_bypass_20260717/logs/,.../static_box_c/analysis/,N/A,experiments/controller_v4_full_sensor_bypass_20260717/config/static_box_v4/,unknown,N/A,NO,controller-development diagnostic,reached PASS_CONFIRM but FAILSAFE from turn-ledger ceiling; fixed via command-gated ledger 44c47ea,pilot_v4_a attempt #3,SUMMARY_VERIFIED,"git commit message at bc8572a states no collision, reached PASS_CONFIRM, FAILSAFE from turn-ledger ceiling directly; verdict.json not re-read this pass"
v4_pilot_a4_static_box_d,02_controller_regression,controller_v4_dev,static box local avoidance pilot_v4_a4,PASS,PILOT,diagnostic,controller_v4_full_sensor_bypass_20260717,pre-freeze,d67c1ab,2026-07-17,1,1,0,Webots,none,experiments/controller_v4_full_sensor_bypass_20260717/bags/controller_v4_full_sensor_bypass_20260717_static_box_d,experiments/controller_v4_full_sensor_bypass_20260717/logs/,.../static_box_d/analysis/,N/A,experiments/controller_v4_full_sensor_bypass_20260717/config/static_box_v4/,unknown,N/A,NO,"controller-development diagnostic (exclusionary, not pooled with formal Phase1 static-box stats)",,"pilot_v4_a4 trial d; first genuine full PASS for the v4 local state machine (no collision, PASS_CONFIRM+LOCAL_RECOVER+CRUISE, clearance 0.128m)",SUMMARY_VERIFIED,"git commit message at d67c1ab states PASS -- no collision, full PASS_CONFIRM+LOCAL_RECOVER+CRUISE, min clearance 0.128m, max x 0.042m directly; verdict.json not re-read this pass"
v4_pilot_b_static_box_fusion_a,02_controller_regression,controller_v4_dev,static box + stationary peer fusion pilot_v4_b,FAIL,PILOT,diagnostic,controller_v4_full_sensor_bypass_20260717,pre-freeze,8bcc652,2026-07-17,1,0,1,Webots,none,experiments/controller_v4_full_sensor_bypass_20260717/bags/controller_v4_full_sensor_bypass_20260717_static_box_fusion_a,experiments/controller_v4_full_sensor_bypass_20260717/logs/,.../static_box_fusion_a/analysis/,N/A,experiments/controller_v4_full_sensor_bypass_20260717/config/static_box_v4/,unknown,N/A,NO,controller-development diagnostic,no collision but no LOCAL_RECOVER/FAILSAFE; never passed box; motivated the ROS-time-consistency investigation,pilot_v4_b,SUMMARY_VERIFIED,"git commit message at 8bcc652 states FAIL -- no collision but no LOCAL_RECOVER, FAILSAFE, never passed box directly; verdict.json not re-read this pass"
v4_pilot_b2_static_box_fusion_b2,02_controller_regression,controller_v4_dev,static box + stationary peer fusion pilot_v4_b2,PARTIAL,PILOT,diagnostic,controller_v4_ros_time_consistency,pre-freeze,ba8ae0e,2026-07-17,1,0,0,Webots,none,experiments/controller_v4_full_sensor_bypass_20260717/bags/controller_v4_full_sensor_bypass_20260717_static_box_fusion_b2,experiments/controller_v4_full_sensor_bypass_20260717/logs/,.../static_box_fusion_b2/analysis/,N/A,experiments/controller_v4_full_sensor_bypass_20260717/config/static_box_v4/,unknown,N/A,NO,safe completion but real max_x=-0.18925m fell short of -0.175m pass threshold,ROS-time fix eliminated the FAILSAFE seen in fusion_a; no collision; full recovery; not counted as PASS since box was not truly passed,classified as safe completion but insufficient observation per explicit user ruling; NOT reclassified as formal PASS,SUMMARY_VERIFIED,git commit message at ba8ae0e states the exact max_x=-0.18925m vs -0.175m threshold figures directly; verdict.json not re-read this pass
v4_pilot_b3_static_box_fusion_b3,02_controller_regression,controller_v4_dev,static box + stationary peer fusion pilot_v4_b3,PASS,PILOT,diagnostic,controller_v4_ros_time_consistency,pre-freeze,06e2b5c,2026-07-17,1,1,0,Webots,none,experiments/controller_v4_full_sensor_bypass_20260717/bags/controller_v4_full_sensor_bypass_20260717_static_box_fusion_b3,experiments/controller_v4_full_sensor_bypass_20260717/logs/,.../static_box_fusion_b3/analysis/,N/A,experiments/controller_v4_full_sensor_bypass_20260717/config/static_box_v4/,0.956/0.970,N/A,NO,controller-development diagnostic (exclusionary),ground-truth criteria all met via early-success watcher cross-check,max_runtime_s extended 55s->70s for observation window only (not an avoidance-parameter change) per explicit user authorization,SUMMARY_VERIFIED,git commit message at 06e2b5c states PASS -- ground-truth criteria all met directly; realtime factors quoted from that commit's evidence; verdict.json not re-read this pass
v4_pure_cpa_head_on_cpa_pure_c1,03_phase4_task_validation,Phase4/Objective4,pure dual-robot CPA no box,PASS,PILOT,diagnostic,controller_v4_ros_time_consistency,pre-freeze,4d70beb,2026-07-17,1,1,0,Webots,none,experiments/controller_v4_full_sensor_bypass_20260717/bags/controller_v4_full_sensor_bypass_20260717_head_on_cpa_pure_c1,experiments/controller_v4_full_sensor_bypass_20260717/logs/,.../head_on_cpa_pure_c1/analysis/,N/A,experiments/controller_v4_full_sensor_bypass_20260717/config/head_on_cpa_v4/,0.956/0.950,"PROXIMITY_FALLBACK (near-tie with PREDICTED_CPA, dcpa crossed 0.14m one tick after trigger)",NO,exclusionary pilot (pilot_v4_c); not pooled with formal statistics,local avoidance left enabled to positively confirm no mis-trigger (0 LOCAL_* occurrences),trigger_reason computed post-hoc via analyze_trigger_reason.py (commit 28f78d6),DIRECTLY_VERIFIED,static_v4_head_on_cpa_verdict.json and trigger_reason_summary.json read directly this session
v4_combined_pilot_trial1,03_phase4_task_validation,Phase4/Objective4,staged local-obstacle then communication-assisted proximity/cooperative avoidance,PASS,PILOT,diagnostic,controller_v4_ros_time_consistency,pre-freeze,fd0f03d,2026-07-17,1,1,0,Webots,none,experiments/controller_v4_full_sensor_bypass_20260717/bags/controller_v4_full_sensor_bypass_20260717_combined_trial1,experiments/controller_v4_full_sensor_bypass_20260717/logs/,.../combined_trial1/analysis/,N/A,experiments/controller_v4_full_sensor_bypass_20260717/config/combined_v4/,1.004/0.912,N/A (trigger_reason tooling added later),NO,exclusionary pilot; superseded by combined_trial2_timebasefix,,the scenario that originally surfaced the controller_v1 box-corner runaway-turn defect; first clean pass under v4,DIRECTLY_VERIFIED,static_v4_combined_verdict.json read directly this session
v4_combined_pilot_trial2_timebasefix,03_phase4_task_validation,Phase4/Objective4,staged local-obstacle then communication-assisted proximity/cooperative avoidance,PASS,PILOT,diagnostic,controller_v4_timebase_fix_20260717,pre-freeze,06e0f0f,2026-07-17,1,1,0,Webots,none,experiments/controller_v4_full_sensor_bypass_20260717/bags/controller_v4_full_sensor_bypass_20260717_combined_trial2_timebasefix,experiments/controller_v4_full_sensor_bypass_20260717/logs/,.../combined_trial2_timebasefix/analysis/,N/A,experiments/controller_v4_full_sensor_bypass_20260717/config/combined_v4/,1.006/0.966,PROXIMITY_FALLBACK (dcpa=0.211m),NO,exclusionary pilot; final validation pilot before Phase4 formal Trial01,,confirms stopped_by_max_runtime_only=false and TIMEBASE_INIT correct after the started_at clock-init-race fix (980e7d0),DIRECTLY_VERIFIED,static_v4_combined_verdict.json and trigger_reason_summary.json read directly this session
v4_phase4_formal_trial01,03_phase4_task_validation,Phase4/Objective4,staged local-obstacle then communication-assisted proximity/cooperative avoidance,PASS,FORMAL_SIM,formal,controller_v4_timebase_fix_20260717,PROTOCOL_VERSION=1,af73661,2026-07-17,1,1,0,Webots,none,experiments/controller_v4_full_sensor_bypass_20260717/bags/controller_v4_full_sensor_bypass_20260717_combined_formal_trial01,experiments/controller_v4_full_sensor_bypass_20260717/logs/,.../combined_formal_trial01/analysis/,experiments/controller_v4_full_sensor_bypass_20260717/PHASE4_FORMAL_EVIDENCE_MANIFEST_20260717.md,experiments/controller_v4_full_sensor_bypass_20260717/config/combined_v4/,not auto-measured; user directly confirmed on-screen factor in 0.8-1.2,PROXIMITY_FALLBACK (dcpa=0.1979m),YES,,realtime factor not machine-measured for this one trial (manually observed run); a first attempt with the same name failed to capture the controller log and is preserved separately as *_INCOMPLETE_no_controller_log,"manually run, step-by-step, directly observed by the user in Webots; SEALED as part of Phase4 formal batch (e32560e)",DIRECTLY_VERIFIED,formal_trial01_verdict.json read directly this session; also covered by sealed PHASE4_FORMAL_EVIDENCE_MANIFEST_20260717.md
v4_phase4_formal_trial01_incomplete,09_legacy_and_excluded,Phase4/Objective4,staged local-obstacle then communication-assisted proximity/cooperative avoidance,EXCLUDED,PILOT,diagnostic,controller_v4_timebase_fix_20260717,PROTOCOL_VERSION=1,N/A (never committed as formal),2026-07-17,1,0,0,Webots,none,experiments/controller_v4_full_sensor_bypass_20260717/bags/controller_v4_full_sensor_bypass_20260717_combined_formal_trial01_INCOMPLETE_no_controller_log,experiments/controller_v4_full_sensor_bypass_20260717/logs/,none,N/A,experiments/controller_v4_full_sensor_bypass_20260717/config/combined_v4/,unknown,N/A,NO,manual command for the controller step had no log redirection; AVOID_TURN/LOCAL_*/FAILSAFE/TASK_COMPLETE ordering could not be verified,geometry/separation data only; no controller log captured,"preserved (renamed, not deleted) rather than overwritten when Trial01 was correctly rerun",DIRECTLY_VERIFIED,metadata.yaml existence and missing analysis/ directly confirmed via directory scan this session; absence of controller log directly observed during the original run
v4_phase4_formal_trial02,03_phase4_task_validation,Phase4/Objective4,staged local-obstacle then communication-assisted proximity/cooperative avoidance,PASS,FORMAL_SIM,formal,controller_v4_timebase_fix_20260717,PROTOCOL_VERSION=1,cee361d,2026-07-17,1,1,0,Webots,none,experiments/controller_v4_full_sensor_bypass_20260717/bags/controller_v4_full_sensor_bypass_20260717_combined_formal_trial02,experiments/controller_v4_full_sensor_bypass_20260717/logs/,.../combined_formal_trial02/analysis/,experiments/controller_v4_full_sensor_bypass_20260717/PHASE4_FORMAL_EVIDENCE_MANIFEST_20260717.md,experiments/controller_v4_full_sensor_bypass_20260717/config/combined_v4/,0.987/0.963,PROXIMITY_FALLBACK (dcpa=0.1972m),YES,,,automated via run_combined_v4_pilot.sh; SEALED (e32560e),DIRECTLY_VERIFIED,static_v4_combined_verdict.json and formal_trial02_verdict.json read directly this session; also covered by sealed PHASE4_FORMAL_EVIDENCE_MANIFEST_20260717.md
v4_phase4_formal_trial03,03_phase4_task_validation,Phase4/Objective4,staged local-obstacle then communication-assisted proximity/cooperative avoidance,PASS,FORMAL_SIM,formal,controller_v4_timebase_fix_20260717,PROTOCOL_VERSION=1,21cc69b,2026-07-17,1,1,0,Webots,none,experiments/controller_v4_full_sensor_bypass_20260717/bags/controller_v4_full_sensor_bypass_20260717_combined_formal_trial03,experiments/controller_v4_full_sensor_bypass_20260717/logs/,.../combined_formal_trial03/analysis/,experiments/controller_v4_full_sensor_bypass_20260717/PHASE4_FORMAL_EVIDENCE_MANIFEST_20260717.md,experiments/controller_v4_full_sensor_bypass_20260717/config/combined_v4/,0.959/1.018,PROXIMITY_FALLBACK (dcpa=0.2084m),YES,,,automated via run_combined_v4_pilot.sh; SEALED (e32560e),DIRECTLY_VERIFIED,static_v4_combined_verdict.json read directly this session; also covered by sealed PHASE4_FORMAL_EVIDENCE_MANIFEST_20260717.md
v4_phase4_formal_trial04,03_phase4_task_validation,Phase4/Objective4,staged local-obstacle then communication-assisted proximity/cooperative avoidance,PASS,FORMAL_SIM,formal,controller_v4_timebase_fix_20260717,PROTOCOL_VERSION=1,f10a367,2026-07-17,1,1,0,Webots,none,experiments/controller_v4_full_sensor_bypass_20260717/bags/controller_v4_full_sensor_bypass_20260717_combined_formal_trial04,experiments/controller_v4_full_sensor_bypass_20260717/logs/,.../combined_formal_trial04/analysis/,experiments/controller_v4_full_sensor_bypass_20260717/PHASE4_FORMAL_EVIDENCE_MANIFEST_20260717.md,experiments/controller_v4_full_sensor_bypass_20260717/config/combined_v4/,1.002/0.965,PROXIMITY_FALLBACK (dcpa=0.2131m),YES,,,automated via run_combined_v4_pilot.sh; SEALED (e32560e),DIRECTLY_VERIFIED,static_v4_combined_verdict.json read directly this session; also covered by sealed PHASE4_FORMAL_EVIDENCE_MANIFEST_20260717.md
v4_phase4_formal_trial05,03_phase4_task_validation,Phase4/Objective4,staged local-obstacle then communication-assisted proximity/cooperative avoidance,PASS,FORMAL_SIM,formal,controller_v4_timebase_fix_20260717,PROTOCOL_VERSION=1,20c4056,2026-07-17,1,1,0,Webots,none,experiments/controller_v4_full_sensor_bypass_20260717/bags/controller_v4_full_sensor_bypass_20260717_combined_formal_trial05,experiments/controller_v4_full_sensor_bypass_20260717/logs/,.../combined_formal_trial05/analysis/,experiments/controller_v4_full_sensor_bypass_20260717/PHASE4_FORMAL_EVIDENCE_MANIFEST_20260717.md,experiments/controller_v4_full_sensor_bypass_20260717/config/combined_v4/,0.966/0.991,PROXIMITY_FALLBACK (dcpa=0.2157m),YES,,,automated via run_combined_v4_pilot.sh; SEALED (e32560e); completes the n=5 formal gate; batch mean min-sep 0.2736+-0.0044m,DIRECTLY_VERIFIED,static_v4_combined_verdict.json read directly this session; also covered by sealed PHASE4_FORMAL_EVIDENCE_MANIFEST_20260717.md
phase4_formal_batch_5of5,03_phase4_task_validation,Phase4,combined batch summary,SEALED,DERIVED_ANALYSIS,formal,controller_v4_timebase_fix_20260717,PROTOCOL_VERSION=1,e32560e,2026-07-17,5,5,0,Webots,none,N/A (derived from trial01-05),N/A,experiments/controller_v4_full_sensor_bypass_20260717/PHASE4_FORMAL_EVIDENCE_MANIFEST_20260717.md,experiments/controller_v4_full_sensor_bypass_20260717/PHASE4_FORMAL_BATCH_SUMMARY_20260717.md,experiments/controller_v4_full_sensor_bypass_20260717/config/combined_v4/,preload mean 0.979 / full-load mean 0.984 (n=4 auto-measured trials),PROXIMITY_FALLBACK in all 5/5,YES,,MUST NOT be described as evidence of preventing an otherwise-certain head-on collision (all 5 triggers were PROXIMITY_FALLBACK not PREDICTED_CPA),SEALED: manifest commit e32560e; no trial in this batch may be modified/reprocessed/rerun,DIRECTLY_VERIFIED,PHASE4_FORMAL_EVIDENCE_MANIFEST_20260717.md and PHASE4_FORMAL_BATCH_SUMMARY_20260717.md read directly this session; both are sealed batch summaries built from the 5 individually-read verdict JSONs
comm_baseline_v1_trial1,04_objective5_comm_baseline,Objective5,zero-impairment comm baseline (relay inserted),FAIL,PILOT,diagnostic,controller_v4_timebase_fix_20260717,PROTOCOL_VERSION=1,2558216,2026-07-17,1,0,1,Webots,zero (delay=0 jitter=0 loss=0),experiments/controller_v4_full_sensor_bypass_20260717/bags/controller_v4_full_sensor_bypass_20260717_comm_baseline_trial1,experiments/controller_v4_full_sensor_bypass_20260717/logs/,.../comm_baseline_trial1/analysis/,N/A,experiments/controller_v4_full_sensor_bypass_20260717/config/comm_baseline_v1/,0.952/0.977,N/A,NO,measurement diagnostic -- bag written to /mnt/c and lost ~40% of messages (root cause traced to native-vs-NTFS-mount rosbag I/O in later diagnostic),relay itself proven correct (content_mismatches=0); loss was in rosbag recording stage not the relay,first attempt; launch-ordering artifact (relay subscribed after state_publisher already running) also present,DIRECTLY_VERIFIED,comm_baseline_verdict.json and comm_performance_summary.json read directly this session
comm_baseline_v1_trial2,04_objective5_comm_baseline,Objective5,zero-impairment comm baseline (launch order fixed),FAIL,PILOT,diagnostic,controller_v4_timebase_fix_20260717,PROTOCOL_VERSION=1,2558216,2026-07-17,1,0,1,Webots,zero (delay=0 jitter=0 loss=0),experiments/controller_v4_full_sensor_bypass_20260717/bags/controller_v4_full_sensor_bypass_20260717_comm_baseline_trial2,experiments/controller_v4_full_sensor_bypass_20260717/logs/,.../comm_baseline_trial2/analysis/,N/A,experiments/controller_v4_full_sensor_bypass_20260717/config/comm_baseline_v1/,0.940/1.002,N/A,NO,measurement diagnostic -- launch-ordering fix applied but bag-recording loss to /mnt/c persisted,relay's own CSV log proven gap-free from sequence 0 after the ordering fix,second attempt; disproved launch-ordering as the dominant root cause,DIRECTLY_VERIFIED,comm_baseline_verdict.json and relay CSV log read directly this session
comm_baseline_v1_trial3,04_objective5_comm_baseline,Objective5,zero-impairment comm baseline (topic list trimmed),FAIL,PILOT,diagnostic,controller_v4_timebase_fix_20260717,PROTOCOL_VERSION=1,2558216,2026-07-17,1,0,1,Webots,zero (delay=0 jitter=0 loss=0),experiments/controller_v4_full_sensor_bypass_20260717/bags/controller_v4_full_sensor_bypass_20260717_comm_baseline_trial3,experiments/controller_v4_full_sensor_bypass_20260717/logs/,.../comm_baseline_trial3/analysis/,N/A,experiments/controller_v4_full_sensor_bypass_20260717/config/comm_baseline_v1/,0.972 (partial; see execution log),N/A,NO,"measurement diagnostic -- topic-count trimmed from 28 to 6 topics but ~55-60% bag-recording loss was essentially unchanged, disproving topic-overload hypothesis",,third attempt; motivated the native-WSL-path isolation diagnostic below,DIRECTLY_VERIFIED,comm_baseline_verdict.json read directly this session
comm_baseline_native_diag_trial01,04_objective5_comm_baseline,Objective5,measurement-chain isolation (native WSL ext4 bag path),PASS,PILOT,diagnostic,controller_v4_timebase_fix_20260717,PROTOCOL_VERSION=1,2558216,2026-07-17,1,1,0,Webots,zero (delay=0 jitter=0 loss=0),experiments/controller_v4_full_sensor_bypass_20260717/bags/controller_v4_full_sensor_bypass_20260717_comm_baseline_native_trial01,experiments/controller_v4_full_sensor_bypass_20260717/logs/,.../comm_baseline_native_trial01/analysis/,N/A,experiments/controller_v4_full_sensor_bypass_20260717/config/comm_baseline_v1/,0.943/1.010,N/A (no cooperative_avoider launched; comm-layer-only diagnostic),NO,"measurement diagnostic; no cooperative_avoider run (comms-only, not a task-validation trial); PDR here is NOT yet a formal Objective5 PDR figure",independent sequence_counter observer failed to write its summary (argparse crashed on ROS-injected args; fixed after this trial),"aligned_window_pdr_bag_vs_relay=1.0 for both robots; CONFIRMS root cause is /mnt/c rosbag I/O, not the relay or transport",DIRECTLY_VERIFIED,measurement_chain_verdict.json read directly this session
comm_baseline_native_diag_trial02,04_objective5_comm_baseline,Objective5,"measurement-chain isolation (native WSL ext4 bag path, counter fixed)",PASS,PILOT,diagnostic,controller_v4_timebase_fix_20260717,PROTOCOL_VERSION=1,2558216,2026-07-17,1,1,0,Webots,zero (delay=0 jitter=0 loss=0),experiments/controller_v4_full_sensor_bypass_20260717/bags/controller_v4_full_sensor_bypass_20260717_comm_baseline_native_trial02,experiments/controller_v4_full_sensor_bypass_20260717/logs/,.../comm_baseline_native_trial02/analysis/,N/A,experiments/controller_v4_full_sensor_bypass_20260717/config/comm_baseline_v1/,0.972/0.950,N/A (no cooperative_avoider launched; comm-layer-only diagnostic),NO,measurement diagnostic; no cooperative_avoider run; PDR here is NOT yet a formal Objective5 PDR figure,"sequence_counter subscribed successfully (confirmed via QoS log) but its SIGINT-triggered summary write STILL did not fire (second distinct bug in the same tool -- fixed in a later session pass, see sequence_counter reliability rewrite)",aligned_window_pdr_bag_vs_relay=1.0 for both robots; second independent confirmation of native-path root cause,DIRECTLY_VERIFIED,measurement_chain_verdict.json read directly this session
phase1_fusion_static_neighbor_trial01,09_legacy_and_excluded,Phase1,static wooden box + stationary communicated neighbour,DIAGNOSTIC,PILOT,diagnostic,controller_v1,pre-freeze,e76adf3 (baseline),2026-07-16,1,0,0,Webots,none,experiments/fusion_static_neighbor_20260716/bags/local_static_trial_01,experiments/fusion_static_neighbor_20260716/logs/,none,experiments/fusion_static_neighbor_20260716/local_static_trial_01_diagnostic_summary.md,N/A,unknown,N/A,NO,retained as diagnostic oscillation/failure case per master plan,not re-verified this indexing pass; no analysis/ directory exists for this bag per directory scan,Phase1 diagnostic trial (see master_experiment_plan_20260716.md Phase 1 section),UNVERIFIED,仅依据历史会话记录 + 目录名; local_static_trial_01_diagnostic_summary.md not read this pass; analysis/ directory confirmed absent via directory scan
phase1_fusion_static_neighbor_trial02_07,03_phase4_task_validation,Phase1,static wooden box + stationary communicated neighbour (locked batch),PASS,FORMAL_SIM,formal,controller_v1,pre-freeze,e76adf3 (baseline),2026-07-16,OPEN (5 per batch-summary filename 03_07 vs 6 directories local_static_long_trial_02..07 on disk -- NOT resolved),5,0,Webots,none,experiments/fusion_static_neighbor_20260716/bags/local_static_long_trial_0{2..7},experiments/fusion_static_neighbor_20260716/logs/,experiments/fusion_static_neighbor_20260716/bags/local_static_long_trial_0*/analysis/,experiments/fusion_static_neighbor_20260716/local_static_locked_batch_03_07_summary.md,N/A,unknown,N/A,YES,,"Phase1 formal baseline, controller_v1 era -- still valid; Phase1 protocols never reached the extended-runtime window where the v1 defect manifests; trial_count intentionally left OPEN pending reconciliation of the 03-07 vs 02-07 naming discrepancy",batch gate itself (5/5 pass) is stated in master_experiment_plan_20260716.md,SUMMARY_VERIFIED,"master_experiment_plan_20260716.md Phase1 section (read and quoted this session: Trials 03-07 passed; locked-condition pilot complete 5/5); local_static_locked_batch_03_07_summary.md NOT read this pass, existence only confirmed via directory scan"
phase2_3_cooperative_avoidance_20260716_batches,03_phase4_task_validation,Phase2/Phase3,head-on/crossing/offset/ablation CPA batches (controller_v1),PASS,FORMAL_SIM,formal,controller_v1,pre-freeze,e76adf3 (baseline),2026-07-16,45,45,0,Webots,none,experiments/cooperative_avoidance_20260716/bags/*_formal_trial_0{1..5},experiments/cooperative_avoidance_20260716/logs/,experiments/cooperative_avoidance_20260716/bags/*/analysis/,experiments/cooperative_avoidance_20260716/cooperative_avoidance_experiment_index_20260716.md,experiments/cooperative_avoidance_20260716/config/,see simulation_rate_integrity_audit_20260716.md,"N/A (controller_v1, no trigger_reason tooling existed yet)","YES (Phase2/3 formal baselines, controller_v1 era -- still valid per master plan)",,"registered per already-existing batch summaries (45 = sum of 9 x n=5 formal batches: head_on_centered/offset_040/crossing_90/ablation_local_only/ablation_fused realtime formal trials), NOT individually re-verified per-bag this indexing pass -- see path_manifest.csv for the 53 raw bag paths",see cooperative_avoidance_experiment_index_20260716.md for the authoritative per-trial table this row summarizes; do not treat this single row as a substitute for that document,SUMMARY_VERIFIED,"master_experiment_plan_20260716.md Phase2/Phase3 sections (read and quoted this session, with per-condition n=5 statistics e.g. 0.147039 +/- 0.001377 m); cooperative_avoidance_experiment_index_20260716.md and simulation_rate_integrity_audit_20260716.md existence confirmed via directory scan but not re-read line-by-line this pass"
cooperative_avoidance_20260716_diagnostics_and_invalid,09_legacy_and_excluded,Phase2/Phase3,diagnostic/invalid/interrupted runs (controller_v1 era),EXCLUDED,PILOT,diagnostic,controller_v1,pre-freeze,e76adf3 (baseline),2026-07-16,9,0,9,Webots,none,"experiments/cooperative_avoidance_20260716/bags/{head_on_trial_01,head_on_trial_02_recovery,...}",experiments/cooperative_avoidance_20260716/logs/,mixed (some lack analysis/),experiments/cooperative_avoidance_20260716/cooperative_avoidance_experiment_index_20260716.md,experiments/cooperative_avoidance_20260716/config/,unknown,N/A,NO,invalid odometry / process interruption / realtime timeout / cross-session ROS-graph contamination / diagnostic oscillation cases (see index doc for per-trial reason),retained per index doc as fault-analysis evidence; not individually re-verified this indexing pass,names containing interrupted/timeout/invalid/diagnostic/recovery self-identify as excluded; see cooperative_avoidance_experiment_index_20260716.md for authoritative exclusion reasons,NAMING_INFERRED,exclusion classification inferred directly from self-describing directory names (interrupted/timeout/invalid/diagnostic/recovery); cooperative_avoidance_experiment_index_20260716.md not re-read line-by-line this pass to confirm each individual reason
combined_wood_moving_peer_v1_defect_pilots,02_controller_regression,controller_v1_dev,combined wooden box + moving peer (pre-defect-fix),FAIL,PILOT,diagnostic,controller_v1,pre-freeze,e76adf3 (baseline),2026-07-17,6,0,6,Webots,none,"experiments/cooperative_avoidance_20260716/bags/{combined_local_then_peer_realtime_trial_pilot_01..04,combined_wood_moving_peer_realtime_trial_01,combined_wood_moving_peer_realtime_trial_pilot_02}",experiments/cooperative_avoidance_20260716/logs/,experiments/cooperative_avoidance_20260716/bags/combined_*/analysis/,experiments/cooperative_avoidance_20260716/config/combined_wood_moving_peer/combined_wood_moving_peer_README.md,experiments/cooperative_avoidance_20260716/config/combined_wood_moving_peer/,unknown,N/A,NO,controller_v1 safety defect (box-corner runaway turn); registered defect not scenario-geometry problem,box_collision_detected=true in 3 of 4 originally diagnosed pilots per README; pilot_04 cleared by only 0.0014m,this is the exact scenario/defect chain that motivated controller_v2/v3/v4; see combined_wood_moving_peer_README.md 2026-07-17 entry for full forensic account,SUMMARY_VERIFIED,combined_wood_moving_peer_README.md read and quoted directly earlier this session (contains explicit box_collision_detected figures and the 0.0014m clearance figure per pilot); individual bag summary.json files not re-read this pass
combined_wood_moving_peer_postfix_pilots,02_controller_regression,controller_v1_dev,combined wooden box + moving peer (postfix attempts),PARTIAL,PILOT,diagnostic,controller_v1,pre-freeze,e76adf3 (baseline),2026-07-17,3,0,3,Webots,none,experiments/cooperative_avoidance_20260716/bags/combined_wood_moving_peer_postfix_realtime_trial_pilot_fix_0{1..3},experiments/cooperative_avoidance_20260716/logs/,experiments/cooperative_avoidance_20260716/bags/combined_wood_moving_peer_postfix_*/analysis/,experiments/cooperative_avoidance_20260716/config/combined_wood_moving_peer/combined_wood_moving_peer_README.md,experiments/cooperative_avoidance_20260716/config/combined_wood_moving_peer/,unknown,N/A,NO,scenario paused pending controller_v2/v3/v4 fix chain,not re-verified this indexing pass,superseded entirely by the v4 combined pilots and the Phase4 formal batch,UNVERIFIED,仅依据历史会话记录; individual postfix-pilot outcomes not confirmed via combined_wood_moving_peer_README.md content or bag summaries this pass
communication_baseline_20260716_stub,09_legacy_and_excluded,N/A,empty pre-existing stub directory,EXCLUDED,UNIT_TEST,diagnostic,N/A,N/A,N/A,2026-07-16,0,0,0,N/A,none,N/A,N/A,N/A,N/A,N/A,N/A,N/A,NO,artifact_missing=true -- directory contains exactly one file (state_monitor_20260716_105522.jsonl) and it is 0 bytes; no experiment ever ran here,no real data exists in this directory,predates and is unrelated to the current Objective5 config/comm_baseline_v1/ work; name collision only,DIRECTLY_VERIFIED,directory contents and file size (0 bytes) directly confirmed via file read this session
