"relative_path","file_type","size_bytes","sha256"
"experiments/05_objective5_impairment_matrix/bags/objective5_impairment_matrix_v1_condition_A_trial01_attempt01/bag/metadata.yaml","rosbag2_metadata","4524","3399fd451ecbcd2921163ed9dd0b596a703a559a03319d179e4ecaaef4ed189f"
"experiments/05_objective5_impairment_matrix/bags/objective5_impairment_matrix_v1_condition_A_trial01_attempt01/bag/objective5_impairment_matrix_v1_condition_A_trial01_attempt01_0.db3","rosbag2_sqlite3","380928","92498cd71a8b63d607af23c571d06ec91e074e1f675abbc903e0a4e54ef277a7"
"experiments/05_objective5_impairment_matrix/bags/objective5_impairment_matrix_v1_condition_A_trial02_attempt01/bag/metadata.yaml","rosbag2_metadata","4524","f30f9dc8f70b95f8c64f2f7b737d2c47e5108f14a92a889ed139a02542a2880b"
"experiments/05_objective5_impairment_matrix/bags/objective5_impairment_matrix_v1_condition_A_trial02_attempt01/bag/objective5_impairment_matrix_v1_condition_A_trial02_attempt01_0.db3","rosbag2_sqlite3","393216","3b131e4fb29aa5a4b42a55cf3d5281cc770f1d89c0784c4fbdfc025c650255fb"
"experiments/05_objective5_impairment_matrix/bags/objective5_impairment_matrix_v1_condition_A_trial03_attempt01/bag/metadata.yaml","rosbag2_metadata","4524","f24f9a0e6b741971a30ee4bb94004d43d62aa37e2da90f60b80316ab282c5764"
"experiments/05_objective5_impairment_matrix/bags/objective5_impairment_matrix_v1_condition_A_trial03_attempt01/bag/objective5_impairment_matrix_v1_condition_A_trial03_attempt01_0.db3","rosbag2_sqlite3","380928","b0f77b8a4f3e277dbcd0f5c5f28b9d58d43a60f324a8dd2fe4de50a2be326a8a"
"experiments/05_objective5_impairment_matrix/bags/objective5_impairment_matrix_v1_condition_A_trial04_attempt01/bag/metadata.yaml","rosbag2_metadata","4524","e69add0534349071ec8cd8b0ba28492b973079bd9e535466c2580dc27117f23e"
"experiments/05_objective5_impairment_matrix/bags/objective5_impairment_matrix_v1_condition_A_trial04_attempt01/bag/objective5_impairment_matrix_v1_condition_A_trial04_attempt01_0.db3","rosbag2_sqlite3","385024","f8b5650ce7f052f31904b97eab9613c3aff4d2994f3cb485d95388db0427b31d"
"experiments/05_objective5_impairment_matrix/bags/objective5_impairment_matrix_v1_condition_A_trial05_attempt01/bag/metadata.yaml","rosbag2_metadata","4524","422b917f047efcbf9e57f6c3e161b7587f94b2e5205760b5ba726f6f2eabaab6"
"experiments/05_objective5_impairment_matrix/bags/objective5_impairment_matrix_v1_condition_A_trial05_attempt01/bag/objective5_impairment_matrix_v1_condition_A_trial05_attempt01_0.db3","rosbag2_sqlite3","376832","53d3c6cff96332239c5f81db12682a93eb6959723a114ddd829f44cba881f7be"
"experiments/05_objective5_impairment_matrix/bags/objective5_impairment_matrix_v1_condition_B_trial01_attempt01/bag/metadata.yaml","rosbag2_metadata","4524","672de8323a2ac3505931ae48030e10c78275122faf176df54fa3785823fcc01c"
"experiments/05_objective5_impairment_matrix/bags/objective5_impairment_matrix_v1_condition_B_trial01_attempt01/bag/objective5_impairment_matrix_v1_condition_B_trial01_attempt01_0.db3","rosbag2_sqlite3","393216","31707fd4e75d9c0c134211dc2fc812679eee4ac46976c1cbd461f5ec89605d50"
"experiments/05_objective5_impairment_matrix/bags/objective5_impairment_matrix_v1_condition_B_trial02_attempt01/bag/metadata.yaml","rosbag2_metadata","4524","3149ab66a52821122c0de866b4de73c88b2a8203f2cc6592e695b692892a3c11"
"experiments/05_objective5_impairment_matrix/bags/objective5_impairment_matrix_v1_condition_B_trial02_attempt01/bag/objective5_impairment_matrix_v1_condition_B_trial02_attempt01_0.db3","rosbag2_sqlite3","385024","ce83475acbffcb8903aa3edfa5110b0c50af26eed09f7f2352add3fc2ea0ff16"
"experiments/05_objective5_impairment_matrix/bags/objective5_impairment_matrix_v1_condition_B_trial03_attempt01/bag/metadata.yaml","rosbag2_metadata","4524","9f028549bb51a08b7e6857469708d1c59fdf66984aea6a09e72b95d1ec0a51df"
"experiments/05_objective5_impairment_matrix/bags/objective5_impairment_matrix_v1_condition_B_trial03_attempt01/bag/objective5_impairment_matrix_v1_condition_B_trial03_attempt01_0.db3","rosbag2_sqlite3","380928","6284c4165510b826b905a6f0bd27f6fdebe71d103c3ae4b2fba80e3b93d1c43a"
"experiments/05_objective5_impairment_matrix/bags/objective5_impairment_matrix_v1_condition_B_trial04_attempt01/bag/metadata.yaml","rosbag2_metadata","4524","e546eca216e0980607bf08da60c1369f401fd19633760304fcba149fa61501d5"
"experiments/05_objective5_impairment_matrix/bags/objective5_impairment_matrix_v1_condition_B_trial04_attempt01/bag/objective5_impairment_matrix_v1_condition_B_trial04_attempt01_0.db3","rosbag2_sqlite3","385024","5f8c7a3fb7d4f8fa89d2d48de54ca81bad3e0241e8239f8d6b1f182585f92014"
"experiments/05_objective5_impairment_matrix/bags/objective5_impairment_matrix_v1_condition_B_trial05_attempt01/bag/metadata.yaml","rosbag2_metadata","4524","fe7015e45431c26bdac99a74fd31cbbae005d4ba69028e71d805ccc174c8c990"
"experiments/05_objective5_impairment_matrix/bags/objective5_impairment_matrix_v1_condition_B_trial05_attempt01/bag/objective5_impairment_matrix_v1_condition_B_trial05_attempt01_0.db3","rosbag2_sqlite3","380928","132795b69d3efbd1d7f6dad781b70c6915c5b483bc951fdd50cce61feda30931"
"experiments/05_objective5_impairment_matrix/bags/objective5_impairment_matrix_v1_condition_C_trial01_attempt01/bag/metadata.yaml","rosbag2_metadata","4524","edcc266a61cf1038187f3c2ac6e35efe1f5e68c0d1fb56512dac0b0a18df5949"
"experiments/05_objective5_impairment_matrix/bags/objective5_impairment_matrix_v1_condition_C_trial01_attempt01/bag/objective5_impairment_matrix_v1_condition_C_trial01_attempt01_0.db3","rosbag2_sqlite3","393216","6e02a1e1584f0920ca22f64f00b76e7dd1856d90d026e82098985d3979db558a"
"experiments/05_objective5_impairment_matrix/bags/objective5_impairment_matrix_v1_condition_C_trial02_attempt01/bag/metadata.yaml","rosbag2_metadata","4524","3ab5683132c6800ec5f5a35e029eff7a5754dfa4f5652b641cc30dcd2668fd30"
"experiments/05_objective5_impairment_matrix/bags/objective5_impairment_matrix_v1_condition_C_trial02_attempt01/bag/objective5_impairment_matrix_v1_condition_C_trial02_attempt01_0.db3","rosbag2_sqlite3","397312","058e97a54a3ee1ac90c28535220ac6ae0ed09012ef9e8c3284bfcd439921e687"
"experiments/05_objective5_impairment_matrix/bags/objective5_impairment_matrix_v1_condition_C_trial03_attempt01/bag/metadata.yaml","rosbag2_metadata","4524","14c429bf740e3c8335abe7b5b7e5152c1746f6fc54be6bef527e6d64299f8ab6"
"experiments/05_objective5_impairment_matrix/bags/objective5_impairment_matrix_v1_condition_C_trial03_attempt01/bag/objective5_impairment_matrix_v1_condition_C_trial03_attempt01_0.db3","rosbag2_sqlite3","401408","c837387a12277977b879da8cd934e92095aa600436201aa5cbb8a86561295b7a"
"experiments/05_objective5_impairment_matrix/bags/objective5_impairment_matrix_v1_condition_C_trial04_attempt01/bag/metadata.yaml","rosbag2_metadata","4524","7807e18c2f6ddbff084d79dfded3164819f312321f297f26c1a9c35496bf9f47"
"experiments/05_objective5_impairment_matrix/bags/objective5_impairment_matrix_v1_condition_C_trial04_attempt01/bag/objective5_impairment_matrix_v1_condition_C_trial04_attempt01_0.db3","rosbag2_sqlite3","401408","9675bd0127517b038887b0e87fdfce1ebf5a72f979fbe925038e0cc66d6929c8"
"experiments/05_objective5_impairment_matrix/bags/objective5_impairment_matrix_v1_condition_C_trial05_attempt01/bag/metadata.yaml","rosbag2_metadata","4524","1fc82b606605a69abc7dbaa100b459a17205c3c74158a23f0022486d1250e890"
"experiments/05_objective5_impairment_matrix/bags/objective5_impairment_matrix_v1_condition_C_trial05_attempt01/bag/objective5_impairment_matrix_v1_condition_C_trial05_attempt01_0.db3","rosbag2_sqlite3","405504","a12450fb889c929219b80f5a39b65679910a1e321d2a81d36581478701784020"
"experiments/05_objective5_impairment_matrix/bags/objective5_impairment_matrix_v1_condition_D_trial01_attempt01/bag/metadata.yaml","rosbag2_metadata","4524","9f2273a07721dea0c63a3200dc37a6f08ebe2b0220b42cc927d6b32a7405866d"
"experiments/05_objective5_impairment_matrix/bags/objective5_impairment_matrix_v1_condition_D_trial01_attempt01/bag/objective5_impairment_matrix_v1_condition_D_trial01_attempt01_0.db3","rosbag2_sqlite3","385024","0a14d794645169cc90d2ee5047b6117698112b06ef2b9c9a853bd212d18b2c87"
"experiments/05_objective5_impairment_matrix/bags/objective5_impairment_matrix_v1_condition_D_trial02_attempt01/bag/metadata.yaml","rosbag2_metadata","4524","825383687fcc727138de5daff0381f5f0b13e1b555659b48d53ddb5fcce8d61b"
"experiments/05_objective5_impairment_matrix/bags/objective5_impairment_matrix_v1_condition_D_trial02_attempt01/bag/objective5_impairment_matrix_v1_condition_D_trial02_attempt01_0.db3","rosbag2_sqlite3","380928","e28fab0f11b7e83f7b10635bd19916d91805a81de1229b82e332ee06c74e1979"
"experiments/05_objective5_impairment_matrix/bags/objective5_impairment_matrix_v1_condition_D_trial03_attempt01/bag/metadata.yaml","rosbag2_metadata","4524","13b000389d07516fed5058245f5f955ba1dffa489f996f7223f8603181429fc8"
"experiments/05_objective5_impairment_matrix/bags/objective5_impairment_matrix_v1_condition_D_trial03_attempt01/bag/objective5_impairment_matrix_v1_condition_D_trial03_attempt01_0.db3","rosbag2_sqlite3","376832","6981f7a92e566f8eb1c3b97919f5e70239d2d869cd5b8734a0f06ac90b82e442"
"experiments/05_objective5_impairment_matrix/bags/objective5_impairment_matrix_v1_condition_D_trial04_attempt01/bag/metadata.yaml","rosbag2_metadata","4524","f6f05a2f259dcde3d91ad2eed0f09b693389c33408998dce71eb8ddf24ba0b3e"
"experiments/05_objective5_impairment_matrix/bags/objective5_impairment_matrix_v1_condition_D_trial04_attempt01/bag/objective5_impairment_matrix_v1_condition_D_trial04_attempt01_0.db3","rosbag2_sqlite3","393216","09680716cadf654286fa6f62a5b833b846cb6b04a70e2f071637c2fee7ba18a0"
"experiments/05_objective5_impairment_matrix/bags/objective5_impairment_matrix_v1_condition_D_trial05_attempt01/bag/metadata.yaml","rosbag2_metadata","4524","157d06e74e16c6d8b34077d3968b3415ae7cc47b4e17862f37e2c4adc65399ad"
"experiments/05_objective5_impairment_matrix/bags/objective5_impairment_matrix_v1_condition_D_trial05_attempt01/bag/objective5_impairment_matrix_v1_condition_D_trial05_attempt01_0.db3","rosbag2_sqlite3","380928","92f8f4dd0879e00375ea3234b7a0b0acaefd855b4d180b12cbb834019517851c"
"experiments/05_objective5_impairment_matrix/bags/objective5_impairment_matrix_v1_condition_D_trial06_attempt01/bag/metadata.yaml","rosbag2_metadata","4524","cf94d81ea661f9768836a4caf072854c3589dc87b8d374ce96832c63b2b4bcb4"
"experiments/05_objective5_impairment_matrix/bags/objective5_impairment_matrix_v1_condition_D_trial06_attempt01/bag/objective5_impairment_matrix_v1_condition_D_trial06_attempt01_0.db3","rosbag2_sqlite3","380928","2eb7e2f71b7e8757e49bc968f67c6a535a4fc1734a74301a21b98839ffcb307d"
"experiments/05_objective5_impairment_matrix/bags/objective5_impairment_matrix_v1_condition_E_trial01_attempt01/metadata.yaml","rosbag2_metadata","4524","4192ea62e9aa4ee0e6ad8f3fa9fc0fd51a77804a1d4824f79d68df05a0de9775"
"experiments/05_objective5_impairment_matrix/bags/objective5_impairment_matrix_v1_condition_E_trial01_attempt01/objective5_impairment_matrix_v1_condition_E_trial01_attempt01_0.db3","rosbag2_sqlite3","360448","11053702ea17c6e66d700689ece39f6f6f8854bb75be10a48619585abec39c37"
"experiments/05_objective5_impairment_matrix/bags/objective5_impairment_matrix_v1_condition_E_trial02_attempt01/metadata.yaml","rosbag2_metadata","4524","66e11a6a014e14909adb459071da2001d04cb10f4efd365696251d2fbddad113"
"experiments/05_objective5_impairment_matrix/bags/objective5_impairment_matrix_v1_condition_E_trial02_attempt01/objective5_impairment_matrix_v1_condition_E_trial02_attempt01_0.db3","rosbag2_sqlite3","372736","efb2e68ace67b89d736c10f8faae128f328001df7b0fd0631683d9f853605e5b"
"experiments/05_objective5_impairment_matrix/bags/objective5_impairment_matrix_v1_condition_E_trial03_attempt01/metadata.yaml","rosbag2_metadata","4524","28c2e76c88afe4737b816ac8e5cf400893c972cf7576cf39d1885204fbdfaeaf"
"experiments/05_objective5_impairment_matrix/bags/objective5_impairment_matrix_v1_condition_E_trial03_attempt01/objective5_impairment_matrix_v1_condition_E_trial03_attempt01_0.db3","rosbag2_sqlite3","368640","f7b16cac30f40de7e950dc815a39dd4be07490faf98fce713e481a8cc3f20f64"
"experiments/05_objective5_impairment_matrix/bags/objective5_impairment_matrix_v1_condition_E_trial04_attempt01/metadata.yaml","rosbag2_metadata","4524","8d9f406e7964165723a93bcbc79439dde507b9f8b5abea806ec3f3147e530470"
"experiments/05_objective5_impairment_matrix/bags/objective5_impairment_matrix_v1_condition_E_trial04_attempt01/objective5_impairment_matrix_v1_condition_E_trial04_attempt01_0.db3","rosbag2_sqlite3","364544","b19e06adec72d977e4d78d66d6fb9d13d3d03d55dbb04ee116a8d17759f46b44"
"experiments/05_objective5_impairment_matrix/bags/objective5_impairment_matrix_v1_condition_E_trial05_attempt01/metadata.yaml","rosbag2_metadata","4524","49ed4dd4097ccc20917c161bf757bb52c009b72598bd6849f06029729f6ba495"
"experiments/05_objective5_impairment_matrix/bags/objective5_impairment_matrix_v1_condition_E_trial05_attempt01/objective5_impairment_matrix_v1_condition_E_trial05_attempt01_0.db3","rosbag2_sqlite3","364544","c5e59509404facafe563e3a81657a4d0e1aa1e52d64743b6fb511b0dd36e63f0"
"experiments/05_objective5_impairment_matrix/bags/objective5_impairment_matrix_v1_condition_F_trial01_attempt01/metadata.yaml","rosbag2_metadata","4526","6cd17d491f37b1aca9913582f8074d89676356650ad5b081ef482362638288ad"
"experiments/05_objective5_impairment_matrix/bags/objective5_impairment_matrix_v1_condition_F_trial01_attempt01/objective5_impairment_matrix_v1_condition_F_trial01_attempt01_0.db3","rosbag2_sqlite3","573440","b4b946aeed37fb0c5b67f583cfd3f22c36cc6aa8200e81f81b7ebed6b804dd16"
"experiments/05_objective5_impairment_matrix/bags/objective5_impairment_matrix_v1_condition_F_trial02_attempt01/metadata.yaml","rosbag2_metadata","4526","c9d27c2e34b26ca90453b9852f5375752c2a1c9b99d00671759e2c93762bbbce"
"experiments/05_objective5_impairment_matrix/bags/objective5_impairment_matrix_v1_condition_F_trial02_attempt01/objective5_impairment_matrix_v1_condition_F_trial02_attempt01_0.db3","rosbag2_sqlite3","569344","e7fbacc826d78dc593991625cc14f79a617b5a3ec9aad374a5176f339007d6fd"
"experiments/05_objective5_impairment_matrix/bags/objective5_impairment_matrix_v1_condition_F_trial03_attempt01/metadata.yaml","rosbag2_metadata","4524","b447fdb362fb73c03557cba58597bcf36f511a8a0c1b97acb962335cdead68de"
"experiments/05_objective5_impairment_matrix/bags/objective5_impairment_matrix_v1_condition_F_trial03_attempt01/objective5_impairment_matrix_v1_condition_F_trial03_attempt01_0.db3","rosbag2_sqlite3","389120","1e59c90d0c1c0bd379ee7767e21d844932e63972cad10f69fa05de463e52211c"
"experiments/05_objective5_impairment_matrix/bags/objective5_impairment_matrix_v1_condition_F_trial04_attempt01/metadata.yaml","rosbag2_metadata","4526","a39cbc2b823831bc72c2a8d78e689464ab634c988b1fcc24d6e78a01014452e4"
"experiments/05_objective5_impairment_matrix/bags/objective5_impairment_matrix_v1_condition_F_trial04_attempt01/objective5_impairment_matrix_v1_condition_F_trial04_attempt01_0.db3","rosbag2_sqlite3","573440","dd71836b0496f2c839497dc89ab593cc5f7050b316738a9df1438d1b6e6ac7be"
"experiments/05_objective5_impairment_matrix/bags/objective5_impairment_matrix_v1_condition_F_trial05_attempt01/metadata.yaml","rosbag2_metadata","4526","937ff6776abad411f0ee2a91df2030e3ebf327e382dba932c0538b5f5e38bd3c"
"experiments/05_objective5_impairment_matrix/bags/objective5_impairment_matrix_v1_condition_F_trial05_attempt01/objective5_impairment_matrix_v1_condition_F_trial05_attempt01_0.db3","rosbag2_sqlite3","569344","34c75aabe9950764ff95071467ef9464bee22327ebbf5ebdfc4c9dec78b8b89c"
"experiments/05_objective5_impairment_matrix/bags/objective5_impairment_matrix_v1_condition_G_trial01_attempt01/metadata.yaml","rosbag2_metadata","4524","5352cbb9087b872e5f7f8dc366cec29f34b9642b7111c3f341859cb55fb8f77e"
"experiments/05_objective5_impairment_matrix/bags/objective5_impairment_matrix_v1_condition_G_trial01_attempt01/objective5_impairment_matrix_v1_condition_G_trial01_attempt01_0.db3","rosbag2_sqlite3","385024","86f450a4044e5e6cb682d360cfa32a0403cd31feb8db47a6cb801f0382a4449b"
"experiments/05_objective5_impairment_matrix/bags/objective5_impairment_matrix_v1_condition_G_trial02_attempt01/metadata.yaml","rosbag2_metadata","4524","438f0f3b5b8ef732f8adfe04f9d7ea67be7dcb92068c851c42231558a75bf636"
"experiments/05_objective5_impairment_matrix/bags/objective5_impairment_matrix_v1_condition_G_trial02_attempt01/objective5_impairment_matrix_v1_condition_G_trial02_attempt01_0.db3","rosbag2_sqlite3","368640","b7ac774a6de9ae7cd3b42024db601e5e896e76e077cd572f6aabbedd7da27f21"
"experiments/05_objective5_impairment_matrix/bags/objective5_impairment_matrix_v1_condition_G_trial03_attempt01/metadata.yaml","rosbag2_metadata","4524","f5706d13275bc101f478e6391bf02aa3ea90f8e5bfdb3ea812664d4089753d13"
"experiments/05_objective5_impairment_matrix/bags/objective5_impairment_matrix_v1_condition_G_trial03_attempt01/objective5_impairment_matrix_v1_condition_G_trial03_attempt01_0.db3","rosbag2_sqlite3","372736","045b7b004530466b541636abac3b72f489d2a38b45fb9dcf77d8daec581de13e"
"experiments/05_objective5_impairment_matrix/bags/objective5_impairment_matrix_v1_condition_G_trial04_attempt01/metadata.yaml","rosbag2_metadata","4524","e73a312dd77553393b3dcf1991c6b9342f10e3313cce7e3c73f14a4b9d5db27f"
"experiments/05_objective5_impairment_matrix/bags/objective5_impairment_matrix_v1_condition_G_trial04_attempt01/objective5_impairment_matrix_v1_condition_G_trial04_attempt01_0.db3","rosbag2_sqlite3","380928","e29b1756efc05ce40b29af711b4b2e2294b77bddef93e066e87001477c9dddac"
"experiments/05_objective5_impairment_matrix/bags/objective5_impairment_matrix_v1_condition_G_trial05_attempt01/metadata.yaml","rosbag2_metadata","4524","04f55b6c9c46373daff464106e4dd310e4aef7de78f7d62256aa9174b773141d"
"experiments/05_objective5_impairment_matrix/bags/objective5_impairment_matrix_v1_condition_G_trial05_attempt01/objective5_impairment_matrix_v1_condition_G_trial05_attempt01_0.db3","rosbag2_sqlite3","372736","87425a355a40f6f2dd81db1c519acfe1788407a35a65a60843e30ad9899ade34"
"experiments/06_physical_pipuck/single_device_bringup/physical_expanded_bridge_epuckstate_integration_pilot01_attempt01/metadata.yaml","rosbag2_metadata","6778","b7cceedfd6ee1b956c65326322bce43a52040f84576f37250f550d3f03b54ab9"
"experiments/06_physical_pipuck/single_device_bringup/physical_expanded_bridge_epuckstate_integration_pilot01_attempt01/physical_expanded_bridge_epuckstate_integration_pilot01_attempt01_0.db3","rosbag2_sqlite3","5242880","dbf8d7c62cff17d5fbaad59f2442330932a475c8b749e6973c26fada591af38c"
"experiments/06_physical_pipuck/single_device_bringup/physical_single_device_transport_diagnostic_pilot01_attempt01/metadata.yaml","rosbag2_metadata","2043","a2d5bd41e7655372d75e9771c2a5e567facab9b154702ae4afe2427cf8c0662d"
"experiments/06_physical_pipuck/single_device_bringup/physical_single_device_transport_diagnostic_pilot01_attempt01/physical_single_device_transport_diagnostic_pilot01_attempt01_0.db3","rosbag2_sqlite3","2981888","a0d108ca2c7bb5b2006130a395e026ca80bc3f3422ad74a649433d88954a4544"
"experiments/10_cooperative_exit_navigation_20260720/bags/cooperative_exit_n2_comm_off_EXCLUSIONARY_PILOT02/bag/cooperative_exit_n2_comm_off_EXCLUSIONARY_PILOT02_0.db3","rosbag2_sqlite3","208896","1437e932c958cc417d043f7e3d52094883093e40916d4f8399b7ed6d45c1b1ad"
"experiments/10_cooperative_exit_navigation_20260720/bags/cooperative_exit_n2_comm_off_EXCLUSIONARY_PILOT02/bag/metadata.yaml","rosbag2_metadata","2548","9f96b1c3cf65f1023c1f99b07f263d94916b56732f2d9a5bae46b8fe327bf049"
"experiments/10_cooperative_exit_navigation_20260720/bags/cooperative_exit_n2_comm_off_EXCLUSIONARY_PILOT03/bag/cooperative_exit_n2_comm_off_EXCLUSIONARY_PILOT03_0.db3","rosbag2_sqlite3","200704","f67d3e35f3899256c818052c1abe9d026da3a4d8532f153a54a1ed960e8d5222"
"experiments/10_cooperative_exit_navigation_20260720/bags/cooperative_exit_n2_comm_off_EXCLUSIONARY_PILOT03/bag/metadata.yaml","rosbag2_metadata","2540","5b1e060622ee909af2922725206a9b6b46416abcbf5fc67a8011a48a4465e77f"
"experiments/10_cooperative_exit_navigation_20260720/bags/cooperative_exit_n2_comm_off_EXCLUSIONARY_PILOT04/bag/cooperative_exit_n2_comm_off_EXCLUSIONARY_PILOT04_0.db3","rosbag2_sqlite3","40960","3c112e693228ee6c4e7e6fa45133a0ae33e128933ad96e360d70784ecd273b1a"
"experiments/10_cooperative_exit_navigation_20260720/bags/cooperative_exit_n2_comm_off_EXCLUSIONARY_PILOT04/bag/metadata.yaml","rosbag2_metadata","2532","a11292ef90d4386db7af26829c7d91284728f4a14adfbe4c53b6c8d4cd52e3b3"
"experiments/10_cooperative_exit_navigation_20260720/bags/cooperative_exit_n2_comm_off_EXCLUSIONARY_PILOT05/bag/cooperative_exit_n2_comm_off_EXCLUSIONARY_PILOT05_0.db3","rosbag2_sqlite3","118784","b4d47d26308cfe08f1cd8fb86e0aa795b6495bb2946d32c3d4ff4bfe60fc52bb"
"experiments/10_cooperative_exit_navigation_20260720/bags/cooperative_exit_n2_comm_off_EXCLUSIONARY_PILOT05/bag/metadata.yaml","rosbag2_metadata","2538","c42da031006f07fd421c2446d3767eca703bdd246bf05594d0f36d370d2412cc"
"experiments/10_cooperative_exit_navigation_20260720/bags/cooperative_exit_n2_comm_off_EXCLUSIONARY_PILOT06/bag/cooperative_exit_n2_comm_off_EXCLUSIONARY_PILOT06_0.db3","rosbag2_sqlite3","114688","a244dd9cb7ca7513729a28b9288e34cab8e582226e4722bf962655bb44e243c6"
"experiments/10_cooperative_exit_navigation_20260720/bags/cooperative_exit_n2_comm_off_EXCLUSIONARY_PILOT06/bag/metadata.yaml","rosbag2_metadata","2538","7d0eb81bdd4c5a64d26a3563682e0093475094acfb0679d6dc56a30da5480291"
"experiments/10_cooperative_exit_navigation_20260720/bags/cooperative_exit_n2_comm_on_EXCLUSIONARY_PILOT01/bag/cooperative_exit_n2_comm_on_EXCLUSIONARY_PILOT01_0.db3","rosbag2_sqlite3","290816","d845daa6724dddae537c8bb14270a63510178a59862f040d626a57bdbd8bf9bb"
"experiments/10_cooperative_exit_navigation_20260720/bags/cooperative_exit_n2_comm_on_EXCLUSIONARY_PILOT01/bag/metadata.yaml","rosbag2_metadata","4498","ecd083ad0fed764159debec30a48456463a69c1598aa15909b86549b67dd1114"
"experiments/10_cooperative_exit_navigation_20260720/bags/cooperative_exit_n2_comm_on_EXCLUSIONARY_PILOT02/bag/cooperative_exit_n2_comm_on_EXCLUSIONARY_PILOT02_0.db3","rosbag2_sqlite3","176128","338e80dd93a9c288bbb3e6d4ceeda7d01c3c89b42bb4b58c6996ae46a2dfd28c"
"experiments/10_cooperative_exit_navigation_20260720/bags/cooperative_exit_n2_comm_on_EXCLUSIONARY_PILOT02/bag/metadata.yaml","rosbag2_metadata","4498","a1eb2fc0d24b3b6eef7098ad9af79b9be68ae8135cf60c3a9d8280ba9286c9b2"
"experiments/10_cooperative_exit_navigation_20260720/bags/cooperative_exit_n2_n2_comm_off_EXCLUSIONARY_PILOT01/bag/cooperative_exit_n2_n2_comm_off_EXCLUSIONARY_PILOT01_0.db3","rosbag2_sqlite3","32768","de470f8c49ad76d252fc4092c899575084ed2825ffad062922fca8731de26d7d"
"experiments/10_cooperative_exit_navigation_20260720/bags/cooperative_exit_n2_n2_comm_off_EXCLUSIONARY_PILOT01/bag/metadata.yaml","rosbag2_metadata","1582","3d90cd96add94976b725df599374814ca9246d33c25c6c029b17d59fa6102aa0"
"experiments/10_cooperative_exit_navigation_20260720/bags/shared_exit_formal_20260721/shared_exit_n2_n2_exit_comm_off_trial01_attempt01/metadata.yaml","rosbag2_metadata","3552","c63550f7bacf9dad594366b37b6e139fdc57844585019bf57bc47c076a1fdbae"
"experiments/10_cooperative_exit_navigation_20260720/bags/shared_exit_formal_20260721/shared_exit_n2_n2_exit_comm_off_trial01_attempt01/shared_exit_n2_n2_exit_comm_off_trial01_attempt01_0.db3","rosbag2_sqlite3","524288","e59bd2830ff7f0fa5f893fb336997d8e10b6a77eefbb9dbe3e12e37da15d6660"
"experiments/10_cooperative_exit_navigation_20260720/bags/shared_exit_formal_20260721/shared_exit_n2_n2_exit_comm_off_trial02_attempt01/metadata.yaml","rosbag2_metadata","3552","0e2db3e1fca425c57f1645a4f52519d5f931e2c1d6b9cd52fe0518cdcc5dde60"
"experiments/10_cooperative_exit_navigation_20260720/bags/shared_exit_formal_20260721/shared_exit_n2_n2_exit_comm_off_trial02_attempt01/shared_exit_n2_n2_exit_comm_off_trial02_attempt01_0.db3","rosbag2_sqlite3","528384","fcf33d66874b09ce9e1dfa57aba40bf505ad7842722c73d66603ed076d9551ed"
"experiments/10_cooperative_exit_navigation_20260720/bags/shared_exit_formal_20260721/shared_exit_n2_n2_exit_comm_off_trial03_attempt01/metadata.yaml","rosbag2_metadata","3552","8a0c54c05fb3af2b3428eea32dbf1c8f33c448360a2df67c0114f0b1f441751d"
"experiments/10_cooperative_exit_navigation_20260720/bags/shared_exit_formal_20260721/shared_exit_n2_n2_exit_comm_off_trial03_attempt01/shared_exit_n2_n2_exit_comm_off_trial03_attempt01_0.db3","rosbag2_sqlite3","516096","9157730096d2cd62e60ec8727a336629958dea1f022726ce183b68439dd8aad5"
"experiments/10_cooperative_exit_navigation_20260720/bags/shared_exit_formal_20260721/shared_exit_n2_n2_exit_comm_off_trial04_attempt01/metadata.yaml","rosbag2_metadata","3552","e129e919f957530fc93b013cfec584285f90792ad31bdf0b86beeb9a000941c7"
"experiments/10_cooperative_exit_navigation_20260720/bags/shared_exit_formal_20260721/shared_exit_n2_n2_exit_comm_off_trial04_attempt01/shared_exit_n2_n2_exit_comm_off_trial04_attempt01_0.db3","rosbag2_sqlite3","524288","0cce92e5e5e3854b1ef35197567fb4073052624a46318978bf8e7c69d888e5c2"
"experiments/10_cooperative_exit_navigation_20260720/bags/shared_exit_formal_20260721/shared_exit_n2_n2_exit_comm_off_trial05_attempt01/metadata.yaml","rosbag2_metadata","3552","bfc080da7ca2ddece847d3f739601cc2d2cbe00eef927ac064df2bfd1c17055d"
"experiments/10_cooperative_exit_navigation_20260720/bags/shared_exit_formal_20260721/shared_exit_n2_n2_exit_comm_off_trial05_attempt01/shared_exit_n2_n2_exit_comm_off_trial05_attempt01_0.db3","rosbag2_sqlite3","512000","a904f0e518fabd13305061889197323bfb9cfb8c7d17e357a080e39463da31d7"
"experiments/10_cooperative_exit_navigation_20260720/bags/shared_exit_formal_20260721/shared_exit_n2_n2_exit_comm_on_trial01_attempt01/metadata.yaml","rosbag2_metadata","6021","617fd767b1689ebff162b99eb8c4052809a8624fdc15e41df6808eee8cb041fb"
"experiments/10_cooperative_exit_navigation_20260720/bags/shared_exit_formal_20260721/shared_exit_n2_n2_exit_comm_on_trial01_attempt01/shared_exit_n2_n2_exit_comm_on_trial01_attempt01_0.db3","rosbag2_sqlite3","712704","cf63d53963b7a9f38d8197b8b409c30cedcf72ebb2683fb56eef8cafb0c3547c"
"experiments/10_cooperative_exit_navigation_20260720/bags/shared_exit_formal_20260721/shared_exit_n2_n2_exit_comm_on_trial02_attempt01/metadata.yaml","rosbag2_metadata","6021","2bc839094228c8d69baa981104eda662b7768664f7f40a1bf37fe2a16c4a1fd9"
"experiments/10_cooperative_exit_navigation_20260720/bags/shared_exit_formal_20260721/shared_exit_n2_n2_exit_comm_on_trial02_attempt01/shared_exit_n2_n2_exit_comm_on_trial02_attempt01_0.db3","rosbag2_sqlite3","708608","8216b7084370b7b24dc2855e9aee0fbc895a3f5d6a1ad630ec4a9999c196db1a"
"experiments/10_cooperative_exit_navigation_20260720/bags/shared_exit_formal_20260721/shared_exit_n2_n2_exit_comm_on_trial03_attempt01/metadata.yaml","rosbag2_metadata","6021","a3e8614978657c3e1424bbc568b5c9f323f531db7df2ece6629225eb83cee617"
"experiments/10_cooperative_exit_navigation_20260720/bags/shared_exit_formal_20260721/shared_exit_n2_n2_exit_comm_on_trial03_attempt01/shared_exit_n2_n2_exit_comm_on_trial03_attempt01_0.db3","rosbag2_sqlite3","700416","5dbad1efa35d793f6ecd0c746483b7041e1af028785667c96af0eeba43c8815c"
"experiments/10_cooperative_exit_navigation_20260720/bags/shared_exit_formal_20260721/shared_exit_n2_n2_exit_comm_on_trial04_attempt01/metadata.yaml","rosbag2_metadata","6021","b92da76600bc5a7aee4c0afd96d95a4e23b42547cfcb4d26c48c79f0a2f77b8b"
"experiments/10_cooperative_exit_navigation_20260720/bags/shared_exit_formal_20260721/shared_exit_n2_n2_exit_comm_on_trial04_attempt01/shared_exit_n2_n2_exit_comm_on_trial04_attempt01_0.db3","rosbag2_sqlite3","704512","3343804db117851e47c1607e38a872e3384acfdf3ccd4d9e2b751fd107b1b414"
"experiments/10_cooperative_exit_navigation_20260720/bags/shared_exit_formal_20260721/shared_exit_n2_n2_exit_comm_on_trial05_attempt01/metadata.yaml","rosbag2_metadata","6021","fb8c4a5b7fd0434af9d3e237ba99656f960f4a9c1810e39335d5b822c60fc895"
"experiments/10_cooperative_exit_navigation_20260720/bags/shared_exit_formal_20260721/shared_exit_n2_n2_exit_comm_on_trial05_attempt01/shared_exit_n2_n2_exit_comm_on_trial05_attempt01_0.db3","rosbag2_sqlite3","712704","6af98f629a16f5a6386d9a33ed63f87bddf3e5be0872424f8a3b82c144322a74"
"experiments/10_cooperative_exit_navigation_20260720/bags/shared_exit_n2_n2_exit_comm_off_EXCLUSIONARY_PILOT01/bag/metadata.yaml","rosbag2_metadata","3053","252619ccaad635387ff0a3cbae5d6337997f6c0dfe64fe931c03080e2de22d1a"
"experiments/10_cooperative_exit_navigation_20260720/bags/shared_exit_n2_n2_exit_comm_off_EXCLUSIONARY_PILOT01/bag/shared_exit_n2_n2_exit_comm_off_EXCLUSIONARY_PILOT01_0.db3","rosbag2_sqlite3","376832","aabe6152799712e7bb6dad94f8aa2011e779b2523a148d5391444cba0d6b6f5a"
"experiments/10_cooperative_exit_navigation_20260720/bags/shared_exit_n2_n2_exit_comm_off_EXCLUSIONARY_PILOT02/bag/metadata.yaml","rosbag2_metadata","3558","0c090933540f0f18f820f71676562f65f78ea5b15d21998f60a3198015dd8c37"
"experiments/10_cooperative_exit_navigation_20260720/bags/shared_exit_n2_n2_exit_comm_off_EXCLUSIONARY_PILOT02/bag/shared_exit_n2_n2_exit_comm_off_EXCLUSIONARY_PILOT02_0.db3","rosbag2_sqlite3","397312","01aaa86c0110049d0a8cc5703bf9058fcd9e864ad1675d1c8811dc994ab0e4f4"
"experiments/10_cooperative_exit_navigation_20260720/bags/shared_exit_n2_n2_exit_comm_off_EXCLUSIONARY_PILOT03/bag/metadata.yaml","rosbag2_metadata","3558","634acfe108a7a1115fd3b71b8ffeed77381fe81ce09b23150489e694751f1c91"
"experiments/10_cooperative_exit_navigation_20260720/bags/shared_exit_n2_n2_exit_comm_off_EXCLUSIONARY_PILOT03/bag/shared_exit_n2_n2_exit_comm_off_EXCLUSIONARY_PILOT03_0.db3","rosbag2_sqlite3","380928","f5cb757d1a9d84f455894f326fc9afa5fa56c5f680fe47385ffc910559f4bb69"
"experiments/10_cooperative_exit_navigation_20260720/bags/shared_exit_n2_n2_exit_comm_off_EXCLUSIONARY_PILOT04/metadata.yaml","rosbag2_metadata","3558","2e96bffdb9f4e83f6f89de7cbe7019a81456138033fedd3668815cfcf161d357"
"experiments/10_cooperative_exit_navigation_20260720/bags/shared_exit_n2_n2_exit_comm_off_EXCLUSIONARY_PILOT04/shared_exit_n2_n2_exit_comm_off_EXCLUSIONARY_PILOT04_0.db3","rosbag2_sqlite3","471040","f410b33e824ff5bbe2426a09b56c84fc304bb45f7d74ffd886bc77e7061dd011"
"experiments/10_cooperative_exit_navigation_20260720/bags/shared_exit_n2_n2_exit_comm_off_EXCLUSIONARY_PILOT05/metadata.yaml","rosbag2_metadata","3558","b4d301a333072adca6ae8a7fded87fe80c5002f6f785ca7bc42ded61d4fa09cf"
"experiments/10_cooperative_exit_navigation_20260720/bags/shared_exit_n2_n2_exit_comm_off_EXCLUSIONARY_PILOT05/shared_exit_n2_n2_exit_comm_off_EXCLUSIONARY_PILOT05_0.db3","rosbag2_sqlite3","466944","1f81c228acc1d88cc7c3597cbb88962b0ac452f1657b2c470c6609e77701f94c"
"experiments/10_cooperative_exit_navigation_20260720/bags/shared_exit_n2_n2_exit_comm_off_EXCLUSIONARY_PILOT06/metadata.yaml","rosbag2_metadata","3558","e78c837c622dba94feac04dfc4f04fa870da98542a3c189a8f3b81eb82735e55"
"experiments/10_cooperative_exit_navigation_20260720/bags/shared_exit_n2_n2_exit_comm_off_EXCLUSIONARY_PILOT06/shared_exit_n2_n2_exit_comm_off_EXCLUSIONARY_PILOT06_0.db3","rosbag2_sqlite3","466944","f11764f188276e9ff104109affd600e1afefee997ba247c0770d420211667a56"
"experiments/10_cooperative_exit_navigation_20260720/bags/shared_exit_n2_n2_exit_comm_off_EXCLUSIONARY_PILOT07/metadata.yaml","rosbag2_metadata","3558","8a7cd8598459f1ac2c64c31106898a10f057ea675e84b50faf3c7013b31a4704"
"experiments/10_cooperative_exit_navigation_20260720/bags/shared_exit_n2_n2_exit_comm_off_EXCLUSIONARY_PILOT07/shared_exit_n2_n2_exit_comm_off_EXCLUSIONARY_PILOT07_0.db3","rosbag2_sqlite3","561152","654fd2f3bc1f06323beabcc84fa87e3cb14e342ab53ff59b56fe850b974fa7b6"
"experiments/10_cooperative_exit_navigation_20260720/bags/shared_exit_n2_n2_exit_comm_off_EXCLUSIONARY_PILOT08/metadata.yaml","rosbag2_metadata","3562","549bc1d075edaa862f7a6ed23b7b38b3524797faf0226ca00386e68299afff2c"
"experiments/10_cooperative_exit_navigation_20260720/bags/shared_exit_n2_n2_exit_comm_off_EXCLUSIONARY_PILOT08/shared_exit_n2_n2_exit_comm_off_EXCLUSIONARY_PILOT08_0.db3","rosbag2_sqlite3","675840","cfed85363d3db0e6fe090d341cdc0e60698cf41d9631d8db3f80ca0ce4fade07"
"experiments/10_cooperative_exit_navigation_20260720/bags/shared_exit_n2_n2_exit_comm_off_EXCLUSIONARY_PILOT09/metadata.yaml","rosbag2_metadata","3560","584069f1dcb1722f498db634a430df74d5c79ad230b3f63453bf87896f45711e"
"experiments/10_cooperative_exit_navigation_20260720/bags/shared_exit_n2_n2_exit_comm_off_EXCLUSIONARY_PILOT09/shared_exit_n2_n2_exit_comm_off_EXCLUSIONARY_PILOT09_0.db3","rosbag2_sqlite3","610304","452f33fdf33e0240430613e522c1d96d313f671b9bf514bbb8a41067fe0c2a95"
"experiments/10_cooperative_exit_navigation_20260720/bags/shared_exit_n3_formal_20260722/shared_exit_n3_n3_exit_comm_off_trial01_attempt02/metadata.yaml","rosbag2_metadata","5036","7c568781964aec5fd2f9d5ed3f38ed47e0799af3b41fbcc906daa802dbd23927"
"experiments/10_cooperative_exit_navigation_20260720/bags/shared_exit_n3_formal_20260722/shared_exit_n3_n3_exit_comm_off_trial01_attempt02/shared_exit_n3_n3_exit_comm_off_trial01_attempt02_0.db3","rosbag2_sqlite3","958464","a356fb3a58e25ce7aef9a6251660996ecb32b5f66b5b127b36117432b85b6ef2"
"experiments/10_cooperative_exit_navigation_20260720/bags/shared_exit_n3_formal_20260722/shared_exit_n3_n3_exit_comm_off_trial02_attempt01/metadata.yaml","rosbag2_metadata","5034","a90fc6210f792392d689d574963117334ccbd8057a556c7a81671bd50b6c8e8d"
"experiments/10_cooperative_exit_navigation_20260720/bags/shared_exit_n3_formal_20260722/shared_exit_n3_n3_exit_comm_off_trial02_attempt01/shared_exit_n3_n3_exit_comm_off_trial02_attempt01_0.db3","rosbag2_sqlite3","835584","43bfcf80bdf82778924407644d836be1b3a891af3e0a205178c2bf8c068b48a8"
"experiments/10_cooperative_exit_navigation_20260720/bags/shared_exit_n3_formal_20260722/shared_exit_n3_n3_exit_comm_off_trial03_attempt01/metadata.yaml","rosbag2_metadata","5036","4f032250348b48250f4e4a241c84aea057a3cf68fa7f0c38d32188baf6b52bdc"
"experiments/10_cooperative_exit_navigation_20260720/bags/shared_exit_n3_formal_20260722/shared_exit_n3_n3_exit_comm_off_trial03_attempt01/shared_exit_n3_n3_exit_comm_off_trial03_attempt01_0.db3","rosbag2_sqlite3","966656","2477c07cd57287e4f7a1e52794c78c144a07d50b6d8908456d1260dec44480fe"
"experiments/10_cooperative_exit_navigation_20260720/bags/shared_exit_n3_formal_20260722/shared_exit_n3_n3_exit_comm_off_trial04_attempt03/metadata.yaml","rosbag2_metadata","5036","ebf05b71e68284f958367d9d97aef2d8d1c2001b497ccc3b75d0fc199759d2f8"
"experiments/10_cooperative_exit_navigation_20260720/bags/shared_exit_n3_formal_20260722/shared_exit_n3_n3_exit_comm_off_trial04_attempt03/shared_exit_n3_n3_exit_comm_off_trial04_attempt03_0.db3","rosbag2_sqlite3","966656","dadb5b68205218b50bc4ea1386dd34019fbb11ee7a49dbd3a3fd065b507a46ea"
"experiments/10_cooperative_exit_navigation_20260720/bags/shared_exit_n3_formal_20260722/shared_exit_n3_n3_exit_comm_off_trial05_attempt01/metadata.yaml","rosbag2_metadata","5036","501bcaa2d4861912804f5d3b07edf6567158050b7f6d116cbd558c480a023eb0"
"experiments/10_cooperative_exit_navigation_20260720/bags/shared_exit_n3_formal_20260722/shared_exit_n3_n3_exit_comm_off_trial05_attempt01/shared_exit_n3_n3_exit_comm_off_trial05_attempt01_0.db3","rosbag2_sqlite3","962560","f4a0b303f771f3169d752271d7bda13699e6cc6e588127afb05a2c37cb0e68c5"
"experiments/10_cooperative_exit_navigation_20260720/bags/shared_exit_n3_formal_20260722/shared_exit_n3_n3_exit_comm_on_trial01_attempt02/metadata.yaml","rosbag2_metadata","7075","609d5623d2b568ecb376692265c96ba88e952cc1787ad1b062d490723b22559a"
"experiments/10_cooperative_exit_navigation_20260720/bags/shared_exit_n3_formal_20260722/shared_exit_n3_n3_exit_comm_on_trial01_attempt02/shared_exit_n3_n3_exit_comm_on_trial01_attempt02_0.db3","rosbag2_sqlite3","1630208","451bd24dc26013610a3a819b3275cd2c4ea5c97627a097d4f13761c3834e7394"
"experiments/10_cooperative_exit_navigation_20260720/bags/shared_exit_n3_formal_20260722/shared_exit_n3_n3_exit_comm_on_trial02_attempt01/metadata.yaml","rosbag2_metadata","7075","2701471a653c6dee0ee4c2430f5486f8c7d6d1b1676550030d927289351c9b35"
"experiments/10_cooperative_exit_navigation_20260720/bags/shared_exit_n3_formal_20260722/shared_exit_n3_n3_exit_comm_on_trial02_attempt01/shared_exit_n3_n3_exit_comm_on_trial02_attempt01_0.db3","rosbag2_sqlite3","1617920","92ee68a34502f59277ce55b68215252295a39fdcf2aa1ffab9b94c1d36e68b96"
"experiments/10_cooperative_exit_navigation_20260720/bags/shared_exit_n3_formal_20260722/shared_exit_n3_n3_exit_comm_on_trial03_attempt01/metadata.yaml","rosbag2_metadata","7075","4db12aba0f4c67dd814ff73314bd79f5d38300daeb5a93c818103553fd632285"
"experiments/10_cooperative_exit_navigation_20260720/bags/shared_exit_n3_formal_20260722/shared_exit_n3_n3_exit_comm_on_trial03_attempt01/shared_exit_n3_n3_exit_comm_on_trial03_attempt01_0.db3","rosbag2_sqlite3","1601536","f9a369870338b2583ef51e4e3ad5a9cea7a496d49765ea4b3cc453aa69e39de6"
"experiments/10_cooperative_exit_navigation_20260720/bags/shared_exit_n3_formal_20260722/shared_exit_n3_n3_exit_comm_on_trial04_attempt03/metadata.yaml","rosbag2_metadata","7075","bf360d5d6969bdbc533c893db055f9c9a83242b169dc4aff15b2db27ce63831d"
"experiments/10_cooperative_exit_navigation_20260720/bags/shared_exit_n3_formal_20260722/shared_exit_n3_n3_exit_comm_on_trial04_attempt03/shared_exit_n3_n3_exit_comm_on_trial04_attempt03_0.db3","rosbag2_sqlite3","1630208","f96e9a7cfb8c55dbe8b7d972795b86377f9829e59978b7cd8790b96069b565f7"
"experiments/10_cooperative_exit_navigation_20260720/bags/shared_exit_n3_formal_20260722/shared_exit_n3_n3_exit_comm_on_trial05_attempt01/metadata.yaml","rosbag2_metadata","7075","c696b69d7486360d91aa4bb0a9a06798ca32fe1ea3ed44c8f8dc409d24f2a2a3"
"experiments/10_cooperative_exit_navigation_20260720/bags/shared_exit_n3_formal_20260722/shared_exit_n3_n3_exit_comm_on_trial05_attempt01/shared_exit_n3_n3_exit_comm_on_trial05_attempt01_0.db3","rosbag2_sqlite3","1634304","218b8de8e1ee90e8358c61c033799bc25bd3b28a9c06f5cc97b33ef8253ae9e6"
"experiments/3-1.局部避障锁存实验/bags/controller_v2_local_latch_20260717_static_box_pilot_a/controller_v2_local_latch_20260717_static_box_pilot_a_0.db3","rosbag2_sqlite3","16191488","5a42d04183c2e58262be7e4c391e48d0da071dcd3c9222ad42c49b03d74379d0"
"experiments/3-1.局部避障锁存实验/bags/controller_v2_local_latch_20260717_static_box_pilot_a/metadata.yaml","rosbag2_metadata","11617","4c15df2707bbc3f8dc61fe1541742c3a912a9a691fdf2d8217cddd280012a61f"
"experiments/3-1.局部避障锁存实验/bags/controller_v2_local_latch_20260717_static_box_pilot_a2/controller_v2_local_latch_20260717_static_box_pilot_a2_0.db3","rosbag2_sqlite3","10317824","d6134c2de4d534c2c7f337ac03d513e4a38a29971e3a7fd1e393f4e3f03787c8"
"experiments/3-1.局部避障锁存实验/bags/controller_v2_local_latch_20260717_static_box_pilot_a2/metadata.yaml","rosbag2_metadata","11613","36007ce4ec304672837cf337ba5027ef19627e91f50b074e20ac4b79e6914e12"
"experiments/3-2.统一遭遇避障实验/bags/controller_v3_unified_encounter_20260717_static_box_a3/controller_v3_unified_encounter_20260717_static_box_a3_0.db3","rosbag2_sqlite3","10354688","2181a4e8e64f3300566d21bba53d0d8fd271296ae4a5773e20683506be235ae1"
"experiments/3-2.统一遭遇避障实验/bags/controller_v3_unified_encounter_20260717_static_box_a3/metadata.yaml","rosbag2_metadata","11613","d53461845efb1c71facdeaffc2275c6cc802b440380e3587992dd71841a0bb17"
"experiments/3-3.全传感器避障实验/bags/controller_v4_full_sensor_bypass_20260717_combined_formal_trial01_INCOMPLETE_no_controller_log/controller_v4_full_sensor_bypass_20260717_combined_formal_trial01_0.db3","rosbag2_sqlite3","17932288","8fc837d0b6d16d5bc447a2d4e6ee7436b73dfe7d24f4e549c8db1d59f44e77b1"
"experiments/3-3.全传感器避障实验/bags/controller_v4_full_sensor_bypass_20260717_combined_formal_trial01_INCOMPLETE_no_controller_log/metadata.yaml","rosbag2_metadata","12122","1cab6a11a2796b4ef1ac7e4bb21e2fe2bf8517eeb2175c3f048e2c76b42627c3"
"experiments/3-3.全传感器避障实验/bags/controller_v4_full_sensor_bypass_20260717_combined_formal_trial01/controller_v4_full_sensor_bypass_20260717_combined_formal_trial01_0.db3","rosbag2_sqlite3","18464768","a307fc3098313c58ed978def143458a8336184b2785b34361f8287d85b501e8e"
"experiments/3-3.全传感器避障实验/bags/controller_v4_full_sensor_bypass_20260717_combined_formal_trial01/metadata.yaml","rosbag2_metadata","12124","69adf4153faf91c81ab68691ba3fde6e29fd6d1cdbefdc950dac238a41329187"
"experiments/3-3.全传感器避障实验/bags/controller_v4_full_sensor_bypass_20260717_combined_formal_trial02/controller_v4_full_sensor_bypass_20260717_combined_formal_trial02_0.db3","rosbag2_sqlite3","12578816","d7bc46a57ae4009b208a7c23ecd19e54115ec0d8858b7d3b1c1bb841ebfba88e"
"experiments/3-3.全传感器避障实验/bags/controller_v4_full_sensor_bypass_20260717_combined_formal_trial02/metadata.yaml","rosbag2_metadata","12118","11267df97445d15c5e4ac95206b7cef7584834b213973d1cb2b8bdf433eb6cde"
"experiments/3-3.全传感器避障实验/bags/controller_v4_full_sensor_bypass_20260717_combined_formal_trial03/controller_v4_full_sensor_bypass_20260717_combined_formal_trial03_0.db3","rosbag2_sqlite3","12394496","d19640c4874174284b20fa9a589b9f258fba142063196eb478e0154c65cd7aa8"
"experiments/3-3.全传感器避障实验/bags/controller_v4_full_sensor_bypass_20260717_combined_formal_trial03/metadata.yaml","rosbag2_metadata","12118","be8018da35eedd40046cd0345ded8501854928f16b0b93b9cbf573ac0f5d6d25"
"experiments/3-3.全传感器避障实验/bags/controller_v4_full_sensor_bypass_20260717_combined_formal_trial04/controller_v4_full_sensor_bypass_20260717_combined_formal_trial04_0.db3","rosbag2_sqlite3","12554240","ffc9d212fbe3f927de16d0b21a08f3f7f2a4d818371239623e965829c564311e"
"experiments/3-3.全传感器避障实验/bags/controller_v4_full_sensor_bypass_20260717_combined_formal_trial04/metadata.yaml","rosbag2_metadata","12118","bb9a4759ee7d419966494f953fc441e21af949dc73d77458b151bf9473296544"
"experiments/3-3.全传感器避障实验/bags/controller_v4_full_sensor_bypass_20260717_combined_formal_trial05/controller_v4_full_sensor_bypass_20260717_combined_formal_trial05_0.db3","rosbag2_sqlite3","12574720","3100ed021cfb885a80debd6ec35cea9939b897034198905600a8455d37804c57"
"experiments/3-3.全传感器避障实验/bags/controller_v4_full_sensor_bypass_20260717_combined_formal_trial05/metadata.yaml","rosbag2_metadata","12118","1ae6260e1ce058e50bdb13913e6890a4de2a24ddc5b12ecee9f175a8478c9352"
"experiments/3-3.全传感器避障实验/bags/controller_v4_full_sensor_bypass_20260717_combined_trial1/controller_v4_full_sensor_bypass_20260717_combined_trial1_0.db3","rosbag2_sqlite3","10575872","0cc9f9da13fc30091b9b1c1dac159636a28139ea50e58442cde5e58841c3ef97"
"experiments/3-3.全传感器避障实验/bags/controller_v4_full_sensor_bypass_20260717_combined_trial1/metadata.yaml","rosbag2_metadata","12102","a6f251e13ec6f329663da9fb65187f1d082ed418112a2ccb1455c89600482146"
"experiments/3-3.全传感器避障实验/bags/controller_v4_full_sensor_bypass_20260717_combined_trial2_timebasefix/controller_v4_full_sensor_bypass_20260717_combined_trial2_timebasefix_0.db3","rosbag2_sqlite3","12369920","9c62742c85c6cc5da62fa3bc438937970925c6c480c518072e45cb431414b2b4"
"experiments/3-3.全传感器避障实验/bags/controller_v4_full_sensor_bypass_20260717_combined_trial2_timebasefix/metadata.yaml","rosbag2_metadata","12126","939dd81d87f4217de96c47ee089254af878887dc836e1749dda9ea3fdb748407"
"experiments/3-3.全传感器避障实验/bags/controller_v4_full_sensor_bypass_20260717_comm_baseline_native_trial01/comm_baseline_native_trial01_0.db3","rosbag2_sqlite3","413696","5a2f93f38ab460ab9d3231f0d2f2d6c1311558978bcff8b8c8d32ccfc8bccbd2"
"experiments/3-3.全传感器避障实验/bags/controller_v4_full_sensor_bypass_20260717_comm_baseline_native_trial01/metadata.yaml","rosbag2_metadata","2530","1b655431fee4a6b3c1da06fa7df524970993a3de71bde4602022f9926b27a8e0"
"experiments/3-3.全传感器避障实验/bags/controller_v4_full_sensor_bypass_20260717_comm_baseline_native_trial02/comm_baseline_native_trial02_0.db3","rosbag2_sqlite3","409600","a40ec3a679d97b59b8dd88fd50e943ef86915d05547ea386cb7be47b764304bc"
"experiments/3-3.全传感器避障实验/bags/controller_v4_full_sensor_bypass_20260717_comm_baseline_native_trial02/metadata.yaml","rosbag2_metadata","2530","ade200a6fa8adff5df194145ff7f9b5744a6e37a38a326a20394f5f853589533"
"experiments/3-3.全传感器避障实验/bags/controller_v4_full_sensor_bypass_20260717_comm_baseline_trial1/controller_v4_full_sensor_bypass_20260717_comm_baseline_trial1_0.db3","rosbag2_sqlite3","9224192","9358374015bce06427eb39e673516555a6c2bd4865eae1ee2aacd0a4260fdd80"
"experiments/3-3.全传感器避障实验/bags/controller_v4_full_sensor_bypass_20260717_comm_baseline_trial1/metadata.yaml","rosbag2_metadata","13107","a8c1235dbd126f3accb19a7a54de19dbc4a16ff2b002c48affcc7e7aca1db508"
"experiments/3-3.全传感器避障实验/bags/controller_v4_full_sensor_bypass_20260717_comm_baseline_trial2/controller_v4_full_sensor_bypass_20260717_comm_baseline_trial2_0.db3","rosbag2_sqlite3","7716864","410b03c655d9b418772e65574710cb1b6698d2a0a1ad640c036c979497fecc32"
"experiments/3-3.全传感器避障实验/bags/controller_v4_full_sensor_bypass_20260717_comm_baseline_trial2/metadata.yaml","rosbag2_metadata","13106","276deec60af58ae21e15c85ec52acb06034d9023beba59ee23298c32e9121300"
"experiments/3-3.全传感器避障实验/bags/controller_v4_full_sensor_bypass_20260717_comm_baseline_trial3/controller_v4_full_sensor_bypass_20260717_comm_baseline_trial3_0.db3","rosbag2_sqlite3","417792","20d90ce1af49144d327f535c4c05762e28ad2ba8ae23aa7b3e8d6689b7f45d55"
"experiments/3-3.全传感器避障实验/bags/controller_v4_full_sensor_bypass_20260717_comm_baseline_trial3/metadata.yaml","rosbag2_metadata","3562","a03e7b8ca92fce681d0d5b449945c2bee5d65e77aa45c3061305d743785c936a"
"experiments/3-3.全传感器避障实验/bags/controller_v4_full_sensor_bypass_20260717_head_on_cpa_pure_c1/controller_v4_full_sensor_bypass_20260717_head_on_cpa_pure_c1_0.db3","rosbag2_sqlite3","7999488","858a988b7007237f3a149fefc7e29a14bbc38bd147562f87c8bd37e3f6332a90"
"experiments/3-3.全传感器避障实验/bags/controller_v4_full_sensor_bypass_20260717_head_on_cpa_pure_c1/metadata.yaml","rosbag2_metadata","12108","cad69a6e015a0304dde40b8bbb4fdf9d716ff853c1f4b17f1f58772773acef91"
"experiments/3-3.全传感器避障实验/bags/controller_v4_full_sensor_bypass_20260717_objective5_comm_baseline_zero_impairment_formal_trial01/metadata.yaml","rosbag2_metadata","3550","663ac94a2ea11a6e37dd1278863fc0ac6fdf58b723c125de3f09840c3e76227c"
"experiments/3-3.全传感器避障实验/bags/controller_v4_full_sensor_bypass_20260717_objective5_comm_baseline_zero_impairment_formal_trial01/objective5_comm_baseline_zero_impairment_formal_trial01_0.db3","rosbag2_sqlite3","692224","a3bf92812d7db3a2a6a1f139eb8ced4d93a181b8d377fe65cab20d40d6c4b5ae"
"experiments/3-3.全传感器避障实验/bags/controller_v4_full_sensor_bypass_20260717_objective5_comm_baseline_zero_impairment_formal_trial02_stamp/metadata.yaml","rosbag2_metadata","3562","4a2c2e284f4f9e12dbb371825346bfb55b507f5671be115b2e6b0d063075d0a4"
"experiments/3-3.全传感器避障实验/bags/controller_v4_full_sensor_bypass_20260717_objective5_comm_baseline_zero_impairment_formal_trial02_stamp/objective5_comm_baseline_zero_impairment_formal_trial02_stamp_0.db3","rosbag2_sqlite3","708608","1a301cc2e0a2d434b88900b47f04ed9185f898d92a4e39545726c4f9b084997e"
"experiments/3-3.全传感器避障实验/bags/controller_v4_full_sensor_bypass_20260717_objective5_timestamp_latency_validation_pilot01_condition_a_delay0/metadata.yaml","rosbag2_metadata","2606","36a87e267454141848e372e13a13c014c4b48837106d5ff1a1a91b34cf4ccb2d"
"experiments/3-3.全传感器避障实验/bags/controller_v4_full_sensor_bypass_20260717_objective5_timestamp_latency_validation_pilot01_condition_a_delay0/objective5_timestamp_latency_validation_pilot01_condition_a_delay0_0.db3","rosbag2_sqlite3","270336","fade541aaa3beb1793eee43bfe71ce2a2f443b9e5d676374a5877b1bdd3ab4c2"
"experiments/3-3.全传感器避障实验/bags/controller_v4_full_sensor_bypass_20260717_objective5_timestamp_latency_validation_pilot01_condition_b_delay025/metadata.yaml","rosbag2_metadata","2610","4f221feabd3c46a45d658c83440efe27a8b64e717896ecf212fedba7fa5cf5f6"
"experiments/3-3.全传感器避障实验/bags/controller_v4_full_sensor_bypass_20260717_objective5_timestamp_latency_validation_pilot01_condition_b_delay025/objective5_timestamp_latency_validation_pilot01_condition_b_delay025_0.db3","rosbag2_sqlite3","270336","4fc37aa91b3f8ea6f05d313dbad7f34fdc4176a28455ac288a05e61c3d25662d"
"experiments/3-3.全传感器避障实验/bags/controller_v4_full_sensor_bypass_20260717_static_box_a/controller_v4_full_sensor_bypass_20260717_static_box_a_0.db3","rosbag2_sqlite3","9977856","fe9629e95455f60c25716fa45814ef556f274fbbfccf081053f2bc24668a3c9c"
"experiments/3-3.全传感器避障实验/bags/controller_v4_full_sensor_bypass_20260717_static_box_a/metadata.yaml","rosbag2_metadata","11613","57435bfd39e334525eed75e903bd14e68b208f3c49649e1b512b1c24a419c73c"
"experiments/3-3.全传感器避障实验/bags/controller_v4_full_sensor_bypass_20260717_static_box_b/controller_v4_full_sensor_bypass_20260717_static_box_b_0.db3","rosbag2_sqlite3","10301440","e106958a636cf582a7b26eb065f7018d60903eeb6f7246fa1681d2c99ada9ba4"
"experiments/3-3.全传感器避障实验/bags/controller_v4_full_sensor_bypass_20260717_static_box_b/metadata.yaml","rosbag2_metadata","11613","42e2a6be11c791dc68cfc951c7d081a4796953d30a98fbe7c399d67917c298c3"
"experiments/3-3.全传感器避障实验/bags/controller_v4_full_sensor_bypass_20260717_static_box_c/controller_v4_full_sensor_bypass_20260717_static_box_c_0.db3","rosbag2_sqlite3","10452992","2a0f9618583d2167f82ebd4d9bc390dd5a13eca5e7f326e618cf485cfae3dfbb"
"experiments/3-3.全传感器避障实验/bags/controller_v4_full_sensor_bypass_20260717_static_box_c/metadata.yaml","rosbag2_metadata","11613","82090ad216f7aeedf98c7109177f61ba54e440fe758345d744b5a0b4b6830143"
"experiments/3-3.全传感器避障实验/bags/controller_v4_full_sensor_bypass_20260717_static_box_d/controller_v4_full_sensor_bypass_20260717_static_box_d_0.db3","rosbag2_sqlite3","10170368","e74bec366f07aa9b0c1e3a1ac588a041decca9cbf23cd26e92ff5683930eea61"
"experiments/3-3.全传感器避障实验/bags/controller_v4_full_sensor_bypass_20260717_static_box_d/metadata.yaml","rosbag2_metadata","11613","cb15b0816853a1464fc10efc5b04e91a32a74dd3dbe338cfd5b7a8682c339f84"
"experiments/3-3.全传感器避障实验/bags/controller_v4_full_sensor_bypass_20260717_static_box_fusion_a/controller_v4_full_sensor_bypass_20260717_static_box_fusion_a_0.db3","rosbag2_sqlite3","10121216","880b742f7fa787688fd1e7143f9727d803363870b7b7716d9ea1c4743ce3dcfb"
"experiments/3-3.全传感器避障实验/bags/controller_v4_full_sensor_bypass_20260717_static_box_fusion_a/metadata.yaml","rosbag2_metadata","11627","212127a46d859dc6bb04227b47d331e7295460a847351de0b744dd17899a9260"
"experiments/3-3.全传感器避障实验/bags/controller_v4_full_sensor_bypass_20260717_static_box_fusion_b2/controller_v4_full_sensor_bypass_20260717_static_box_fusion_b2_0.db3","rosbag2_sqlite3","9064448","022ee8ea4a42217159566e705178f5e7353014d128803b43e04091798f994b16"
"experiments/3-3.全传感器避障实验/bags/controller_v4_full_sensor_bypass_20260717_static_box_fusion_b2/metadata.yaml","rosbag2_metadata","11629","619ddbc9183695c751822c4f7bf9b03d3ecf6567f905f5b5eff78f072e11599d"
"experiments/3-3.全传感器避障实验/bags/controller_v4_full_sensor_bypass_20260717_static_box_fusion_b3/controller_v4_full_sensor_bypass_20260717_static_box_fusion_b3_0.db3","rosbag2_sqlite3","9404416","9a9ee3f0f3c8d359f3d75a94642891f85abd58a8b86ff6fed9eb4dfcf7e995e7"
"experiments/3-3.全传感器避障实验/bags/controller_v4_full_sensor_bypass_20260717_static_box_fusion_b3/metadata.yaml","rosbag2_metadata","11629","e411d1c603e078611135ae3b6027e9085a9a36d5bbc14c45481e263562af353f"
"experiments/cooperative_avoidance_20260716/bags/ablation_fused_head_on_realtime_formal_trial_01/ablation_fused_head_on_realtime_formal_trial_01_0.db3","rosbag2_sqlite3","11583488","256d9fcf9902561723a2788ba2266ccc3854dfe548adb654a5739a179d2aeb87"
"experiments/cooperative_avoidance_20260716/bags/ablation_fused_head_on_realtime_formal_trial_01/metadata.yaml","rosbag2_metadata","12080","e71b6c36b50b2583de42d863d7a8c3c7e81098a629d33a1c7dbfdbc8886e75d0"
"experiments/cooperative_avoidance_20260716/bags/ablation_fused_head_on_realtime_formal_trial_02/ablation_fused_head_on_realtime_formal_trial_02_0.db3","rosbag2_sqlite3","8884224","28bf48e29d041fd94315f7e927e3d67416b2cd6bd43d8fe89920b5b1c7206fc5"
"experiments/cooperative_avoidance_20260716/bags/ablation_fused_head_on_realtime_formal_trial_02/metadata.yaml","rosbag2_metadata","12082","60aac33d3d9a7154cb1c31ff27327148817ede4a7a3e0720b06fbef7e37e037b"
"experiments/cooperative_avoidance_20260716/bags/ablation_fused_head_on_realtime_formal_trial_03/ablation_fused_head_on_realtime_formal_trial_03_0.db3","rosbag2_sqlite3","8835072","591de404bd99361d72ae5049b92d9612e5dbcc4b5948b07f221b05fbb2b55dce"
"experiments/cooperative_avoidance_20260716/bags/ablation_fused_head_on_realtime_formal_trial_03/metadata.yaml","rosbag2_metadata","12082","f8507c23ead3e3f6fe0415ddce72dd5763b0f20245ac979b1ca877371373f34e"
"experiments/cooperative_avoidance_20260716/bags/ablation_fused_head_on_realtime_formal_trial_04/ablation_fused_head_on_realtime_formal_trial_04_0.db3","rosbag2_sqlite3","8884224","2e0df659cf511338ecbedb56a1bced3828800eab5dda14a5e4838b2756df4459"
"experiments/cooperative_avoidance_20260716/bags/ablation_fused_head_on_realtime_formal_trial_04/metadata.yaml","rosbag2_metadata","12082","bf85c2020f175fee9b03a30d69fed5615c7a6b21ed256ec2deac7b6d715419d5"
"experiments/cooperative_avoidance_20260716/bags/ablation_fused_head_on_realtime_formal_trial_05/ablation_fused_head_on_realtime_formal_trial_05_0.db3","rosbag2_sqlite3","8933376","406686a87d83b345cc2b7fc1e7c05a6acba0f624f5d9750aee6a020b02328ca1"
"experiments/cooperative_avoidance_20260716/bags/ablation_fused_head_on_realtime_formal_trial_05/metadata.yaml","rosbag2_metadata","12082","ca50d9071ea37d513bd34e3b0b5174066e01cb5006f0c9cfe4a5565694c30900"
"experiments/cooperative_avoidance_20260716/bags/ablation_local_only_head_on_realtime_formal_trial_01/ablation_local_only_head_on_realtime_formal_trial_01_0.db3","rosbag2_sqlite3","14520320","514bdd32f50775b5509ee6884ccfdd68daa6e86deafe04535d44eca283ed8790"
"experiments/cooperative_avoidance_20260716/bags/ablation_local_only_head_on_realtime_formal_trial_01/metadata.yaml","rosbag2_metadata","12090","55042096adaa3e55b5988a3dc0fdc719a7223dc40d1980d948bb8f0cd0ab3807"
"experiments/cooperative_avoidance_20260716/bags/ablation_local_only_head_on_realtime_formal_trial_02/ablation_local_only_head_on_realtime_formal_trial_02_0.db3","rosbag2_sqlite3","7143424","f03a957cf147c76fdaf7e26e99c3276212e1ca8e4db447cf3b7b0f45e0769b80"
"experiments/cooperative_avoidance_20260716/bags/ablation_local_only_head_on_realtime_formal_trial_02/metadata.yaml","rosbag2_metadata","12090","eeadc8aa502618cdd31ee4b3bf7c164ecc93829c190d5c491c3194d74974fb5c"
"experiments/cooperative_avoidance_20260716/bags/ablation_local_only_head_on_realtime_formal_trial_03/ablation_local_only_head_on_realtime_formal_trial_03_0.db3","rosbag2_sqlite3","7180288","556aee556ba85270ff5bb4392ba1ad029a1ffc0408d3c8ed3a4bbc2a618d43c2"
"experiments/cooperative_avoidance_20260716/bags/ablation_local_only_head_on_realtime_formal_trial_03/metadata.yaml","rosbag2_metadata","12090","795612c7aa3588df93310f64f16db0bf42294517f2d7f52ed05378c5bb1e1d92"
"experiments/cooperative_avoidance_20260716/bags/ablation_local_only_head_on_realtime_formal_trial_04/ablation_local_only_head_on_realtime_formal_trial_04_0.db3","rosbag2_sqlite3","7376896","a3db5236eb05f1fd25f063890fd68242c2a340a99de0f41c36c8b6a8aff61220"
"experiments/cooperative_avoidance_20260716/bags/ablation_local_only_head_on_realtime_formal_trial_04/metadata.yaml","rosbag2_metadata","12090","2865c88c09139f3c722614927f457a88dfc8cd8401113ed7b295817215e6a32a"
"experiments/cooperative_avoidance_20260716/bags/ablation_local_only_head_on_realtime_formal_trial_05/ablation_local_only_head_on_realtime_formal_trial_05_0.db3","rosbag2_sqlite3","7221248","562522e3188d4cd7197c2e0c8395cbe270d49c211a4601c6459160f45a2966cd"
"experiments/cooperative_avoidance_20260716/bags/ablation_local_only_head_on_realtime_formal_trial_05/metadata.yaml","rosbag2_metadata","12090","228db2683e9a69ae0161cc6fe89444e873d851a38d87973f98f02b84e7bda65a"
"experiments/cooperative_avoidance_20260716/bags/combined_local_then_peer_realtime_trial_pilot_01/combined_local_then_peer_realtime_trial_pilot_01_0.db3","rosbag2_sqlite3","8515584","a5a1352ac1b334b5c42e9fe0b9ddc653c2a47c6458499876445483040ca34614"
"experiments/cooperative_avoidance_20260716/bags/combined_local_then_peer_realtime_trial_pilot_01/metadata.yaml","rosbag2_metadata","12082","374dbce77f5d42c71759d5d50108f37e87b5bf1647c0b7c4d257c43dce903ef4"
"experiments/cooperative_avoidance_20260716/bags/combined_local_then_peer_realtime_trial_pilot_02/combined_local_then_peer_realtime_trial_pilot_02_0.db3","rosbag2_sqlite3","14061568","ace24edb6b162b424d8abf5d7a57a1959c9215f629781c670029930d62a413a0"
"experiments/cooperative_avoidance_20260716/bags/combined_local_then_peer_realtime_trial_pilot_02/metadata.yaml","rosbag2_metadata","12084","f8e85fd2d19dc83383a6b4f7811d328e2d3553e1687a25475e04a1526304ce13"
"experiments/cooperative_avoidance_20260716/bags/combined_local_then_peer_realtime_trial_pilot_03/combined_local_then_peer_realtime_trial_pilot_03_0.db3","rosbag2_sqlite3","13889536","4dda45d30773eb2976c942923ee4639f50516c38d6b605069d13f5753312ea24"
"experiments/cooperative_avoidance_20260716/bags/combined_local_then_peer_realtime_trial_pilot_03/metadata.yaml","rosbag2_metadata","12084","81bc5090d19746a1565d1770b0606393b050b456d9a26fe57d49b87da0cf931e"
"experiments/cooperative_avoidance_20260716/bags/combined_local_then_peer_realtime_trial_pilot_04/combined_local_then_peer_realtime_trial_pilot_04_0.db3","rosbag2_sqlite3","13946880","6d4226208e1ccda3464371e19717a591a452c49076c23f005074b07a4f33bd4a"
"experiments/cooperative_avoidance_20260716/bags/combined_local_then_peer_realtime_trial_pilot_04/metadata.yaml","rosbag2_metadata","12084","01bdfe7dc543320188476ebc9836c3b50d9fb78e480aeed6dbae3a27bae14889"
"experiments/cooperative_avoidance_20260716/bags/combined_wood_moving_peer_postfix_realtime_trial_pilot_fix_01/combined_wood_moving_peer_postfix_realtime_trial_pilot_fix_01_0.db3","rosbag2_sqlite3","11714560","dac723ae5eec0741bb62143f838000e89156b3f754acf02d2c6b2d096abfae2f"
"experiments/cooperative_avoidance_20260716/bags/combined_wood_moving_peer_postfix_realtime_trial_pilot_fix_01/metadata.yaml","rosbag2_metadata","12110","b562fb845f45b32c29a25f6d60f238f678a27cd9473a8675293f4da782b7c7d3"
"experiments/cooperative_avoidance_20260716/bags/combined_wood_moving_peer_postfix_realtime_trial_pilot_fix_02/combined_wood_moving_peer_postfix_realtime_trial_pilot_fix_02_0.db3","rosbag2_sqlite3","11259904","e8daee298127ee386f8c4117d56ea39c584911c22890d540a2674bab99531c92"
"experiments/cooperative_avoidance_20260716/bags/combined_wood_moving_peer_postfix_realtime_trial_pilot_fix_02/metadata.yaml","rosbag2_metadata","12110","727b28f50e7389158c09807999c6ca72df3e0767311dc50ede358de10ef20a03"
"experiments/cooperative_avoidance_20260716/bags/combined_wood_moving_peer_postfix_realtime_trial_pilot_fix_03/combined_wood_moving_peer_postfix_realtime_trial_pilot_fix_03_0.db3","rosbag2_sqlite3","13139968","09c483994013568a9b911ecc18369ad57b3bd2a08ce102e47855dab479168966"
"experiments/cooperative_avoidance_20260716/bags/combined_wood_moving_peer_postfix_realtime_trial_pilot_fix_03/metadata.yaml","rosbag2_metadata","12110","0d892d84fe1cb9d4bebb24715b9e9c2eab234c24156a37df4b919528389bf284"
"experiments/cooperative_avoidance_20260716/bags/combined_wood_moving_peer_realtime_trial_01/combined_wood_moving_peer_realtime_trial_01_0.db3","rosbag2_sqlite3","14147584","5b247b8dfbce1fe97887940481a42f8f283de2c3b85d45d94b6cd8917bea6034"
"experiments/cooperative_avoidance_20260716/bags/combined_wood_moving_peer_realtime_trial_01/metadata.yaml","rosbag2_metadata","12074","acbef7825f9d020077476d626824ed80b45d7ec9b190c45add6355273e1be73c"
"experiments/cooperative_avoidance_20260716/bags/combined_wood_moving_peer_realtime_trial_pilot_01/combined_wood_moving_peer_realtime_trial_pilot_01_0.db3","rosbag2_sqlite3","14950400","8eb8b6ee47e6c6947ecfc0e04d9bb6efcc48669d5604ac80edde88989a75be70"
"experiments/cooperative_avoidance_20260716/bags/combined_wood_moving_peer_realtime_trial_pilot_01/metadata.yaml","rosbag2_metadata","12086","828887e84dc8a631f857055b99f7bf41bb4f1db0e9b0d025744805a4d6bce65f"
"experiments/cooperative_avoidance_20260716/bags/combined_wood_moving_peer_realtime_trial_pilot_02/combined_wood_moving_peer_realtime_trial_pilot_02_0.db3","rosbag2_sqlite3","10698752","213d695f478ea4736e791915b032f5c3994b25b90c5e20a199b7d1f9b762713d"
"experiments/cooperative_avoidance_20260716/bags/combined_wood_moving_peer_realtime_trial_pilot_02/metadata.yaml","rosbag2_metadata","12086","a212a7abece2cbed3e8297a4423d5587bd7746633292ff85437b64c3decb1580"
"experiments/cooperative_avoidance_20260716/bags/crossing_90_realtime_formal_trial_01/crossing_90_realtime_formal_trial_01_0.db3","rosbag2_sqlite3","6574080","e7ed8cfab62ded3f9247124d02cfc3132ccde6c53f2444548258aefe1243cbac"
"experiments/cooperative_avoidance_20260716/bags/crossing_90_realtime_formal_trial_01/metadata.yaml","rosbag2_metadata","3472","e667e4cecbceb6b25899a868106c6072aab27e7f3d857c19228e499f2391ade5"
"experiments/cooperative_avoidance_20260716/bags/crossing_90_realtime_formal_trial_02/crossing_90_realtime_formal_trial_02_0.db3","rosbag2_sqlite3","5275648","bb11651bf3f6bf8b9fc8d5d2b35c7cdc0c8b5dee95640554a4cffa154def0948"
"experiments/cooperative_avoidance_20260716/bags/crossing_90_realtime_formal_trial_02/metadata.yaml","rosbag2_metadata","3472","bf2110ed73febca60f28ebbf94a2d67778d44a6ff0f9b9f99f69868303865264"
"experiments/cooperative_avoidance_20260716/bags/crossing_90_realtime_formal_trial_03/crossing_90_realtime_formal_trial_03_0.db3","rosbag2_sqlite3","5378048","25206b50f6b7b1f4d639d71c5e2c642dbe154626581ca1e63309bf9406a36ee4"
"experiments/cooperative_avoidance_20260716/bags/crossing_90_realtime_formal_trial_03/metadata.yaml","rosbag2_metadata","3472","ab323b398090fc26769e1c2ba03bcf51857264d92cc851bbc8d4702d64b306cc"
"experiments/cooperative_avoidance_20260716/bags/crossing_90_realtime_formal_trial_04/crossing_90_realtime_formal_trial_04_0.db3","rosbag2_sqlite3","5435392","f2f645c77eaa5e4873ed94d8d1cfb98ee80d16c418d8f02a1f4a290aa0611d75"
"experiments/cooperative_avoidance_20260716/bags/crossing_90_realtime_formal_trial_04/metadata.yaml","rosbag2_metadata","3472","d06114edb9a111f80782efeaad3ab6c005fee5ec45ebf6f89ca57c5d96eb57a7"
"experiments/cooperative_avoidance_20260716/bags/crossing_90_realtime_formal_trial_05/crossing_90_realtime_formal_trial_05_0.db3","rosbag2_sqlite3","5349376","a688b8586b6d9736cbc08ffdd38681005688c0d39d49e84c54c8b217cc3e11f7"
"experiments/cooperative_avoidance_20260716/bags/crossing_90_realtime_formal_trial_05/metadata.yaml","rosbag2_metadata","3472","7fbb9e836818d0b8bf8a4abde09506f5f419847a994a39a2533018cd53395f80"
"experiments/cooperative_avoidance_20260716/bags/head_on_centered_realtime_formal_trial_01/head_on_centered_realtime_formal_trial_01_0.db3","rosbag2_sqlite3","8511488","4901411fed6e80b3a9b7919e13a02ea5242c92f9c1ca803e94678f331c17e270"
"experiments/cooperative_avoidance_20260716/bags/head_on_centered_realtime_formal_trial_01/metadata.yaml","rosbag2_metadata","3484","a4d62e47d3c1e27c5b13a2191951da3969aa296b1500c4c8b12a31704b61032f"
"experiments/cooperative_avoidance_20260716/bags/head_on_centered_realtime_formal_trial_02/head_on_centered_realtime_formal_trial_02_0.db3","rosbag2_sqlite3","4755456","e05d0aaae224a6257aa392f13444c9dc081274d1f971aa3b15236ce9c5789149"
"experiments/cooperative_avoidance_20260716/bags/head_on_centered_realtime_formal_trial_02/metadata.yaml","rosbag2_metadata","3482","f03f4e4f412327cc9fe7a1b7714de8c9c76bd43ecd6059e1dc292786c3905bc9"
"experiments/cooperative_avoidance_20260716/bags/head_on_centered_realtime_formal_trial_03/head_on_centered_realtime_formal_trial_03_0.db3","rosbag2_sqlite3","4857856","3186a43fd2e72c4a70cf7740a89a3d1e919349a32d72459de68930f1cfa63162"
"experiments/cooperative_avoidance_20260716/bags/head_on_centered_realtime_formal_trial_03/metadata.yaml","rosbag2_metadata","3482","8d0485f6eee718069a5abd04ff010b569708ec2076b2db24c19cf0e3360a790b"
"experiments/cooperative_avoidance_20260716/bags/head_on_centered_realtime_formal_trial_04/head_on_centered_realtime_formal_trial_04_0.db3","rosbag2_sqlite3","4882432","de43b266e64812bccba7447f2dacbc0e849a1211fd9ded852b950d4ddfc22f03"
"experiments/cooperative_avoidance_20260716/bags/head_on_centered_realtime_formal_trial_04/metadata.yaml","rosbag2_metadata","3482","4c72fb56b7b836234878e2bb78307a2810aae6053c92fb6e76dd05f567c274a3"
"experiments/cooperative_avoidance_20260716/bags/head_on_centered_realtime_formal_trial_05/head_on_centered_realtime_formal_trial_05_0.db3","rosbag2_sqlite3","4947968","7ba0a45310a5a5b72fb768a96fa59db26b7163bdb425eafb12395370a6d9a393"
"experiments/cooperative_avoidance_20260716/bags/head_on_centered_realtime_formal_trial_05/metadata.yaml","rosbag2_metadata","3482","df8daaf35d002ca43428e2706a68f3b19e98b622fc59f7cd3c3fd1c7282d15c3"
"experiments/cooperative_avoidance_20260716/bags/head_on_cpa_only_trial_01/head_on_cpa_only_trial_01_0.db3","rosbag2_sqlite3","16580608","0f4c824a9f45a9f4770e45f93380951d872b5f60fad5322930d4bba16cd81f6c"
"experiments/cooperative_avoidance_20260716/bags/head_on_cpa_only_trial_01/metadata.yaml","rosbag2_metadata","3452","88fd168cdf85bf94484620578209edbe4adb5cd56d2a60f6ad97bfcff6a4d9ef"
"experiments/cooperative_avoidance_20260716/bags/head_on_cpa_only_trial_02_postfix/head_on_cpa_only_trial_02_postfix_0.db3","rosbag2_sqlite3","10280960","3f58272e0eabc10f3e012c05506c3d02de28f53bc9c4ffacfae72deb27db2725"
"experiments/cooperative_avoidance_20260716/bags/head_on_cpa_only_trial_02_postfix/metadata.yaml","rosbag2_metadata","3468","218d34c5401f6d1512416884eed6935e220a001b941fc3e62227ded50858b7e3"
"experiments/cooperative_avoidance_20260716/bags/head_on_cpa_only_trial_03_postfix/head_on_cpa_only_trial_03_postfix_0.db3","rosbag2_sqlite3","19652608","29220d7217330026b708e2c32496c08b9e94f3c31102f20f0f94d72b37641eff"
"experiments/cooperative_avoidance_20260716/bags/head_on_cpa_only_trial_03_postfix/metadata.yaml","rosbag2_metadata","3470","eeedf5682a540428e16e740d5d31c0ec70bb56636b6d9f05571d13378f669c34"
"experiments/cooperative_avoidance_20260716/bags/head_on_cpa_only_trial_04_postfix/head_on_cpa_only_trial_04_postfix_0.db3","rosbag2_sqlite3","16732160","9099f1abf8bcaa857be531299adc31cea9391c0ee0a66e7f4ac865a41df90a9a"
"experiments/cooperative_avoidance_20260716/bags/head_on_cpa_only_trial_04_postfix/metadata.yaml","rosbag2_metadata","3468","4a1a6849a2cbf310479c64590c4517fdcebbfe79916590eb70d60172b428afa9"
"experiments/cooperative_avoidance_20260716/bags/head_on_cpa_only_trial_05_postfix/head_on_cpa_only_trial_05_postfix_0.db3","rosbag2_sqlite3","8855552","e3bf0b063860410c46f15e26232ccd52712ee14f62eb7dc9f325b7b344b9c2db"
"experiments/cooperative_avoidance_20260716/bags/head_on_cpa_only_trial_05_postfix/metadata.yaml","rosbag2_metadata","3468","332a9b40eac473da583d1fbfd8d14cba5806be9c9b4d24eb314dc090765d2833"
"experiments/cooperative_avoidance_20260716/bags/head_on_cpa_only_trial_06_postfix/head_on_cpa_only_trial_06_postfix_0.db3","rosbag2_sqlite3","14221312","211bd13ffa2cf039a6ee2bd106f3a3b69dd30e238df1f28cd5e90b551d89b4bd"
"experiments/cooperative_avoidance_20260716/bags/head_on_cpa_only_trial_06_postfix/metadata.yaml","rosbag2_metadata","3468","6fff819594f8790e37c826c03748c633f0a9c2a69322d17a52a312442117b388"
"experiments/cooperative_avoidance_20260716/bags/head_on_offset_040_automation_interrupted_trial_02/head_on_offset_040_formal_trial_02_0.db3","rosbag2_sqlite3","5066752","d20d7245b8f64183ba526470a4dd30855d3fd8ab0bae91fbd76925dc2f037bfd"
"experiments/cooperative_avoidance_20260716/bags/head_on_offset_040_automation_interrupted_trial_02/metadata.yaml","rosbag2_metadata","3468","ab77e0c460ebb7a0bee81bd0697a97f214b12d92b8d47fea5feeb046433a2533"
"experiments/cooperative_avoidance_20260716/bags/head_on_offset_040_automation_realtime_timeout_trial_02/head_on_offset_040_formal_trial_02_0.db3","rosbag2_sqlite3","5226496","62f9918c9301ca0e7837fe10dc5f1fc2212cf6bd963d9333e073bcf47381b8f2"
"experiments/cooperative_avoidance_20260716/bags/head_on_offset_040_automation_realtime_timeout_trial_02/metadata.yaml","rosbag2_metadata","3468","44b0fe7ce9f578f1e7326547d727fcc3f99d2a074208edf73e391fc125fae32f"
"experiments/cooperative_avoidance_20260716/bags/head_on_offset_040_automation_slow_trial_02/head_on_offset_040_formal_trial_02_0.db3","rosbag2_sqlite3","5283840","9192f52201ce424bdde5314cba6938ac98cff0517197bc0abf652dfb0dd0b496"
"experiments/cooperative_avoidance_20260716/bags/head_on_offset_040_automation_slow_trial_02/metadata.yaml","rosbag2_metadata","3468","4f2cb34ef5dc9da9accd24262c4e3d7e0c8a7ee0ae40752c86d6bd56031f9422"
"experiments/cooperative_avoidance_20260716/bags/head_on_offset_040_formal_trial_01/head_on_offset_040_formal_trial_01_0.db3","rosbag2_sqlite3","7217152","b0265cd892d8aa6af6f896f1ee9ac35105b54f54af066b9fc20e59c84e748568"
"experiments/cooperative_avoidance_20260716/bags/head_on_offset_040_formal_trial_01/metadata.yaml","rosbag2_metadata","3470","18ceab18827b9cfceada6fc3bd2937a8e4ed70fa9daf37318ac672c53081eb1d"
"experiments/cooperative_avoidance_20260716/bags/head_on_offset_040_pilot_trial_01/head_on_offset_040_pilot_trial_01_0.db3","rosbag2_sqlite3","21151744","82c0c7700dc8d77b7e85e4682181c91d4b19a6a9c713f28aca02f38d09ff19c0"
"experiments/cooperative_avoidance_20260716/bags/head_on_offset_040_pilot_trial_01/metadata.yaml","rosbag2_metadata","3470","c57eda862b3fe23eaf3729bbec3c9fe3a0969cf7b306c35628695cd0996c1435"
"experiments/cooperative_avoidance_20260716/bags/head_on_offset_040_realtime_cross_session_invalid_trial_02/head_on_offset_040_realtime_formal_trial_02_0.db3","rosbag2_sqlite3","9097216","a723c125fc79026ce6f406433e87812c9694aaaccb640c19da1e7906891c1083"
"experiments/cooperative_avoidance_20260716/bags/head_on_offset_040_realtime_cross_session_invalid_trial_02/metadata.yaml","rosbag2_metadata","4094","088babf2ed150e688f7b93bd3eb549906c179aac1c1ecc6a3e1ca7e92d414be6"
"experiments/cooperative_avoidance_20260716/bags/head_on_offset_040_realtime_formal_trial_01/head_on_offset_040_realtime_formal_trial_01_0.db3","rosbag2_sqlite3","4612096","ddaee36332e94db4cd0faa2917583fcd8f255fe8f71c2d5d14a87e5ffe56f77c"
"experiments/cooperative_avoidance_20260716/bags/head_on_offset_040_realtime_formal_trial_01/metadata.yaml","rosbag2_metadata","3484","811ed2051983190bd183602e7e9966a5ec8d4204df193670c0eded7be176062f"
"experiments/cooperative_avoidance_20260716/bags/head_on_offset_040_realtime_formal_trial_02/head_on_offset_040_realtime_formal_trial_02_0.db3","rosbag2_sqlite3","4644864","2b1a6a0b70c6fae6f54cd74e9349e51d967ad03de8bd87668a1ee40b7e430374"
"experiments/cooperative_avoidance_20260716/bags/head_on_offset_040_realtime_formal_trial_02/metadata.yaml","rosbag2_metadata","3484","35b8d82c52c0ac18751ee75003fafae7202e8ed36d132bac57abb9452db76acf"
"experiments/cooperative_avoidance_20260716/bags/head_on_offset_040_realtime_formal_trial_03/head_on_offset_040_realtime_formal_trial_03_0.db3","rosbag2_sqlite3","4562944","61c2c40a58fe6d4bca3a7605be8caf218b5a472f81dcf9b894d26e5a7b7b2a0b"
"experiments/cooperative_avoidance_20260716/bags/head_on_offset_040_realtime_formal_trial_03/metadata.yaml","rosbag2_metadata","3484","b0b60d14c9db2f7ae1598ad7621789b55b671f5952a17b4add3fa6c1190bca86"
"experiments/cooperative_avoidance_20260716/bags/head_on_offset_040_realtime_formal_trial_04/head_on_offset_040_realtime_formal_trial_04_0.db3","rosbag2_sqlite3","4579328","efbe826d81084f8e3157f3d782039bcfcf24723628660c1f4517ad0d25bd2bf8"
"experiments/cooperative_avoidance_20260716/bags/head_on_offset_040_realtime_formal_trial_04/metadata.yaml","rosbag2_metadata","3484","ff88d8fa080a7a229164da98ff050e221b4d121dc70161fc3928876cd1a864df"
"experiments/cooperative_avoidance_20260716/bags/head_on_offset_040_realtime_formal_trial_05/head_on_offset_040_realtime_formal_trial_05_0.db3","rosbag2_sqlite3","4476928","6e4101e1657ce4131d1b2ac8336f703d7347b6e1c649a8abf1429f510b0bc777"
"experiments/cooperative_avoidance_20260716/bags/head_on_offset_040_realtime_formal_trial_05/metadata.yaml","rosbag2_metadata","3484","91a5b4856723e497e04e610fc610787786823cc5157debd48c8a7322768a9bb0"
"experiments/cooperative_avoidance_20260716/bags/head_on_offset_040_realtime_validation_01/head_on_offset_040_realtime_validation_01_0.db3","rosbag2_sqlite3","4444160","1fdb891f8d078734d13c44103291a3d4ff66d7abe2c628805606a3af05dc55ce"
"experiments/cooperative_avoidance_20260716/bags/head_on_offset_040_realtime_validation_01/metadata.yaml","rosbag2_metadata","3480","7b46538962bc5f89244dd210658ea52694ee7a3d9c81e12cac609ac42e888bf8"
"experiments/cooperative_avoidance_20260716/bags/head_on_trial_01/head_on_trial_01_0.db3","rosbag2_sqlite3","4861952","20238bcac3a22bcd4e4a545978295a89b3648e267eb2b0353c7d8d2413653fd8"
"experiments/cooperative_avoidance_20260716/bags/head_on_trial_01/metadata.yaml","rosbag2_metadata","3430","c1c97606ec59d0c86efc330e4428f88f16960e2b9b624b692ea7c9cb8166f81f"
"experiments/cooperative_avoidance_20260716/bags/head_on_trial_02_recovery/head_on_trial_02_recovery_0.db3","rosbag2_sqlite3","4472832","c5e8248426ffd98dbd4f3da7aa35f79d757c084844f4a94f83a1963329a1070e"
"experiments/cooperative_avoidance_20260716/bags/head_on_trial_02_recovery/metadata.yaml","rosbag2_metadata","3448","2708e3c2a31268e7743b57e4d79ac1f41db26f88d1a08848addf919e0c9d4ef6"
"experiments/cooperative_avoidance_20260716/bags/head_on_trial_03_corrected/head_on_trial_03_corrected_0.db3","rosbag2_sqlite3","4857856","dbbc1e8135b81c0ca1f983745da0465cfc1aa5fa719c384de6461209ee8b4a48"
"experiments/cooperative_avoidance_20260716/bags/head_on_trial_03_corrected/metadata.yaml","rosbag2_metadata","3450","b4d620a5bb5d71736c2e5fda01520c93c1ce90bdf18b9f6268c11597f01cde58"
"experiments/cooperative_avoidance_20260716/bags/head_on_trial_04_smoothed/head_on_trial_04_smoothed_0.db3","rosbag2_sqlite3","7979008","8e1d813b0fc3f83eb49394c20132755f9b13ee1032067a4675545d782749eb08"
"experiments/cooperative_avoidance_20260716/bags/head_on_trial_04_smoothed/metadata.yaml","rosbag2_metadata","3452","3c7c86fc7f2dcb49edecc3db65e4c27d46017af62f96f315dd7a36e4799c30f8"
"experiments/cooperative_avoidance_20260716/bags/head_on_trial_05_smoothed_recovery/head_on_trial_05_smoothed_recovery_0.db3","rosbag2_sqlite3","6893568","bd75de1c805569a6c329a9dd0195a0e0b43fa42f20309bddd6c86ec9cdf276e7"
"experiments/cooperative_avoidance_20260716/bags/head_on_trial_05_smoothed_recovery/metadata.yaml","rosbag2_metadata","3468","2b6c2c6978a916fe14e5deb33e649454d2a07d0697463a96d7a4692918f382fa"
"experiments/fusion_static_neighbor_20260716/bags/local_static_long_trial_02/local_static_long_trial_02_0.db3","rosbag2_sqlite3","28372992","390f8d2825901c10d3cd07d284a6b0050bcc9a1f14145c088d64e44279a106a3"
"experiments/fusion_static_neighbor_20260716/bags/local_static_long_trial_02/metadata.yaml","rosbag2_metadata","7277","f3075e83ad2d5d710e4d45a65c55f55a816562e4af327eb4c622815102c711e7"
"experiments/fusion_static_neighbor_20260716/bags/local_static_long_trial_03/local_static_long_trial_03_0.db3","rosbag2_sqlite3","129138688","1e2439004330c303fd59221a931917f63e4b1073ff494e9c24039aa971b19e5c"
"experiments/fusion_static_neighbor_20260716/bags/local_static_long_trial_03/metadata.yaml","rosbag2_metadata","7282","36645758f52f4c94a1224c2a94b1c9bd21b99593f6df8032932ca70adc838e02"
"experiments/fusion_static_neighbor_20260716/bags/local_static_long_trial_04/local_static_long_trial_04_0.db3","rosbag2_sqlite3","24358912","e91c3c1dd0d72c9275ace3b60334e06523ff3e15c96116401b8d5efc079f289f"
"experiments/fusion_static_neighbor_20260716/bags/local_static_long_trial_04/metadata.yaml","rosbag2_metadata","7266","254663454862e293bf8985007f59f95caf295d0e9d7807070a7d1ef2e81cb92b"
"experiments/fusion_static_neighbor_20260716/bags/local_static_long_trial_05/local_static_long_trial_05_0.db3","rosbag2_sqlite3","25751552","2c013b3c59fcb6bbe8f1a42bca00a5740c96029cb88f0f9f32e7397667bc96a0"
"experiments/fusion_static_neighbor_20260716/bags/local_static_long_trial_05/metadata.yaml","rosbag2_metadata","7277","4ca702e37b25b498f1ac54ad0de6951bf88ebfde783c78a27e1e07cfc5ff411b"
"experiments/fusion_static_neighbor_20260716/bags/local_static_long_trial_06/local_static_long_trial_06_0.db3","rosbag2_sqlite3","18374656","7422f284280e81da98cd873b1ee61051d39a63636166993e2b3b738c35df7e7f"
"experiments/fusion_static_neighbor_20260716/bags/local_static_long_trial_06/metadata.yaml","rosbag2_metadata","7264","e5e49b9a00155a8f3c281b6f807ac2cc8e102e68b1eeae0172c5fee92ead1813"
"experiments/fusion_static_neighbor_20260716/bags/local_static_long_trial_07/local_static_long_trial_07_0.db3","rosbag2_sqlite3","17113088","569d535fbd5580bd04b7d64b815865b7a3a2cede941c0b062eee5e2d76d37f83"
"experiments/fusion_static_neighbor_20260716/bags/local_static_long_trial_07/metadata.yaml","rosbag2_metadata","7264","7e2dfd61a2e58a6b52ad9657f867aee751f1330dbb937c9cfc445946ef30ba6a"
"experiments/fusion_static_neighbor_20260716/bags/local_static_trial_01/local_static_trial_01_0.db3","rosbag2_sqlite3","6975488","6ed2642555b5794a04de3ceda83d4c955401932ff5c3b40b2f3cf2fcbf284f33"
"experiments/fusion_static_neighbor_20260716/bags/local_static_trial_01/metadata.yaml","rosbag2_metadata","6775","2867aff9b5916a8ed56631fa4010f3fc1952f2512343e3b865005182c11b6986"
